SIS ID,Sequence,Family,Scientific name,Common name,RL_Category_2026
22725708,12120,Nightjars,Caprimulgus macrurus,Large-tailed Nightjar,LC
22712001,84040,Tits and chickadees,Melanochlora sultanea,Sultan Tit,LC
22698128,23920,"Petrels, Shearwaters",Pachyptila crassirostris,Fulmar Prion,LC
103661247,58190,Ground-antbirds,Formicarius moniliger,Mayan Antthrush,LC
22680459,5040,"Ducks, Geese, Swans",Bucephala islandica,Barrow's Goldeneye,LC
22680153,5840,"Ducks, Geese, Swans",Mareca falcata,Falcated Duck,LC
22680170,5890,"Ducks, Geese, Swans",Anas sparsa,African Black Duck,LC
22690074,6690,"Pigeons, Doves",Columba rupestris,Hill Pigeon,LC
154619546,7510,"Pigeons, Doves",Turacoena manadensis,White-faced Cuckoo-Dove,LC
22690667,8720,"Pigeons, Doves",Phaps chalcoptera,Common Bronzewing,LC
22725560,9260,"Pigeons, Doves",Treron pompadora,Sri Lanka Green-pigeon,LC
22726279,9270,"Pigeons, Doves",Treron chloropterus,Andaman Green-pigeon,NT
22691622,9580,"Pigeons, Doves",Ducula mindorensis,Mindoro Imperial-pigeon,NT
22691705,9800,"Pigeons, Doves",Ducula rosacea,Pink-headed Imperial-pigeon,NT
22691699,9810,"Pigeons, Doves",Ducula whartoni,Christmas Island Imperial-pigeon,LC
22691739,9830,"Pigeons, Doves",Ducula latrans,Barking Imperial-pigeon,LC
22691749,9850,"Pigeons, Doves",Ducula bakeri,Vanuatu Imperial-pigeon,LC
22691322,10130,"Pigeons, Doves",Ramphiculus merrilli,Cream-bellied Fruit-dove,NT
22686894,12660,Treeswifts,Hemiprocne longipennis,Grey-rumped Treeswift,LC
22686461,12710,Swifts,Cypseloides storeri,White-fronted Swift,DD
22686825,13840,Swifts,Apus sladeniae,Fernando Po Swift,DD
22688059,15210,Hummingbirds,Aglaiocercus coelestis,Violet-tailed Sylph,LC
22688130,15790,Hummingbirds,Loddigesia mirabilis,Marvelous Spatuletail,NT
22687618,18030,Hummingbirds,Amazilis amazilia,Amazilia Hummingbird,LC
22684184,18580,Cuckoos,Coua verreauxi,Verreaux's Coua,LC
22684188,18590,Cuckoos,Coua caerulea,Blue Coua,LC
22684254,18890,Cuckoos,Centropus bengalensis,Lesser Coucal,LC
22684198,18900,Cuckoos,Centropus violaceus,Violaceous Coucal,LC
22683800,19150,Cuckoos,Clamator jacobinus,Jacobin Cuckoo,LC
22683866,20010,Cuckoos,Cuculus clamosus,Black Cuckoo,LC
22683873,20030,Cuckoos,Cuculus canorus,Common Cuckoo,LC
22692556,20570,"Rails, Gallinules, Coots",Laterallus rogersi,Inaccessible Island Rail,VU
22692486,20680,"Rails, Gallinules, Coots",Rallus antarcticus,Austral Rail,VU
22692384,20860,"Rails, Gallinules, Coots",Gallirallus australis,Weka,VU
22693130,29150,"Sandpipers, Snipes, Phalaropes",Gallinago imperialis,Imperial Snipe,NT
22693078,29190,"Sandpipers, Snipes, Phalaropes",Gallinago hardwickii,Latham's Snipe,NT
22693289,29440,"Sandpipers, Snipes, Phalaropes",Tringa brevipes,Grey-tailed Tattler,LC
22693235,29470,"Sandpipers, Snipes, Phalaropes",Tringa flavipes,Lesser Yellowlegs,VU
22693231,29500,"Sandpipers, Snipes, Phalaropes",Tringa melanoleuca,Greater Yellowlegs,NT
22694152,29950,"Coursers, Pratincoles",Glareola lactea,Little Pratincole,LC
22694918,31350,Auks,Aethia pygmaea,Whiskered Auklet,LC
62023823,31900,Typical Owls,Ninox leucopsis,Tasmanian Boobook,LC
22689496,31920,Typical Owls,Ninox albifacies,Laughing Owl,EX
22730062,31930,Typical Owls,Ninox sumbaensis,Least Boobook,EN
61859106,33030,Typical Owls,Otus lempiji,Sunda Scops-owl,LC
22727655,33050,Typical Owls,Otus megalotis,Luzon Lowland Scops-owl,LC
22688686,33340,Typical Owls,Otus capnodes,Anjouan Scops-owl,EN
155660662,33890,Typical Owls,Megascops asio,Eastern Screech-owl,LC
22689066,34180,Typical Owls,Strix ocellata,Mottled Wood-owl,LC
216709698,34460,Typical Owls,Bubo africanus,Spotted Eagle-owl,LC
61741660,34480,Typical Owls,Bubo cinerascens,Greyish Eagle-owl,LC
22730030,34490,Typical Owls,Bubo poensis,Fraser's Eagle-owl,LC
22695180,35300,"Hawks, Eagles",Neophron percnopterus,Egyptian Vulture,EN
22696116,35830,"Hawks, Eagles",Polemaetus bellicosus,Martial Eagle,EN
22695581,36640,"Hawks, Eagles",Accipiter minullus,Little Sparrowhawk,LC
22695585,36650,"Hawks, Eagles",Accipiter gularis,Japanese Sparrowhawk,LC
22695588,36660,"Hawks, Eagles",Accipiter virgatus,Besra,LC
22695072,37140,"Hawks, Eagles",Milvus milvus,Red Kite,LC
22695849,37420,"Hawks, Eagles",Buteogallus solitarius,Black Solitary Eagle,NT
22695970,37710,"Hawks, Eagles",Buteo regalis,Ferruginous Hawk,LC
22682851,37990,Trogons,Harpactes oreskios,Orange-breasted Trogon,LC
61686959,38280,Trogons,Trogon violaceus,Violaceous Trogon,LC
22698577,52890,New Zealand wrens,Acanthisitta chloris,Rifleman,LC
22698608,53160,Pittas,Hydrornis oatesi,Rusty-naped Pitta,LC
102998975,53430,Pittas,Pitta morotaiensis,Morotai Pitta,NT
22698640,53450,Pittas,Pitta superba,Superb Pitta,EN
22701439,54260,Typical Antbirds,Myrmotherula klagesi,Klages's Antwren,VU
22701415,54550,Typical Antbirds,Thamnomanes ardesiacus,Dusky-throated Antshrike,LC
22736163,56230,Typical Antbirds,Myrmelastes brunneiceps,Brownish-headed Antbird,LC
22703505,57900,Tapaculos,Scytalopus vicinior,Narino Tapaculo,LC
22702000,58470,Ovenbirds,Geositta antarctica,Short-billed Miner,LC
22702088,59900,Ovenbirds,Cinclodes oustaleti,Grey-flanked Cinclodes,LC
22701125,62400,Manakins,Xenopipo atronitens,Black Manakin,LC
22701165,62410,Manakins,Heterocercus aurantiivertex,Orange-crested Manakin,LC
22701147,62660,Manakins,Chloropipo flavicapilla,Yellow-headed Manakin,VU
22700868,63500,Cotingas,Porphyrolaema porphyrolaema,Purple-throated Cotinga,LC
22698893,65180,Tyrant-flycatchers,Hemitriccus minimus,Zimmer's Tody-tyrant,LC
22698941,65190,Tyrant-flycatchers,Hemitriccus granadensis,Black-throated Tody-tyrant,LC
22699075,66340,Tyrant-flycatchers,Phyllomyias zeledoni,White-fronted Tyrannulet,LC
22699393,66600,Tyrant-flycatchers,Anairetes reguloides,Pied-crested Tit-tyrant,LC
22699668,66900,Tyrant-flycatchers,Myiophobus flavicans,Flavescent Flycatcher,LC
22699674,66920,Tyrant-flycatchers,Myiophobus inornatus,Unadorned Flycatcher,LC
22700274,67200,Tyrant-flycatchers,Fluvicola pica,Pied Water-tyrant,LC
22700284,67220,Tyrant-flycatchers,Fluvicola nengeta,Masked Water-tyrant,LC
22700223,67430,Tyrant-flycatchers,Knipolegus hudsoni,Hudson's Black-tyrant,LC
103683096,67450,Tyrant-flycatchers,Knipolegus heterogyna,White-rumped Black-tyrant,LC
22699889,67970,Tyrant-flycatchers,Sayornis saya,Say's Phoebe,LC
22705793,81050,Crows and jays,Urocissa caerulea,Taiwan Blue Magpie,LC
22705802,81070,Crows and jays,Urocissa erythroryncha,Red-billed Blue Magpie,LC
22705925,81290,Crows and jays,Ptilostomus afer,Piapiac,LC
22705385,82440,Australian mudnesters,Struthidea cinerea,Apostlebird,LC
22704792,83280,Australasian robins,Eugerygone rubra,Garnet Robin,LC
22715466,83900,Hyliotas,Hyliota australis,Southern Hyliota,LC
22711810,84170,Tits and chickadees,Lophophanes cristatus,Crested Tit,LC
103758982,84200,Tits and chickadees,Sittiparus owstoni,Izu Tit,EN
22711745,84270,Tits and chickadees,Poecile davidi,Rusty-breasted Tit,LC
22735382,84290,Tits and chickadees,Poecile hypermelaenus,Black-bibbed Tit,LC
103762456,84720,Tits and chickadees,Melaniparus niger,Southern Black Tit,LC
22717352,86170,Larks,Spizocorys conirostris,Pink-billed Lark,LC
22717360,86180,Larks,Spizocorys obbiensis,Obbia Lark,LC
22714641,86490,Crombecs and allies,Achaetops pycnopygius,Rockrunner,LC
22713638,86780,Cisticolas and allies,Schistolais leontica,Sierra Leone Prinia,EN
22713806,87040,Cisticolas and allies,Apalis chapini,Chapin's Apalis,LC
22713313,87610,Cisticolas and allies,Cisticola nigriloris,Black-lored Cisticola,LC
22734747,88830,Reed-warblers,Iduna pallida,Eastern Olivaceous Warbler,LC
22714757,89040,Reed-warblers,Acrocephalus griseldis,Basra Reed-warbler,EN
22714859,89050,Reed-warblers,Acrocephalus gracilirostris,Lesser Swamp-warbler,LC
22714679,89660,Grasshopper-warblers and grassbirds,Locustella fluviatilis,River Warbler,LC
22714533,89670,Grasshopper-warblers and grassbirds,Locustella luteoventris,Brown Grasshopper-warbler,LC
22714528,89680,Grasshopper-warblers and grassbirds,Locustella tacsanowskia,Chinese Grasshopper-warbler,LC
22715475,90180,Grasshopper-warblers and grassbirds,Bradypterus seebohmi,Madagascar Grassbird,LC
22714468,90200,Grasshopper-warblers and grassbirds,Bradypterus graueri,Grauer's Swamp-warbler,VU
22714454,90210,Grasshopper-warblers and grassbirds,Bradypterus grandis,Dja River Swamp-warbler,NT
22713004,90430,Tetrakas,Xanthomixis apperti,Appert's Tetraka,VU
22712405,90720,Swallows and martins,Petrochelidon rufigula,Red-throated Swallow,LC
22712398,90730,Swallows and martins,Petrochelidon preussi,Preuss's Swallow,LC
22712260,90990,Swallows and martins,Hirundo lucida,Red-chested Swallow,LC
22712086,91320,Swallows and martins,Tachycineta euchrysea,Golden Swallow,VU
22713125,92130,Bulbuls,Criniger olivaceus,Yellow-bearded Greenbul,VU
22713161,92440,Bulbuls,Tricholestes criniger,Hairy-backed Bulbul,LC
22713198,92710,Bulbuls,Ixos malaccensis,Streaked Bulbul,NT
22712710,93620,Bulbuls,Poliolophus urostictus,Yellow-wattled Bulbul,LC
22729503,93640,Leaf-warblers,Phylloscopus orientalis,Eastern Bonelli's Warbler,LC
103845369,94120,Leaf-warblers,Phylloscopus grammiceps,Javan Warbler,LC
22714403,94970,Bush-warblers,Horornis ruficapilla,Fiji Bush-warbler,LC
103872756,95270,Old World Warblers,Sylvia atriceps,Rwenzori Hill-babbler,LC
22716910,95560,Old World Warblers,Curruca communis,Common Whitethroat,LC
22716976,95570,Old World Warblers,Curruca conspicillata,Spectacled Warbler,LC
22716798,95820,Parrotbills and allies,Paradoxornis guttaticollis,Spot-breasted Parrotbill,LC
22714341,96410,White-eyes and Yuhinas,Megazosterops palauensis,Giant White-eye,NT
155156221,96990,White-eyes and Yuhinas,Zosterops melanurus,Sangkar White-eye,VU
22714047,97210,White-eyes and Yuhinas,Zosterops rotensis,Rota White-eye,CR
22714199,97240,White-eyes and Yuhinas,Zosterops metcalfii,Yellow-throated White-eye,LC
22715834,98890,Ground babblers,Pellorneum malaccense,Short-tailed Babbler,NT
22716014,99170,Ground babblers,Ptilocichla mindanensis,Striated Wren-babbler,LC
22716412,99730,Laughingthrushes and allies,Turdoides reinwardtii,Blackcap Babbler,LC
103879804,101180,Nuthatches,Sitta europaea,Eurasian Nuthatch,LC
22711614,101690,Gnatcatchers,Polioptila dumicola,Masked Gnatcatcher,LC
22711509,101970,Wrens,Troglodytes rufulus,Tepui Wren,LC
22711380,101980,Wrens,Troglodytes sissonii,Socorro Wren,NT
103887650,102280,Wrens,Campylorhynchus capistratus,Rufous-backed Wren,LC
22710861,103130,Starlings,Sturnia erythropygia,White-headed Starling,LC
22710981,103960,Starlings,Streptocitta albertinae,Bare-eyed Myna,NT
22710508,104240,Starlings,Aplonis striata,Striated Starling,LC
22720374,121750,Finches,Spinus cucullatus,Red Siskin,EN
22720894,122020,Old World Buntings,Emberiza cia,Rock Bunting,LC
22720875,122240,Old World Buntings,Emberiza siemsseni,Slaty Bunting,LC
22721016,122250,Old World Buntings,Emberiza yessoensis,Ochre-rumped Bunting,NT
22721153,124220,New World sparrows,Xenospiza baileyi,Sierra Madre Sparrow,EN
22724071,125040,New World blackbirds,Icterus chrysocephalus,Moriche Oriole,LC
103795612,125860,New World warblers,Geothlypis auricularis,Black-lored Yellowthroat,LC
22721734,126140,New World warblers,Setophaga castanea,Bay-breasted Warbler,LC
22722019,126680,New World warblers,Basileuterus belli,Golden-browed Warbler,LC
22721925,126960,New World warblers,Myioborus albifacies,White-faced Whitestart,LC
22722423,127520,Cardinals,Habia gutturalis,Sooty Ant-tanager,LC
22722437,127540,Cardinals,Habia cristata,Crested Ant-tanager,LC
22722335,127590,Cardinals,Habia stolzmanni,Ochre-breasted Tanager,LC
22722659,127800,Tanagers,Iridosornis porphyrocephalus,Purplish-mantled Tanager,NT
22722678,127830,Tanagers,Iridosornis reinhardti,Yellow-scarfed Tanager,LC
22722890,128630,Tanagers,Tangara peruviana,Black-backed Tanager,VU
22722894,128640,Tanagers,Tangara preciosa,Chestnut-backed Tanager,LC
22722900,128650,Tanagers,Tangara meyerdeschauenseei,Green-capped Tanager,NT
22722156,129200,Tanagers,Sericossypha albocristata,White-capped Tanager,VU
103817300,130620,Tanagers,Sporophila corvina,Black Seedeater,LC
22722083,131690,Tanagers,Conirostrum speciosum,Chestnut-vented Conebill,LC
22722086,131700,Tanagers,Conirostrum leucogenys,White-eared Conebill,LC
22680623,44240,Honeyguides,Indicator minor,Lesser Honeyguide,LC
22701755,56200,Typical Antbirds,Myrmelastes schistaceus,Slate-colored Antbird,LC
22704400,70370,Honeyeaters,Plectorhyncha lanceolata,Striped Honeyeater,LC
22713260,89990,Grasshopper-warblers and grassbirds,Malia grata,Malia,LC
22678148,160,Tinamous,Tinamus major,Great Tinamou,LC
22678151,170,Tinamous,Tinamus guttatus,White-throated Tinamou,NT
22678163,180,Tinamous,Crypturellus berlepschi,Berlepsch's Tinamou,LC
45479083,1730,Guineafowl,Guttera verreauxi,Western Crested Guineafowl,LC
22725212,1740,Guineafowl,Guttera pucherani,Eastern Crested Guineafowl,LC
22679591,1800,New World quails,Oreortyx pictus,Mountain Quail,LC
45093141,1840,New World quails,Colinus cristatus,Crested Bobwhite,LC
22679594,1870,New World quails,Callipepla squamata,Scaled Quail,LC
22679609,1890,New World quails,Callipepla gambelii,Gambel's Quail,LC
22679603,1900,New World quails,Callipepla californica,California Quail,LC
22679581,1920,New World quails,Dendrortyx macroura,Long-tailed Wood-partridge,LC
22679586,1930,New World quails,Dendrortyx leucophrys,Buffy-crowned Wood-partridge,LC
22679683,2040,New World quails,Odontophorus columbianus,Venezuelan Wood-quail,NT
22679703,2080,New World quails,Odontophorus guttatus,Spotted Wood-quail,LC
22724748,2120,New World quails,Cyrtonyx sallei,Spot-breasted Quail,NT
22678901,2150,"Pheasants, Partridges, Turkeys, Grouse",Xenoperdix udzungwensis,Udzungwa Forest-partridge,EN
22679017,2180,"Pheasants, Partridges, Turkeys, Grouse",Arborophila torqueola,Hill Partridge,LC
22679029,2220,"Pheasants, Partridges, Turkeys, Grouse",Arborophila mandellii,Chestnut-breasted Partridge,NT
22679047,2340,"Pheasants, Partridges, Turkeys, Grouse",Arborophila hyperythra,Bornean Partridge,LC
22731882,2410,"Pheasants, Partridges, Turkeys, Grouse",Tropicoperdix chloropus,Green-legged Partridge,LC
22727383,2420,"Pheasants, Partridges, Turkeys, Grouse",Tropicoperdix tonkinensis,Tonkin Partridge,LC
22728238,2450,"Pheasants, Partridges, Turkeys, Grouse",Rhizothera longirostris,Long-billed Partridge,NT
22679094,2500,"Pheasants, Partridges, Turkeys, Grouse",Caloperdix oculeus,Ferruginous Partridge,NT
22734897,2670,"Pheasants, Partridges, Turkeys, Grouse",Polyplectron katsumatae,Hainan Peacock-Pheasant,EN
22679361,2700,"Pheasants, Partridges, Turkeys, Grouse",Polyplectron chalcurum,Bronze-tailed Peacock-Pheasant,LC
22678965,2800,"Pheasants, Partridges, Turkeys, Grouse",Synoicus ypsilophorus,Brown Quail,LC
22678684,2890,"Pheasants, Partridges, Turkeys, Grouse",Alectoris graeca,Rock Partridge,NT
22678649,2970,"Pheasants, Partridges, Turkeys, Grouse",Lerwa lerwa,Snow Partridge,LC
22678657,2990,"Pheasants, Partridges, Turkeys, Grouse",Ammoperdix heyi,Sand Partridge,LC
22678803,3060,"Pheasants, Partridges, Turkeys, Grouse",Pternistis bicalcaratus,Double-spurred Spurfowl,LC
22678815,3090,"Pheasants, Partridges, Turkeys, Grouse",Pternistis harwoodi,Harwood's Spurfowl,NT
22678827,3130,"Pheasants, Partridges, Turkeys, Grouse",Pternistis hildebrandti,Hildebrandt's Spurfowl,LC
22678839,3150,"Pheasants, Partridges, Turkeys, Grouse",Pternistis squamatus,Scaly Spurfowl,LC
22678847,3170,"Pheasants, Partridges, Turkeys, Grouse",Pternistis leucoscepus,Yellow-necked Spurfowl,LC
22680415,4930,"Ducks, Geese, Swans",Polysticta stelleri,Steller's Eider,VU
22680488,5080,"Ducks, Geese, Swans",Mergus squamatus,Scaly-sided Merganser,EN
22680485,5090,"Ducks, Geese, Swans",Mergus serrator,Red-breasted Merganser,LC
22679993,5210,"Ducks, Geese, Swans",Alopochen aegyptiaca,Egyptian Goose,LC
22728658,5220,"Ducks, Geese, Swans",Alopochen mauritiana,Mauritius Shelduck,EX
22680011,5270,"Ducks, Geese, Swans",Tadorna tadornoides,Australian Shelduck,LC
22680057,5300,"Ducks, Geese, Swans",Plectropterus gambensis,Spur-winged Goose,LC
22680095,5350,"Ducks, Geese, Swans",Nettapus auritus,African Pygmy-goose,LC
22680090,5360,"Ducks, Geese, Swans",Nettapus coromandelianus,Cotton Pygmy-goose,LC
22680101,5380,"Ducks, Geese, Swans",Callonetta leucophrys,Ringed Teal,LC
22680107,5400,"Ducks, Geese, Swans",Aix galericulata,Mandarin Duck,LC
22680118,5440,"Ducks, Geese, Swans",Merganetta armata,Torrent Duck,LC
22680070,5450,"Ducks, Geese, Swans",Pteronetta hartlaubii,Hartlaub's Duck,LC
22680348,5490,"Ducks, Geese, Swans",Netta rufina,Red-crested Pochard,LC
22680367,5530,"Ducks, Geese, Swans",Aythya americana,Redhead,LC
22680136,5710,"Ducks, Geese, Swans",Speculanas specularis,Spectacled Duck,NT
22680115,5720,"Ducks, Geese, Swans",Amazonetta brasiliensis,Brazilian Teal,LC
22680329,5760,"Ducks, Geese, Swans",Spatula versicolor,Silver Teal,LC
22680233,5810,"Ducks, Geese, Swans",Spatula cyanoptera,Cinnamon Teal,LC
22680174,5980,"Ducks, Geese, Swans",Anas rubripes,American Black Duck,LC
22728662,6010,"Ducks, Geese, Swans",Anas theodori,Mauritius Duck,EX
22680277,6050,"Ducks, Geese, Swans",Anas castanea,Chestnut Teal,LC
22680280,6070,"Ducks, Geese, Swans",Anas aucklandica,Auckland Teal,NT
22696545,6280,Grebes,Tachybaptus ruficollis,Little Grebe,LC
22696565,6300,Grebes,Tachybaptus pelzelnii,Madagascar Grebe,EN
22696558,6310,Grebes,Tachybaptus rufolavatus,Alaotra Grebe,EX
22696571,6320,Grebes,Tachybaptus dominicus,Least Grebe,LC
22696577,6350,Grebes,Podilymbus gigas,Atitlan Grebe,EX
22696589,6380,Grebes,Poliocephalus poliocephalus,Hoary-headed Grebe,LC
22696623,6480,Grebes,Podiceps taczanowskii,Junin Grebe,EN
22690936,8100,"Pigeons, Doves",Zentrygon chiriquensis,Chiriquí Quail-Dove,LC
22690736,8170,"Pigeons, Doves",Zenaida macroura,Mourning Dove,LC
22690789,8250,"Pigeons, Doves",Columbina buckleyi,Ecuadorian Ground Dove,LC
22690794,8270,"Pigeons, Doves",Columbina picui,Picui Ground Dove,LC
22690839,8350,"Pigeons, Doves",Metriopelia melanoptera,Black-winged Ground Dove,LC
22690985,8440,"Pigeons, Doves",Gallicolumba platenae,Mindoro Bleeding-heart,CR
22691009,8480,"Pigeons, Doves",Gallicolumba rufigula,Cinnamon Ground Dove,LC
22691076,8510,"Pigeons, Doves",Pampusana hoedtii,Wetar Ground Dove,EN
22691019,8520,"Pigeons, Doves",Pampusana jobiensis,White-breasted Ground Dove,LC
22691037,8540,"Pigeons, Doves",Pampusana xanthonura,White-throated Ground Dove,NT
22691061,8560,"Pigeons, Doves",Pampusana rubescens,Marquesas Ground Dove,EN
22691047,8600,"Pigeons, Doves",Pampusana sanctaecrucis,Santa Cruz Ground Dove,EN
22690695,8660,"Pigeons, Doves",Petrophassa albipennis,White-quilled Rock-pigeon,LC
22690682,8670,"Pigeons, Doves",Geophaps plumifera,Spinifex Pigeon,LC
22690689,8690,"Pigeons, Doves",Geophaps smithii,Partridge Pigeon,LC
22690673,8740,"Pigeons, Doves",Phaps histrionica,Flock Bronzewing,LC
22690705,8760,"Pigeons, Doves",Geopelia cuneata,Diamond Dove,LC
45014473,8910,"Pigeons, Doves",Goura scheepmakeri,Scheepmaker's Crowned-pigeon,VU
22691874,8920,"Pigeons, Doves",Goura victoria,Victoria Crowned-pigeon,NT
22690639,9070,"Pigeons, Doves",Turtur brehmeri,Blue-headed Wood-dove,LC
60543351,9120,"Pigeons, Doves",Phapitreron amethystinus,Amethyst Brown-dove,LC
22691121,9160,"Pigeons, Doves",Phapitreron cinereiceps,Tawitawi Brown-dove,EN
22726285,9240,"Pigeons, Doves",Treron phayrei,Ashy-headed Green-pigeon,NT
45433492,9400,"Pigeons, Doves",Treron calvus,African Green-pigeon,LC
45433495,9410,"Pigeons, Doves",Treron delalandii,Grey-breasted Green-pigeon,LC
22691236,9420,"Pigeons, Doves",Treron pembaensis,Pemba Green-pigeon,VU
22691227,9430,"Pigeons, Doves",Treron sanctithomae,Sao Tome Green-pigeon,EN
22691274,9470,"Pigeons, Doves",Treron sphenurus,Wedge-tailed Green-pigeon,LC
22727539,9500,"Pigeons, Doves",Treron formosae,Taiwan Green-pigeon,NT
22691611,9560,"Pigeons, Doves",Ducula poliocephala,Pink-bellied Imperial-pigeon,NT
22689630,11280,Frogmouths,Batrachostomus cornutus,Sunda Frogmouth,LC
22689653,11370,Potoos,Nyctibius leucopterus,White-winged Potoo,LC
22725672,11410,Nightjars,Eurostopodus nigripennis,Solomons Nightjar,VU
22726340,11420,Nightjars,Eurostopodus exul,New Caledonian Nightjar,CR(PE)
22689670,11430,Nightjars,Eurostopodus diabolicus,Heinrich's Nightjar,LC
22689720,11580,Nightjars,Nyctiprogne leucopyga,Band-tailed Nighthawk,LC
22689868,11610,Nightjars,Nyctipolus hirundinaceus,Pygmy Nightjar,LC
22689731,11650,Nightjars,Nyctidromus albicollis,Pauraque,LC
22690043,11700,Nightjars,Uropsalis lyra,Lyre-tailed Nightjar,LC
22689859,11740,Nightjars,Setopagis maculosa,Cayenne Nightjar,DD
22689751,11810,Nightjars,Siphonorhis brewsteri,Least Poorwill,NT
22724499,11820,Nightjars,Nyctiphrynus rosenbergi,Choco Poorwill,LC
22689767,11840,Nightjars,Nyctiphrynus yucatanicus,Yucatan Poorwill,LC
22689735,11870,Nightjars,Phalaenoptilus nuttallii,Common Poorwill,LC
22736398,11890,Nightjars,Antrostomus arizonae,Mexican Whip-poor-will,LC
22689778,11960,Nightjars,Antrostomus carolinensis,Chuck-will's-widow,NT
22729176,11990,Nightjars,Antrostomus ekmani,Hispaniolan Nightjar,LC
22725692,12010,Nightjars,Caprimulgus indicus,Jungle Nightjar,LC
22689912,12090,Nightjars,Caprimulgus nubicus,Nubian Nightjar,LC
22732941,12130,Nightjars,Caprimulgus meesi,Mees's Nightjar,LC
22689934,12150,Nightjars,Caprimulgus manillensis,Philippine Nightjar,LC
22730097,12200,Nightjars,Caprimulgus pectoralis,Fiery-necked Nightjar,LC
22689969,12220,Nightjars,Caprimulgus asiaticus,Indian Nightjar,LC
22689977,12260,Nightjars,Caprimulgus inornatus,Plain Nightjar,LC
22690004,12310,Nightjars,Caprimulgus batesi,Bates's Nightjar,LC
22690008,12320,Nightjars,Caprimulgus climacurus,Long-tailed Nightjar,LC
22689871,12500,Nightjars,Veles binotatus,Brown Nightjar,LC
22689550,12520,Owlet-nightjars,Aegotheles insignis,Feline Owlet-nightjar,LC
22686955,14270,Hummingbirds,Phaethornis anthophilus,Pale-bellied Hermit,LC
22733197,14340,Hummingbirds,Phaethornis atrimentalis,Black-throated Hermit,LC
22686991,14380,Hummingbirds,Phaethornis ruber,Reddish Hermit,LC
22687032,14530,Hummingbirds,Doryfera johannae,Blue-fronted Lancebill,LC
22726816,14550,Hummingbirds,Schistes geoffroyi,Eastern Wedge-billed Hummingbird,LC
22687118,14590,Hummingbirds,Colibri serrirostris,White-vented Violetear,LC
22687110,14620,Hummingbirds,Colibri thalassinus,Green Violetear,LC
22687019,14640,Hummingbirds,Androdon aequatorialis,Tooth-billed Hummingbird,LC
22687485,14680,Hummingbirds,Polytmus milleri,Tepui Goldenthroat,LC
22687146,14700,Hummingbirds,Avocettula recurvirostris,Fiery-tailed Awlbill,LC
22687130,14730,Hummingbirds,Anthracothorax nigricollis,Black-throated Mango,LC
22725737,14770,Hummingbirds,Anthracothorax dominicus,Hispaniolan Mango,LC
22687154,14830,Hummingbirds,Eulampis holosericeus,Green-throated Carib,LC
60859997,14870,Hummingbirds,Heliangelus amethysticollis,Amethyst-throated Sunangel,LC
22729181,14900,Hummingbirds,Heliangelus micraster,Little Sunangel,LC
22687898,14910,Hummingbirds,Heliangelus viola,Purple-throated Sunangel,LC
22687253,15000,Hummingbirds,Discosura popelairii,Wire-crested Thorntail,LC
22687285,15040,Hummingbirds,Discosura longicaudus,Racket-tipped Thorntail,LC
22687211,15100,Hummingbirds,Lophornis stictolophus,Spangled Coquette,LC
22687241,15140,Hummingbirds,Lophornis helenae,Black-crested Coquette,LC
22687247,15150,Hummingbirds,Lophornis adorabilis,White-crested Coquette,LC
22733886,15200,Hummingbirds,Aglaiocercus kingii,Long-tailed Sylph,LC
22687980,15250,Hummingbirds,Polyonymus caroli,Bronze-tailed Comet,LC
22688049,15260,Hummingbirds,Taphrolesbia griseiventris,Grey-bellied Comet,EN
22687774,15330,Hummingbirds,Oreotrochilus adela,Wedge-tailed Hillstar,LC
22688046,15350,Hummingbirds,Opisthoprora euryptera,Mountain Avocetbill,LC
22687987,15380,Hummingbirds,Ramphomicron dorsale,Black-backed Thornbill,NT
22688027,15410,Hummingbirds,Chalcostigma olivaceum,Olivaceous Thornbill,LC
22688030,15420,Hummingbirds,Chalcostigma stanleyi,Blue-mantled Thornbill,LC
22688033,15430,Hummingbirds,Chalcostigma heteropogon,Bronze-tailed Thornbill,LC
22688005,15590,Hummingbirds,Metallura eupogon,Fire-throated Metaltail,LC
22687313,17050,Hummingbirds,Chlorostilbon mellisugus,Blue-tailed Emerald,LC
22687424,17190,Hummingbirds,Basilinna xantusii,Xantus's Hummingbird,LC
22727993,17200,Hummingbirds,Pampa curvipennis,Wedge-tailed Sabrewing,LC
22687167,17220,Hummingbirds,Klais guimeti,Violet-headed Hummingbird,LC
22687170,17230,Hummingbirds,Abeillia abeillei,Emerald-chinned Hummingbird,LC
22725751,17250,Hummingbirds,Stephanoxis lalandi,Green-crowned Plovercrest,LC
154807906,17280,Hummingbirds,Anthocephala floriceps,Santa Marta Blossomcrown,VU
22687075,17340,Hummingbirds,Campylopterus hemileucurus,Violet Sabrewing,LC
219585494,17440,Hummingbirds,Chalybura urochrysia,Bronze-tailed Plumeleteer,LC
22687405,17480,Hummingbirds,Thalurania glaucopis,Violet-capped Woodnymph,LC
22687649,17550,Hummingbirds,Microchera albocoronata,Snowcap,LC
22687494,17670,Hummingbirds,Thaumasius baeri,Tumbes Hummingbird,LC
22687094,17700,Hummingbirds,Eupetomena macroura,Swallow-tailed Hummingbird,LC
22687500,17720,Hummingbirds,Talaphorus chlorocercus,Olive-spotted Hummingbird,LC
22687583,17800,Hummingbirds,Saucerottia beryllina,Berylline Hummingbird,LC
61201742,17850,Hummingbirds,Saucerottia viridigaster,Green-bellied Hummingbird,LC
119194112,17890,Hummingbirds,Amazilia alfaroana,Guanacaste Hummingbird,CR
22687606,17910,Hummingbirds,Amazilia yucatanensis,Buff-bellied Hummingbird,LC
22687566,17950,Hummingbirds,Amazilia franciae,Andean Emerald,LC
22687421,18050,Hummingbirds,Chrysuronia goudoti,Shining-green Hummingbird,LC
22687414,18070,Hummingbirds,Chrysuronia coeruleogularis,Sapphire-throated Hummingbird,LC
22687517,18110,Hummingbirds,Chrysuronia brevirostris,White-chested Emerald,LC
22687411,18290,Hummingbirds,Chlorestes julie,Violet-bellied Hummingbird,LC
22684441,18350,Cuckoos,Guira guira,Guira Cuckoo,LC
22684444,18360,Cuckoos,Tapera naevia,Striped Cuckoo,LC
22684447,18390,Cuckoos,Morococcyx erythropygus,Lesser Ground-cuckoo,LC
22684458,18410,Cuckoos,Geococcyx californianus,Greater Roadrunner,LC
22683879,20040,Cuckoos,Cuculus gularis,African Cuckoo,LC
22692192,20160,Finfoots,Heliornis fulica,Sungrebe,LC
22692293,20320,"Rails, Gallinules, Coots",Rallicula leucospila,White-striped Forest Rail,LC
22692282,20420,"Rails, Gallinules, Coots",Micropygia schomburgkii,Ocellated Crake,LC
22692323,20440,"Rails, Gallinules, Coots",Rufirallus viridis,Russet-crowned Crake,LC
22692337,20450,"Rails, Gallinules, Coots",Laterallus melanophaius,Rufous-sided Crake,LC
22692340,20460,"Rails, Gallinules, Coots",Laterallus levraudi,Rusty-flanked Crake,VU
22692346,20480,"Rails, Gallinules, Coots",Laterallus albigularis,White-throated Crake,LC
22692482,20670,"Rails, Gallinules, Coots",Rallus semiplumbeus,Bogota Rail,VU
22725141,20690,"Rails, Gallinules, Coots",Rallus aquaticus,Western Water Rail,LC
22692498,20710,"Rails, Gallinules, Coots",Rallus caerulescens,African Rail,LC
22692552,20780,"Rails, Gallinules, Coots",Aramidopsis plateni,Snoring Rail,VU
22692463,20790,"Rails, Gallinules, Coots",Lewinia striata,Slaty-breasted Rail,LC
22692778,20930,"Rails, Gallinules, Coots",Eulabeornis castaneoventris,Chestnut Rail,LC
22692418,20960,"Rails, Gallinules, Coots",Hypotaenidia torquata,Barred Rail,LC
22728740,20980,"Rails, Gallinules, Coots",Hypotaenidia poeciloptera,Bar-winged Rail,EX
22692438,21020,"Rails, Gallinules, Coots",Hypotaenidia rovianae,Roviana Rail,LC
22692441,21030,"Rails, Gallinules, Coots",Hypotaenidia owstoni,Guam Rail,CR
22692447,21040,"Rails, Gallinules, Coots",Hypotaenidia wakensis,Wake Island Rail,EX
62258591,21100,"Rails, Gallinules, Coots",Dryolimnas augusti,Reunion Rail,EX
22692539,21110,"Rails, Gallinules, Coots",Crex egregia,African Crake,LC
22692766,21300,"Rails, Gallinules, Coots",Pardirallus nigricans,Blackish Rail,LC
22728616,21330,"Rails, Gallinules, Coots",Gymnocrex talaudensis,Talaud Rail,EN
22692609,21340,"Rails, Gallinules, Coots",Gymnocrex plumbeiventris,Bare-eyed Rail,LC
22692680,21400,"Rails, Gallinules, Coots",Porzana fluminea,Australian Crake,LC
22692632,21590,"Rails, Gallinules, Coots",Amaurornis moluccana,Pale-vented Bush-hen,LC
22692785,21640,"Rails, Gallinules, Coots",Megacrex inepta,New Guinea Flightless Rail,LC
22692801,21670,"Rails, Gallinules, Coots",Porphyrio albus,White Swamphen,EX
22692827,21740,"Rails, Gallinules, Coots",Porphyrio martinicus,Purple Gallinule,LC
22698535,23390,Northern Storm-petrels,Hydrobates tristrami,Tristram's Storm-petrel,LC
22698543,23400,Northern Storm-petrels,Hydrobates markhami,Markham's Storm-petrel,NT
22698572,23410,Northern Storm-petrels,Hydrobates furcatus,Fork-tailed Storm-petrel,LC
22698425,23650,Albatrosses,Thalassarche chlororhynchos,Atlantic Yellow-nosed Albatross,EN
22697866,23800,"Petrels, Shearwaters",Fulmarus glacialis,Northern Fulmar,LC
22697875,23820,"Petrels, Shearwaters",Thalassoica antarctica,Antarctic Petrel,LC
22728800,23950,"Petrels, Shearwaters",Pterodroma rupinarum,Large Saint Helena Petrel,EX
22698039,24050,"Petrels, Shearwaters",Pterodroma ultima,Murphy's Petrel,LC
22698042,24060,"Petrels, Shearwaters",Pterodroma solandri,Providence Petrel,LC
22698005,24080,"Petrels, Shearwaters",Pterodroma arminjoniana,Trindade Petrel,VU
22728442,24100,"Petrels, Shearwaters",Pterodroma atrata,Henderson Petrel,EN
22697963,24130,"Petrels, Shearwaters",Pterodroma inexpectata,Mottled Petrel,NT
22698017,24140,"Petrels, Shearwaters",Pterodroma sandwichensis,Hawaiian Petrel,EN
22698020,24150,"Petrels, Shearwaters",Pterodroma phaeopygia,Galapagos Petrel,CR
22697957,24160,"Petrels, Shearwaters",Pterodroma cervicalis,White-necked Petrel,VU
22698062,24240,"Petrels, Shearwaters",Pterodroma madeira,Zino's Petrel,EN
22698055,24270,"Petrels, Shearwaters",Pterodroma lessonii,White-headed Petrel,LC
45048990,24290,"Petrels, Shearwaters",Pterodroma gouldi,Grey-faced Petrel,LC
22698155,24380,"Petrels, Shearwaters",Procellaria westlandica,Westland Petrel,EN
22698150,24390,"Petrels, Shearwaters",Procellaria parkinsoni,Black Petrel,VU
22698216,24430,"Petrels, Shearwaters",Ardenna tenuirostris,Short-tailed Shearwater,LC
22698195,24470,"Petrels, Shearwaters",Ardenna creatopus,Pink-footed Shearwater,VU
22698172,24480,"Petrels, Shearwaters",Calonectris leucomelas,Streaked Shearwater,NT
22698246,24580,"Petrels, Shearwaters",Puffinus opisthomelas,Black-vented Shearwater,NT
132468585,24600,"Petrels, Shearwaters",Puffinus myrtae,Rapa Shearwater,CR
22734070,24630,"Petrels, Shearwaters",Puffinus bailloni,Tropical Shearwater,LC
22698226,24660,"Petrels, Shearwaters",Puffinus puffinus,Manx Shearwater,LC
22728432,24680,"Petrels, Shearwaters",Puffinus mauretanicus,Balearic Shearwater,CR
45959011,24700,"Petrels, Shearwaters",Puffinus assimilis,Little Shearwater,LC
22696861,26800,Cormorants,Leucocarbo onslowi,Chatham Islands Shag,CR
22696840,26810,Cormorants,Leucocarbo campbelli,Campbell Island Shag,VU
22696806,26940,Cormorants,Phalacrocorax capensis,Cape Cormorant,EN
22693600,27200,Thick-knees,Burhinus grallarius,Bush Thick-knee,LC
22694086,27270,Egyptian Plover,Pluvianus aegyptius,Egyptian Plover,LC
22693764,27670,Plovers,Charadrius semipalmatus,Semipalmated Plover,LC
22727481,27770,Plovers,Charadrius bifrontatus,Madagascar Three-banded Plover,LC
22725033,27820,Plovers,Charadrius nivosus,Snowy Plover,NT
230027154,27910,Plovers,Charadrius mongolus,Siberian Sandplover,EN
22693876,27960,Plovers,Charadrius montanus,Mountain Plover,NT
22693879,27970,Plovers,Charadrius modestus,Rufous-chested Plover,LC
22693983,28090,Plovers,Vanellus spinosus,Spur-winged Lapwing,LC
22694027,28170,Plovers,Vanellus senegallus,Wattled Lapwing,LC
22693550,28430,Jacanas,Jacana spinosa,Northern Jacana,LC
22693553,28440,Jacanas,Jacana jacana,Wattled Jacana,LC
22694420,30210,"Gulls, Terns, Skimmers",Larus ridibundus,Black-headed Gull,LC
22694417,30230,"Gulls, Terns, Skimmers",Larus maculipennis,Brown-hooded Gull,LC
22694393,30240,"Gulls, Terns, Skimmers",Larus hartlaubii,Hartlaub's Gull,LC
22694387,30250,"Gulls, Terns, Skimmers",Larus cirrocephalus,Grey-headed Gull,LC
22694413,30270,"Gulls, Terns, Skimmers",Larus bulleri,Black-billed Gull,NT
22694292,30280,"Gulls, Terns, Skimmers",Larus modestus,Grey Gull,LC
22694455,30310,"Gulls, Terns, Skimmers",Larus atricilla,Laughing Gull,LC
22694289,30410,"Gulls, Terns, Skimmers",Larus crassirostris,Black-tailed Gull,LC
22694286,30430,"Gulls, Terns, Skimmers",Larus atlanticus,Olrog's Gull,NT
22694321,30480,"Gulls, Terns, Skimmers",Larus californicus,California Gull,LC
22694373,30500,"Gulls, Terns, Skimmers",Larus fuscus,Lesser Black-backed Gull,LC
62030590,30550,"Gulls, Terns, Skimmers",Larus smithsonianus,Arctic Herring Gull,LC
22694656,30820,"Gulls, Terns, Skimmers",Sternula albifrons,Little Tern,LC
22694764,30950,"Gulls, Terns, Skimmers",Chlidonias hybrida,Whiskered Tern,LC
22694641,31070,"Gulls, Terns, Skimmers",Sterna virgata,Kerguelen Tern,NT
22694585,31130,"Gulls, Terns, Skimmers",Thalasseus bernsteini,Chinese Crested Tern,CR
22694591,31150,"Gulls, Terns, Skimmers",Thalasseus sandvicensis,Sandwich Tern,LC
22694245,31190,Skuas,Stercorarius parasiticus,Arctic Jaeger,LC
22694931,31310,Auks,Fratercula corniculata,Horned Puffin,LC
22688529,31580,Barn-owls,Tyto prigoginei,Itombwe Owl,DD
230023167,31630,Barn-owls,Tyto novaehollandiae,Australasian Masked-owl,LC
22728599,33410,Typical Owls,Otus siaoensis,Siau Scops-owl,CR
22732046,33450,Typical Owls,Otus collari,Sangihe Scops-owl,LC
22688656,33460,Typical Owls,Otus mantananensis,Mantanani Scops-owl,LC
61786867,33480,Typical Owls,Otus jolandae,Rinjani Scops-owl,NT
22688899,33720,Typical Owls,Pyrroglaux podargina,Palau Owl,LC
61781834,33730,Typical Owls,Ptilopsis leucotis,Northern White-faced Owl,LC
22689507,33760,Typical Owls,Asio otus,Long-eared Owl,LC
22689531,33800,Typical Owls,Asio flammeus,Short-eared Owl,LC
22688856,33990,Typical Owls,Megascops watsonii,Tawny-bellied Screech-owl,LC
22689083,34220,Typical Owls,Strix hadorami,Desert Tawny Owl,LC
62290760,34230,Typical Owls,Strix butleri,Omani Owl,LC
22689089,34240,Typical Owls,Strix occidentalis,Spotted Owl,NT
22689094,34250,Typical Owls,Strix varia,Barred Owl,LC
22689108,34300,Typical Owls,Strix uralensis,Ural Owl,LC
61752071,34400,Typical Owls,Bubo virginianus,Great Horned Owl,LC
61752097,34410,Typical Owls,Bubo magellanicus,Lesser Horned Owl,LC
22688934,34440,Typical Owls,Bubo bengalensis,Rock Eagle-owl,LC
22688970,34530,Typical Owls,Bubo nipalensis,Spot-bellied Eagle-owl,LC
22688992,34540,Typical Owls,Bubo coromandus,Dusky Eagle-owl,LC
22688996,34550,Typical Owls,Bubo leucostictus,Akun Eagle-owl,LC
22689002,34560,Typical Owls,Bubo philippensis,Philippine Eagle-owl,VU
22689012,34640,Typical Owls,Ketupa zeylonensis,Brown Fish-owl,LC
22689017,34650,Typical Owls,Ketupa flavipes,Tawny Fish-owl,LC
22689032,34670,Typical Owls,Scotopelia peli,Pel's Fishing-owl,LC
22697633,34760,New World vultures,Cathartes melambrotus,Greater Yellow-headed Vulture,LC
22695025,34860,Kites,Gampsonyx swainsonii,Pearl Kite,LC
22695042,34870,Kites,Chelictinia riocourii,Scissor-tailed Kite,VU
22695036,34900,Kites,Elanus leucurus,White-tailed Kite,LC
22728485,35080,"Hawks, Eagles",Chondrohierax wilsonii,Cuban Kite,CR
22694989,35110,"Hawks, Eagles",Pernis apivorus,European Honey-buzzard,LC
22695678,36800,"Hawks, Eagles",Accipiter henstii,Henst's Goshawk,VU
22695692,36980,"Hawks, Eagles",Erythrotriorchis buergersi,Chestnut-shouldered Goshawk,NT
22695706,37000,"Hawks, Eagles",Megatriorchis doriae,Doria's Goshawk,LC
22695147,37090,"Hawks, Eagles",Haliaeetus pelagicus,Steller's Sea-eagle,VU
22695156,37100,"Hawks, Eagles",Icthyophaga humilis,Lesser Fish-eagle,NT
22695163,37110,"Hawks, Eagles",Icthyophaga ichthyaetus,Grey-headed Fish-eagle,NT
22695051,37300,"Hawks, Eagles",Helicolestes hamatus,Slender-billed Kite,LC
22695880,37310,"Hawks, Eagles",Rupornis magnirostris,Roadside Hawk,LC
22695894,37330,"Hawks, Eagles",Parabuteo leucorrhous,White-rumped Hawk,LC
22695732,37340,"Hawks, Eagles",Cryptoleucopteryx plumbea,Plumbeous Hawk,NT
22695757,37540,"Hawks, Eagles",Leucopternis melanops,Black-faced Hawk,LC
62183030,37560,"Hawks, Eagles",Bermuteo avivorus,Bermuda Hawk,EX
22727766,37580,"Hawks, Eagles",Buteo nitidus,Grey-lined Hawk,LC
22695900,37630,"Hawks, Eagles",Buteo albigula,White-throated Hawk,LC
22695936,37690,"Hawks, Eagles",Buteo ventralis,Rufous-tailed Hawk,EN
22732019,37730,"Hawks, Eagles",Buteo augur,Augur Buzzard,LC
22735392,37790,"Hawks, Eagles",Buteo trizonatus,Forest Buzzard,NT
22732235,37820,"Hawks, Eagles",Buteo socotraensis,Socotra Buzzard,VU
22683780,37850,Mousebirds,Colius leucocephalus,White-headed Mousebird,LC
22683788,37870,Mousebirds,Colius colius,White-backed Mousebird,LC
22682975,37900,Cuckoo Roller,Leptosomus discolor,Cuckoo Roller,LC
22682836,38030,Trogons,Harpactes diardii,Diard's Trogon,NT
22682854,38040,Trogons,Harpactes erythrocephalus,Red-headed Trogon,LC
22682842,38060,Trogons,Harpactes whiteheadi,Whitehead's Trogon,LC
22682833,38070,Trogons,Harpactes kasumba,Red-naped Trogon,NT
22682748,38160,Trogons,Priotelus temnurus,Cuban Trogon,LC
22736251,38220,Trogons,Trogon melanurus,Black-tailed Trogon,LC
22736244,38240,Trogons,Trogon chionurus,White-tailed Trogon,LC
22682788,38250,Trogons,Trogon melanocephalus,Black-headed Trogon,LC
22682816,38290,Trogons,Trogon curucui,Blue-crowned Trogon,LC
61687964,38310,Trogons,Trogon surrucura,Southern Surucua Trogon,LC
22682810,38320,Trogons,Trogon rufus,Black-throated Trogon,LC
22680689,44350,Woodpeckers,Jynx ruficollis,Rufous-necked Wryneck,LC
22680789,44370,Woodpeckers,Sasia abnormis,Rufous Piculet,LC
22680694,44390,Woodpeckers,Picumnus innominatus,Speckled Piculet,LC
22680726,44480,Woodpeckers,Picumnus minutissimus,Arrowhead Piculet,LC
22680765,44590,Woodpeckers,Picumnus nebulosus,Mottled Piculet,LC
22680771,44610,Woodpeckers,Picumnus subtilis,Fine-barred Piculet,LC
22681386,44740,Woodpeckers,Campephilus pollens,Powerful Woodpecker,LC
22681549,44890,Woodpeckers,Chrysocolaptes validus,Orange-backed Woodpecker,LC
22681496,44990,Woodpeckers,Dinopium shorii,Himalayan Flameback,LC
22681525,45070,Woodpeckers,Gecinulus grantia,Pale-headed Woodpecker,LC
22681428,45150,Woodpeckers,Chrysophlegma miniaceum,Banded Woodpecker,LC
22680887,45230,Woodpeckers,Campethera nubica,Nubian Woodpecker,LC
22681478,45380,Woodpeckers,Picus rabieri,Red-collared Woodpecker,NT
22726521,45440,Woodpeckers,Picus dedemi,Sumatran Woodpecker,NT
22681481,45450,Woodpeckers,Picus erythropygius,Black-headed Woodpecker,LC
22681293,45600,Woodpeckers,Colaptes fernandinae,Fernandina's Flicker,EN
62322970,45610,Woodpeckers,Colaptes oceanicus,Bermuda Flicker,EX
22726414,45620,Woodpeckers,Colaptes cafer,Red-shafted Flicker,LC
22726420,45630,Woodpeckers,Colaptes mexicanoides,Guatemalan Flicker,LC
22726449,45740,Woodpeckers,Colaptes campestroides,Pampas Flicker,LC
22681363,46050,Woodpeckers,Hylatomus pileatus,Pileated Woodpecker,LC
22680868,46210,Woodpeckers,Sphyrapicus varius,Yellow-bellied Sapsucker,LC
22680843,46390,Woodpeckers,Melanerpes hypopolius,Grey-breasted Woodpecker,LC
22680847,46400,Woodpeckers,Melanerpes pygmaeus,Yucatan Woodpecker,LC
22680840,46430,Woodpeckers,Melanerpes chrysogenys,Golden-cheeked Woodpecker,LC
22680853,46440,Woodpeckers,Melanerpes uropygialis,Gila Woodpecker,LC
22680859,46450,Woodpeckers,Melanerpes superciliaris,West Indian Woodpecker,LC
22727144,46500,Woodpeckers,Picoides funebris,Dark-bodied Woodpecker,LC
22680978,46690,Woodpeckers,Dendropicos stierlingi,Stierling's Woodpecker,LC
22680996,46710,Woodpeckers,Dendropicos xantholophus,Yellow-crested Woodpecker,LC
22727114,46740,Woodpeckers,Dendropicos elliotii,Elliot's Woodpecker,LC
22730269,46750,Woodpeckers,Dendropicos goertae,Grey Woodpecker,LC
22681018,46760,Woodpeckers,Dendropicos spodocephalus,Grey-headed Woodpecker,LC
22681030,46780,Woodpeckers,Dendropicos obsoletus,Brown-backed Woodpecker,LC
61553315,46850,Woodpeckers,Dryobates pernyii,Crimson-breasted Woodpecker,LC
22681149,46880,Woodpeckers,Dryobates nuttallii,Nuttall's Woodpecker,LC
22681166,46890,Woodpeckers,Leuconotopicus villosus,Hairy Woodpecker,LC
22681193,46940,Woodpeckers,Leuconotopicus fumigatus,Smoky-brown Woodpecker,LC
22681219,46960,Woodpeckers,Veniliornis cassini,Golden-collared Woodpecker,LC
22681144,46980,Woodpeckers,Veniliornis mixtus,Checkered Woodpecker,LC
22681184,47030,Woodpeckers,Veniliornis callonotus,Scarlet-backed Woodpecker,LC
22681531,47130,Woodpeckers,Dendrocopos noguchii,Okinawa Woodpecker,EN
22727124,47140,Woodpeckers,Dendrocopos leucotos,White-backed Woodpecker,LC
22681111,47180,Woodpeckers,Dendrocopos darjellensis,Darjeeling Woodpecker,LC
22681124,47190,Woodpeckers,Dendrocopos major,Great Spotted Woodpecker,LC
22681130,47200,Woodpeckers,Dendrocopos leucopterus,White-winged Woodpecker,LC
22728892,47370,"Falcons, Caracaras",Caracara lutosa,Guadalupe Caracara,EX
22729784,47380,"Falcons, Caracaras",Caracara plancus,Crested Caracara,LC
22696330,47510,"Falcons, Caracaras",Microhierax latifrons,White-fronted Falconet,NT
22696336,47520,"Falcons, Caracaras",Microhierax erythrogenys,Philippine Falconet,LC
22728705,49110,Parrots,Amazona martinicana,Martinique Amazon,EX
22686325,49160,Parrots,Amazona barbadensis,Yellow-shouldered Amazon,NT
22686354,49180,Parrots,Amazona mercenarius,Scaly-naped Amazon,LC
45430583,49190,Parrots,Amazona guatemalae,Northern Mealy Amazon,NT
45428679,49330,Parrots,Forpus spengeli,Turquoise-winged Parrotlet,LC
22685949,49360,Parrots,Forpus coelestis,Pacific Parrotlet,LC
45422623,49550,Parrots,Pyrrhura eisenmanni,Azuero Parakeet,VU
45422115,49580,Parrots,Pyrrhura picta,Painted Parakeet,LC
22685843,49660,Parrots,Pyrrhura egregia,Fiery-shouldered Parakeet,LC
155070829,49680,Parrots,Pyrrhura chapmani,Upper Magdalena Parakeet,VU
22685851,49700,Parrots,Pyrrhura orcesi,El Oro Parakeet,EN
22685860,49710,Parrots,Pyrrhura albipectus,White-necked Parakeet,VU
22685873,49740,Parrots,Pyrrhura hoematotis,Red-eared Parakeet,NT
22685779,49860,Parrots,Cyanoliseus patagonus,Burrowing Parrot,LC
45418555,49920,Parrots,Eupsittula astec,Aztec Parakeet,LC
22685742,49950,Parrots,Eupsittula aurea,Peach-fronted Parakeet,LC
22685745,49960,Parrots,Eupsittula pertinax,Brown-throated Parakeet,LC
22685748,49970,Parrots,Eupsittula cactorum,Cactus Parakeet,LC
22685752,50000,Parrots,Aratinga nenday,Nanday Parakeet,LC
22735551,50020,Parrots,Aratinga maculata,Sulphur-breasted Parakeet,LC
22685707,50030,Parrots,Aratinga jandaya,Jandaya Parakeet,LC
22685548,50150,Parrots,Ara militaris,Military Macaw,VU
22685566,50180,Parrots,Ara chloropterus,Red-and-green Macaw,LC
22685572,50200,Parrots,Ara rubrogenys,Red-fronted Macaw,CR
22685760,50300,Parrots,Ognorhynchus icterotis,Yellow-eared Parrot,VU
22685648,50350,Parrots,Psittacara acuticaudatus,Blue-crowned Parakeet,LC
22729157,50370,Parrots,Psittacara rubritorquis,Red-throated Parakeet,LC
22685678,50420,Parrots,Psittacara finschi,Crimson-fronted Parakeet,LC
22685416,52080,Parrots,Loriculus exilis,Pygmy Hanging-parrot,LC
22685342,52190,Parrots,Agapornis roseicollis,Rosy-faced Lovebird,LC
22685078,52250,Parrots,Polytelis anthopeplus,Regent Parrot,LC
22685069,52310,Parrots,Aprosmictus erythropterus,Red-winged Parrot,LC
22684964,52360,Parrots,Prioniturus platenae,Blue-headed Racquet-tail,VU
22684991,52390,Parrots,Prioniturus flavicans,Yellowish-breasted Racquet-tail,NT
22684969,52400,Parrots,Prioniturus luconensis,Green Racquet-tail,EN
22727871,52410,Parrots,Prioniturus discurus,Blue-crowned Racquet-tail,LC
155073764,52450,Parrots,Eclectus riedeli,Tanimbar Eclectus,VU
155073767,52460,Parrots,Eclectus polychloros,Papuan Eclectus,LC
22684948,52500,Parrots,Geoffroyus simplex,Blue-collared Parrot,LC
22685006,52540,Parrots,Tanygnathus megalorynchos,Great-billed Parrot,LC
22685505,52670,Parrots,Psittacula alexandri,Red-breasted Parakeet,NT
22685434,52750,Parrots,Palaeornis eupatria,Alexandrine Parakeet,LC
22728844,52790,Parrots,Lophopsittacus bensoni,Mauritius Grey Parrot,EX
279001133,52930,Pittas,Erythropitta erythrogaster,Philippine Pitta,LC
279004902,53030,Pittas,Erythropitta novaehibernicae,Bismarck Pitta,LC
22698667,53070,Pittas,Erythropitta venusta,Graceful Pitta,LC
22698659,53080,Pittas,Erythropitta arquata,Blue-banded Pitta,LC
22698605,53180,Pittas,Hydrornis soror,Blue-rumped Pitta,LC
22736523,53260,Pittas,Hydrornis irena,Malay Banded Pitta,NT
22698631,53270,Pittas,Hydrornis baudii,Blue-headed Pitta,VU
22698688,53310,Pittas,Pitta moluccensis,Blue-winged Pitta,LC
22698697,53460,Pittas,Pitta iris,Rainbow Pitta,LC
22698763,53530,Asities,Philepitta castanea,Velvet Asity,LC
22698719,53570,Typical Broadbills,Pseudocalyptomena graueri,Grauer's Broadbill,VU
22698727,53710,Typical Broadbills,Sarcophanops samarensis,Visayan Wattled Broadbill,VU
22698707,53740,African and green broadbills,Smithornis capensis,African Broadbill,LC
22701656,53800,Typical Antbirds,Euchrepomis sharpei,Yellow-rumped Antwren,NT
22701653,53830,Typical Antbirds,Euchrepomis humeralis,Chestnut-shouldered Antwren,LC
22701851,53870,Typical Antbirds,Myrmophylax atrothorax,Black-throated Antbird,LC
22701589,53880,Typical Antbirds,Microrhopias quixensis,Dot-winged Antwren,LC
22701469,53900,Typical Antbirds,Epinecrophylla fulviventris,Checker-throated Stipplethroat,LC
22701474,53920,Typical Antbirds,Epinecrophylla leucophthalma,White-eyed Stipplethroat,LC
22701484,53950,Typical Antbirds,Epinecrophylla spodionota,Foothill Stipplethroat,LC
103657276,53960,Typical Antbirds,Epinecrophylla ornata,Western Ornate Stipplethroat,LC
22733626,54180,Typical Antbirds,Myrmotherula brachyura,Pygmy Antwren,LC
22731673,54190,Typical Antbirds,Myrmotherula ignota,Moustached Antwren,LC
22733159,54230,Typical Antbirds,Myrmotherula multostriata,Amazonian Streaked Antwren,LC
22701451,54250,Typical Antbirds,Myrmotherula cherriei,Cherrie's Antwren,LC
22701517,54350,Typical Antbirds,Myrmotherula iheringi,Ihering's Antwren,LC
22701524,54370,Typical Antbirds,Myrmotherula unicolor,Unicolored Antwren,LC
22701643,54500,Typical Antbirds,Terenura maculata,Streak-capped Antwren,LC
22701543,54510,Typical Antbirds,Dichrozona cincta,Banded Antbird,LC
22701375,54610,Typical Antbirds,Dysithamnus stictothorax,Spot-breasted Antvireo,LC
22701384,54640,Typical Antbirds,Dysithamnus puncticeps,Spot-crowned Antvireo,LC
22701387,54650,Typical Antbirds,Dysithamnus xanthopterus,Rufous-backed Antvireo,LC
22701555,54710,Typical Antbirds,Herpsilochmus atricapillus,Black-capped Antwren,LC
22729224,54760,Typical Antbirds,Herpsilochmus dugandi,Dugand's Antwren,LC
22724610,54790,Typical Antbirds,Herpsilochmus gentryi,Ancient Antwren,LC
22701571,54800,Typical Antbirds,Herpsilochmus dorsimaculatus,Spot-backed Antwren,LC
22701223,54900,Typical Antbirds,Cymbilaimus lineatus,Fasciated Antshrike,LC
22701226,54910,Typical Antbirds,Cymbilaimus sanctaemariae,Bamboo Antshrike,LC
22701232,54940,Typical Antbirds,Batara cinerea,Giant Antshrike,LC
103657716,55010,Typical Antbirds,Sakesphorus pulchellus,Streak-fronted Antshrike,LC
22733849,55110,Typical Antbirds,Thamnophilus tenuepunctatus,Lined Antshrike,LC
103660326,56690,Gnateaters,Conopophaga snethlageae,Black-breasted Gnateater,LC
22703409,56750,Gnateaters,Conopophaga ardesiaca,Slaty Gnateater,LC
22703449,56820,Crescentchests,Melanopareia torquata,Collared Crescentchest,LC
22703453,56830,Crescentchests,Melanopareia maximiliani,Olive-crowned Crescentchest,LC
22703457,56850,Crescentchests,Melanopareia elegans,Elegant Crescentchest,LC
22703243,56890,Antpittas,Grallaria excelsa,Great Antpitta,NT
22703255,56920,Antpittas,Grallaria chthonia,Tachira Antpitta,CR
22703274,56970,Antpittas,Grallaria ruficapilla,Chestnut-crowned Antpitta,LC
22703271,56990,Antpittas,Grallaria bangsi,Santa Marta Antpitta,VU
22703296,57050,Antpittas,Grallaria nuchalis,Chestnut-naped Antpitta,LC
22703302,57070,Antpittas,Grallaria albigula,White-throated Antpitta,LC
22703314,57110,Antpittas,Grallaria capitalis,Bay Antpitta,LC
103660427,57170,Antpittas,Grallaria alticola,Boyaca Antpitta,LC
22703339,57250,Antpittas,Hylopezus perspicillatus,Streak-chested Antpitta,LC
22724505,57260,Antpittas,Hylopezus macularius,Spotted Antpitta,LC
22728454,57270,Antpittas,Hylopezus auricularis,Masked Antpitta,VU
22703349,57280,Antpittas,Hylopezus ochroleucus,White-browed Antpitta,LC
103660917,57430,Antpittas,Grallaricula leymebambae,Rufous-breasted Antpitta,LC
22736456,57440,Antpittas,Grallaricula cumanensis,Sucre Antpitta,VU
22703389,57460,Antpittas,Grallaricula lineifrons,Crescent-faced Antpitta,LC
22703440,57580,Tapaculos,Rhinocrypta lanceolata,Crested Gallito,LC
22703535,57600,Tapaculos,Eleoscytalopus psychopompus,Bahia Tapaculo,EN
22703477,57630,Tapaculos,Merulaxis stresemanni,Stresemann's Bristlefront,CR
155256104,57660,Tapaculos,Scytalopus alvarezlopezi,Tatamá Tapaculo,NT
22729303,57700,Tapaculos,Scytalopus parvirostris,Trilling Tapaculo,LC
22736340,57710,Tapaculos,Scytalopus petrophilus,Rock Tapaculo,LC
22703531,57730,Tapaculos,Scytalopus novacapitalis,Brasilia Tapaculo,EN
22729251,57830,Tapaculos,Scytalopus bolivianus,Bolivian Tapaculo,LC
22703501,57850,Tapaculos,Scytalopus panamensis,Tacarcuna Tapaculo,NT
22729076,57860,Tapaculos,Scytalopus chocoensis,Choco Tapaculo,LC
22736285,57920,Tapaculos,Scytalopus meridanus,Merida Tapaculo,LC
103661232,57930,Tapaculos,Scytalopus perijanus,Perija Tapaculo,NT
22729270,57950,Tapaculos,Scytalopus spillmanni,Spillmann's Tapaculo,LC
22736482,58070,Tapaculos,Scytalopus opacus,Paramo Tapaculo,LC
22703197,58180,Ground-antbirds,Formicarius colma,Rufous-capped Antthrush,LC
103661243,58200,Ground-antbirds,Formicarius analis,Black-faced Antthrush,LC
22703209,58230,Ground-antbirds,Formicarius rufipectus,Rufous-breasted Antthrush,LC
22703212,58250,Ground-antbirds,Chamaeza campanisona,Short-tailed Antthrush,LC
22702965,58320,Ovenbirds,Sclerurus rufigularis,Short-billed Leaftosser,LC
22702968,58350,Ovenbirds,Sclerurus albigularis,Grey-throated Leaftosser,LC
22702009,58400,Ovenbirds,Geositta tenuirostris,Slender-billed Miner,LC
22701981,58410,Ovenbirds,Geositta cunicularia,Common Miner,LC
22703007,58580,Ovenbirds,Dendrocincla tyrannina,Tyrannine Woodcreeper,LC
22703023,58590,Ovenbirds,Dendrocincla merula,White-chinned Woodcreeper,LC
22703010,58620,Ovenbirds,Dendrocincla fuliginosa,Plain-brown Woodcreeper,LC
22703015,58630,Ovenbirds,Dendrocincla turdina,Plain-winged Woodcreeper,LC
22703043,58650,Ovenbirds,Glyphorynchus spirurus,Wedge-billed Woodcreeper,LC
103661296,58690,Ovenbirds,Dendrocolaptes punctipectus,Eastern Barred Woodcreeper,NT
22703079,58700,Ovenbirds,Dendrocolaptes certhia,Amazonian Barred Woodcreeper,LC
22703089,58720,Ovenbirds,Dendrocolaptes picumnus,Black-banded Woodcreeper,LC
244519627,58790,Ovenbirds,Hylexetastes uniformis,Uniform Woodcreeper,VU
22703071,58860,Ovenbirds,Xiphocolaptes falcirostris,Moustached Woodcreeper,VU
22703118,58980,Ovenbirds,Xiphorhynchus spixii,Spix's Woodcreeper,LC
22703146,59060,Ovenbirds,Xiphorhynchus triangularis,Olive-backed Woodcreeper,LC
22703095,59140,Ovenbirds,Dendroplex picus,Straight-billed Woodcreeper,LC
22703103,59150,Ovenbirds,Dendroplex kienerii,Zimmer's Woodcreeper,LC
22703177,59230,Ovenbirds,Drymotoxeres pucheranii,Greater Scythebill,LC
22703155,59250,Ovenbirds,Lepidocolaptes angustirostris,Narrow-billed Woodcreeper,LC
22703152,59300,Ovenbirds,Lepidocolaptes souleyetii,Streak-headed Woodcreeper,LC
22733132,59330,Ovenbirds,Lepidocolaptes lacrymiger,Montane Woodcreeper,LC
22736309,62220,Ovenbirds,Synallaxis beverlyae,Orinoco Spinetail,NT
22702290,62250,Ovenbirds,Synallaxis azarae,Azara's Spinetail,LC
22701183,62310,Manakins,Neopelma pallescens,Pale-bellied Tyrant-manakin,LC
22701169,62430,Manakins,Heterocercus linteatus,Flame-crested Manakin,LC
22701103,62440,Manakins,Manacus candei,White-collared Manakin,LC
22701109,62460,Manakins,Manacus vitellinus,Golden-collared Manakin,LC
22700988,62500,Manakins,Pipra fasciicauda,Band-tailed Manakin,LC
103676114,62520,Manakins,Machaeropterus striolatus,Striolated Manakin,LC
22701009,62570,Manakins,Pseudopipra pipra,White-crowned Manakin,LC
22700994,62590,Manakins,Ceratopipra mentalis,Red-capped Manakin,LC
22701027,62690,Manakins,Lepidothrix serena,White-fronted Manakin,LC
22701050,62710,Manakins,Lepidothrix nattereri,Snow-capped Manakin,LC
22701087,62770,Manakins,Masius chrysopterus,Golden-winged Manakin,LC
103676541,62780,Manakins,Corapipo leucorrhoa,White-ruffed Manakin,LC
22701083,62880,Manakins,Chiroxiphia caudata,Blue Manakin,LC
22700800,62970,Cotingas,Pipreola pulchra,Masked Fruiteater,LC
22700695,63100,Cotingas,Phoenicircus nigricollis,Black-necked Red Cotinga,LC
22700770,63120,Cotingas,Phytotoma rara,Rufous-tailed Plantcutter,LC
22724773,63150,Cotingas,Phibalura flavirostris,Swallow-tailed Cotinga,LC
22724784,63160,Cotingas,Phibalura boliviana,Apolo Cotinga,EN
22700747,63190,Cotingas,Doliornis remseni,Chestnut-bellied Cotinga,NT
22700761,63210,Cotingas,Ampelion rufaxilla,Chestnut-crested Cotinga,LC
22700936,63270,Cotingas,Cephalopterus penduliger,Long-wattled Umbrellabird,VU
22700865,63340,Cotingas,Lipaugus streptophorus,Rose-collared Piha,LC
22729457,63360,Cotingas,Lipaugus weberi,Chestnut-capped Piha,CR
22700880,63430,Cotingas,Cotinga maynana,Plum-throated Cotinga,LC
22700874,63470,Cotingas,Cotinga ridgwayi,Turquoise Cotinga,VU
22700883,63490,Cotingas,Cotinga cotinga,Purple-breasted Cotinga,LC
22700916,63520,Cotingas,Gymnoderus foetidus,Bare-necked Fruitcrow,LC
22700897,63540,Cotingas,Xipholena lamellipennis,White-tailed Cotinga,NT
22700904,63580,Cotingas,Carpodectes nitidus,Snowy Cotinga,LC
22699647,63620,Tityras and allies,Onychorhynchus coronatus,Amazonian Royal Flycatcher,LC
22699711,63650,Tityras and allies,Terenotriccus erythrurus,Ruddy-tailed Flycatcher,LC
22698914,65130,Tyrant-flycatchers,Hemitriccus iohannis,Joao's Tody-tyrant,LC
22698918,65140,Tyrant-flycatchers,Hemitriccus striaticollis,Stripe-necked Tody-tyrant,LC
22698945,65230,Tyrant-flycatchers,Hemitriccus rufigularis,Buff-throated Tody-tyrant,LC
22698972,65300,Tyrant-flycatchers,Poecilotriccus senex,Buff-cheeked Tody-flycatcher,LC
22698993,65340,Tyrant-flycatchers,Poecilotriccus latirostris,Rusty-fronted Tody-flycatcher,LC
22699022,65390,Tyrant-flycatchers,Todirostrum poliocephalum,Yellow-lored Tody-flycatcher,LC
22699027,65400,Tyrant-flycatchers,Todirostrum cinereum,Common Tody-flycatcher,LC
22699688,65490,Tyrant-flycatchers,Nephelomyias lintoni,Orange-banded Flycatcher,LC
103680824,65580,Tyrant-flycatchers,Zimmerius vilissimus,Paltry Tyrannulet,LC
22735526,65650,Tyrant-flycatchers,Zimmerius gracilipes,Slender-footed Tyrannulet,LC
22699132,65670,Tyrant-flycatchers,Zimmerius bolivianus,Bolivian Tyrannulet,LC
103681041,65720,Tyrant-flycatchers,Stigmatura napensis,Lesser Wagtail-tyrant,LC
22699292,65900,Tyrant-flycatchers,Elaenia ruficeps,Rufous-crowned Elaenia,LC
103681211,65940,Tyrant-flycatchers,Elaenia sordida,Brazilian Elaenia,LC
22699286,65990,Tyrant-flycatchers,Elaenia pelzelni,Brownish Elaenia,LC
103681244,66030,Tyrant-flycatchers,Elaenia chiriquensis,Lesser Elaenia,LC
103681315,66050,Tyrant-flycatchers,Elaenia pallatangae,Sierran Elaenia,LC
22699242,66230,Tyrant-flycatchers,Myiopagis flavivertex,Yellow-crowned Elaenia,LC
22699245,66250,Tyrant-flycatchers,Myiopagis cotta,Small Jamaican Elaenia,LC
22736120,66320,Tyrant-flycatchers,Phyllomyias weedeni,Yungas Tyrannulet,NT
22728377,66370,Tyrant-flycatchers,Phyllomyias urichi,Urich's Tyrannulet,EN
22699100,66390,Tyrant-flycatchers,Phyllomyias griseocapilla,Grey-capped Tyrannulet,LC
22699423,66660,Tyrant-flycatchers,Polystictus superciliaris,Grey-backed Tachuri,LC
22700208,68330,Tyrant-flycatchers,Muscigralla brevicauda,Short-tailed Field-tyrant,LC
22700354,68400,Tyrant-flycatchers,Attila spadiceus,Bright-rumped Attila,LC
22700596,68410,Tyrant-flycatchers,Legatus leucophaius,Piratic Flycatcher,LC
22700605,68460,Tyrant-flycatchers,Pitangus sulphuratus,Great Kiskadee,LC
131358269,68510,Tyrant-flycatchers,Myiodynastes hemichrysus,Golden-bellied Flycatcher,LC
131366585,68520,Tyrant-flycatchers,Myiodynastes chrysocephalus,Golden-crowned Flycatcher,LC
22731714,68550,Tyrant-flycatchers,Myiodynastes solitarius,Southern Streaked Flycatcher,LC
103682222,68560,Tyrant-flycatchers,Myiodynastes maculatus,Northern Streaked Flycatcher,LC
22700560,68670,Tyrant-flycatchers,Conopias cinchoneti,Lemon-browed Flycatcher,LC
22700523,68700,Tyrant-flycatchers,Griseotyrannus aurantioatrocristatus,Crowned Slaty Flycatcher,LC
22700479,68710,Tyrant-flycatchers,Tyrannus niveigularis,Snowy-throated Kingbird,LC
22700485,68730,Tyrant-flycatchers,Tyrannus melancholicus,Tropical Kingbird,LC
22700494,68760,Tyrant-flycatchers,Tyrannus crassirostris,Thick-billed Kingbird,LC
22700497,68770,Tyrant-flycatchers,Tyrannus verticalis,Western Kingbird,LC
22700503,68830,Tyrant-flycatchers,Tyrannus savana,Fork-tailed Flycatcher,LC
103682320,68900,Tyrant-flycatchers,Sirystes albocinereus,White-rumped Sirystes,LC
103682292,68910,Tyrant-flycatchers,Sirystes sibilator,Sibilant Sirystes,LC
22700415,69000,Tyrant-flycatchers,Myiarchus ferox,Short-crested Flycatcher,LC
22700446,69030,Tyrant-flycatchers,Myiarchus validus,Rufous-tailed Flycatcher,LC
22700430,69140,Tyrant-flycatchers,Myiarchus nuttingi,Nutting's Flycatcher,LC
22703602,69160,Lyrebirds,Menura alberti,Albert's Lyrebird,LC
22731912,69240,Bowerbirds,Archboldia papuensis,Archbold's Bowerbird,LC
22703657,69300,Bowerbirds,Amblyornis flavifrons,Golden-fronted Bowerbird,LC
22703661,69310,Bowerbirds,Prionodura newtoniana,Golden Bowerbird,NT
22703671,69350,Bowerbirds,Sericulus bakeri,Fire-maned Bowerbird,NT
22703688,69380,Bowerbirds,Chlamydera maculata,Spotted Bowerbird,LC
22703682,69390,Bowerbirds,Chlamydera guttata,Western Bowerbird,LC
22703703,69420,Bowerbirds,Chlamydera cerviniventris,Fawn-breasted Bowerbird,LC
22703571,69460,Australasian Treecreepers,Climacteris affinis,White-browed Treecreeper,LC
22703580,69490,Australasian Treecreepers,Climacteris melanurus,Black-tailed Treecreeper,LC
22703715,69520,Fairy-wrens,Chenorhamphus grayi,Broad-billed Fairywren,LC
22703756,69560,Fairy-wrens,Malurus pulcherrimus,Blue-breasted Fairywren,LC
22703740,69610,Fairy-wrens,Malurus splendens,Splendid Fairywren,LC
22703725,69620,Fairy-wrens,Malurus alboscapulatus,White-shouldered Fairywren,LC
22703732,69640,Fairy-wrens,Malurus leucopterus,White-winged Fairywren,LC
22734297,69740,Fairy-wrens,Amytornis striatus,Striated Grasswren,LC
22704484,71330,Honeyeaters,Epthianura albifrons,White-fronted Chat,LC
22703928,71370,Honeyeaters,Timeliopsis fulvigula,Olive Straightbill,LC
22703993,71490,Honeyeaters,Microptilotis albonotatus,Scrub Honeyeater,LC
22703999,71510,Honeyeaters,Microptilotis analogus,Mimic Honeyeater,LC
22703987,71530,Honeyeaters,Microptilotis mimikae,Mottle-breasted Honeyeater,LC
22734941,71540,Honeyeaters,Microptilotis cinereifrons,Elegant Honeyeater,LC
155108940,71550,Honeyeaters,Microptilotis gracilis,Graceful Honeyeater,LC
22704013,71580,Honeyeaters,Microptilotis flavirictus,Yellow-gaped Honeyeater,LC
22704024,71590,Honeyeaters,Microptilotis reticulatus,Streak-breasted Honeyeater,LC
22704043,71660,Honeyeaters,Bolemoreus frenatus,Bridled Honeyeater,LC
22704451,71680,Honeyeaters,Acanthagenys rufogularis,Spiny-cheeked Honeyeater,LC
22704460,71700,Honeyeaters,Anthochaera chrysoptera,Little Wattlebird,LC
22704055,71750,Honeyeaters,Gavicalis versicolor,Varied Honeyeater,LC
22704097,71780,Honeyeaters,Ptilotula penicillata,White-plumed Honeyeater,LC
22704094,71790,Honeyeaters,Ptilotula ornata,Yellow-plumed Honeyeater,LC
22704040,71860,Honeyeaters,Caligavis obscura,Obscure Honeyeater,LC
22704280,72010,Honeyeaters,Melidectes rufocrissalis,Yellow-browed Melidectes,LC
22704284,72020,Honeyeaters,Melidectes foersteri,Huon Melidectes,LC
22704496,72060,Pardalotes,Pardalotus rubricatus,Red-browed Pardalote,LC
22704728,72100,Thornbills,Gerygone mouki,Brown Gerygone,LC
22704689,72110,Thornbills,Gerygone chrysogaster,Yellow-bellied Gerygone,LC
22704705,72160,Thornbills,Gerygone sulphurea,Golden-bellied Gerygone,LC
22704697,72170,Thornbills,Gerygone hypoxantha,Biak Gerygone,NT
22704731,72230,Thornbills,Gerygone modesta,Norfolk Island Gerygone,LC
22704735,72250,Thornbills,Gerygone igata,Grey Gerygone,LC
22704739,72260,Thornbills,Gerygone albofrontata,Chatham Islands Gerygone,LC
22704662,72320,Thornbills,Smicrornis brevirostris,Weebill,LC
22704579,72480,Thornbills,Aethomyias papuensis,Papuan Scrubwren,LC
22704576,72510,Thornbills,Aethomyias arfakianus,Grey-green Scrubwren,LC
22704748,72620,Thornbills,Aphelocephala leucopsis,Southern Whiteface,VU
22704751,72630,Thornbills,Aphelocephala pectoralis,Chestnut-breasted Whiteface,NT
22704647,72660,Thornbills,Acanthiza chrysorrhoa,Yellow-rumped Thornbill,LC
22704624,72670,Thornbills,Acanthiza murina,New Guinea Thornbill,LC
22705499,74140,Whistlers,Pachycephala melanura,Black-tailed Whistler,LC
22705583,74190,Whistlers,Pseudorectes ferrugineus,Rusty Pitohui,LC
22705547,74220,Whistlers,Colluricincla megarhyncha,Little Shrike-thrush,LC
22705561,74240,Whistlers,Colluricincla harmonica,Grey Shrike-thrush,LC
22705324,74270,Whipbirds and wedgebills,Androphobus viridis,Papuan Whipbird,LC
22705336,74300,Whipbirds and wedgebills,Psophodes occidentalis,Chiming Wedgebill,LC
22716548,74370,Vireos,Pteruthius aenobarbus,Chestnut-fronted Shrike-babbler,LC
22705127,74410,Vireos,Cyclarhis nigrirostris,Black-billed Peppershrike,LC
22705315,74440,Vireos,Hylophilus olivaceus,Olivaceous Greenlet,LC
103693596,74470,Vireos,Hylophilus flavipes,Scrub Greenlet,LC
22705134,74560,Vireos,Vireolanius pulchellus,Green Shrike-vireo,LC
103693760,74590,Vireos,Vireolanius mikettae,Pale-legged Shrike-vireo,LC
22705321,74670,Vireos,Pachysylvia decurtata,Lesser Greenlet,LC
22705309,74700,Vireos,Pachysylvia aurantiifrons,Golden-fronted Greenlet,LC
22705240,74730,Vireos,Vireo philadelphicus,Philadelphia Vireo,LC
22705248,74760,Vireos,Vireo flavoviridis,Yellow-green Vireo,LC
22705209,74820,Vireos,Vireo vicinior,Grey Vireo,LC
22705231,74880,Vireos,Vireo plumbeus,Plumbeous Vireo,LC
22705225,74900,Vireos,Vireo osburni,Blue Mountain Vireo,NT
22705216,74910,Vireos,Vireo modestus,Jamaican Vireo,LC
22705159,74960,Vireos,Vireo atricapilla,Black-capped Vireo,NT
22705188,75010,Vireos,Vireo griseus,White-eyed Vireo,LC
22705197,75030,Vireos,Vireo gundlachii,Cuban Vireo,LC
22706741,75100,Cuckooshrikes,Pericrocotus cinnamomeus,Small Minivet,LC
103694129,75120,Cuckooshrikes,Pericrocotus montanus,Grey-throated Minivet,LC
22706511,75290,Cuckooshrikes,Coracina lineata,Barred Cuckooshrike,LC
183458017,75390,Cuckooshrikes,Coracina macei,Indian Cuckooshrike,LC
22706479,75410,Cuckooshrikes,Coracina schistacea,Slaty Cuckooshrike,LC
22706519,75420,Cuckooshrikes,Coracina leucopygia,White-rumped Cuckooshrike,LC
22706470,75430,Cuckooshrikes,Coracina larvata,Sunda Cuckooshrike,LC
22706522,75440,Cuckooshrikes,Coracina papuensis,White-bellied Cuckooshrike,LC
22706486,75450,Cuckooshrikes,Coracina atriceps,Moluccan Cuckooshrike,LC
22706529,75460,Cuckooshrikes,Coracina parvula,Halmahera Cicadabird,LC
22706538,75540,Cuckooshrikes,Ceblepyris pectoralis,White-breasted Cuckooshrike,LC
22707735,77420,Bush-shrikes,Malaconotus blanchoti,Grey-headed Bushshrike,LC
22707455,77530,Bush-shrikes,Dryoscopus gambensis,Northern Puffback,LC
22730664,77640,Bush-shrikes,Chlorophoneus multicolor,Many-colored Bushshrike,LC
103706176,77700,Bush-shrikes,Laniarius poensis,Mountain Sooty Boubou,LC
22707532,77750,Bush-shrikes,Laniarius brauni,Braun's Bushshrike,EN
22707540,77760,Bush-shrikes,Laniarius amboimensis,Gabela Bushshrike,EN
22707566,77820,Bush-shrikes,Laniarius bicolor,Swamp Boubou,LC
22707575,77840,Bush-shrikes,Laniarius barbarus,Yellow-crowned Gonolek,LC
22706924,78020,Silktails,Chaetorhynchus papuensis,Drongo Fantail,LC
22706836,78060,Fantails,Rhipidura atra,Black Fantail,LC
22706787,78070,Fantails,Rhipidura nigrocinnamomea,Black-and-cinnamon Fantail,LC
103707852,78090,Fantails,Rhipidura sauli,Tablas Fantail,VU
103707879,78100,Fantails,Rhipidura albiventris,Visayan Fantail,LC
103709193,78190,Fantails,Rhipidura bouruensis,Buru Fantail,LC
103709290,78220,Fantails,Rhipidura assimilis,Kai Fantail,LC
103708917,78230,Fantails,Rhipidura kordensis,Biak Fantail,LC
103709405,78260,Fantails,Rhipidura coultasi,White-gorgeted Fantail,NT
22706821,78280,Fantails,Rhipidura threnothorax,Sooty Thicket-fantail,LC
22706826,78290,Fantails,Rhipidura maculipectus,Black Thicket-fantail,LC
103709532,78330,Fantails,Rhipidura nigritorquis,Philippine Pied Fantail,LC
22706881,78380,Fantails,Rhipidura brachyrhyncha,Dimorphic Fantail,LC
22735724,78520,Fantails,Rhipidura dryas,Arafura Fantail,LC
103710131,78550,Fantails,Rhipidura drownei,Bougainville Fantail,LC
103710179,78560,Fantails,Rhipidura ocularis,Guadalcanal Fantail,LC
103710745,78600,Fantails,Rhipidura rufilateralis,Taveuni Streaked Fantail,NT
103710902,78820,Drongos,Dicrurus adsimilis,Fork-tailed Drongo,LC
22706947,78840,Drongos,Dicrurus fuscipennis,Comoro Drongo,EN
22706957,78870,Drongos,Dicrurus waldenii,Mayotte Drongo,VU
22706964,78890,Drongos,Dicrurus leucophaeus,Ashy Drongo,LC
22705021,80510,Shrikes,Lanius souzae,Souza's Shrike,LC
22705011,80530,Shrikes,Lanius cristatus,Brown Shrike,LC
22705026,80590,Shrikes,Lanius vittatus,Bay-backed Shrike,LC
22705080,80780,Shrikes,Lanius newtoni,Newton's Fiscal,CR
22705095,80790,Shrikes,Lanius senator,Woodchat Shrike,NT
22705862,80910,Crows and jays,Temnurus temnurus,Ratchet-tailed Treepie,LC
22705836,80940,Crows and jays,Dendrocitta vagabunda,Rufous Treepie,LC
22705846,80980,Crows and jays,Dendrocitta leucogastra,White-bellied Treepie,LC
22705849,80990,Crows and jays,Dendrocitta frontalis,Collared Treepie,LC
103726378,81240,Crows and jays,Garrulus leucotis,White-faced Jay,LC
22705768,81250,Crows and jays,Garrulus lanceolatus,Black-headed Jay,LC
22705935,81450,Crows and jays,Corvus dauuricus,Daurian Jackdaw,LC
22705978,81500,Crows and jays,Corvus capensis,Cape Crow,LC
22705993,81510,Crows and jays,Corvus ossifragus,Fish Crow,LC
22705999,81520,Crows and jays,Corvus sinaloae,Sinaloa Crow,LC
22705953,81710,Crows and jays,Corvus unicolor,Banggai Crow,CR
22705966,81760,Crows and jays,Corvus meeki,Bougainville Crow,LC
103727557,81810,Crows and jays,Corvus orru,Torresian Crow,LC
22705672,82000,Crows and jays,Cyanolyca nanus,Dwarf Jay,NT
22705663,82040,Crows and jays,Cyanolyca cucullata,Azure-hooded Jay,LC
103727711,82050,Crows and jays,Cyanolyca quindiuna,Quindio Jay,LC
22705649,82070,Crows and jays,Cyanolyca turcosa,Turquoise Jay,LC
22705652,82080,Crows and jays,Cyanolyca viridicyanus,White-collared Jay,LC
22724967,82120,Crows and jays,Aphelocoma wollweberi,Mexican Jay,LC
103727785,82150,Crows and jays,Aphelocoma californica,Western Scrub-jay,LC
22705714,82230,Crows and jays,Cyanocorax cristatellus,Curl-crested Jay,LC
22705756,82260,Crows and jays,Cyanocorax colliei,Black-throated Magpie-jay,LC
103753484,83700,Australasian robins,Heteromyias armiti,Black-capped Robin,LC
103753555,83710,Australasian robins,Heteromyias cinereifrons,Grey-headed Robin,NT
22704880,83750,Australasian robins,Gennaeodryas placens,Banded Yellow Robin,LC
22704889,83840,Australasian robins,Peneothello cryptoleuca,Smoky Robin,LC
22706775,83940,Fairy Flycatcher and allies,Chelidorhynx hypoxanthus,Yellow-bellied Fairy-fantail,LC
22709600,83960,Fairy Flycatcher and allies,Culicicapa helianthea,Citrine Canary-flycatcher,LC
22707043,83990,Fairy Flycatcher and allies,Elminia albiventris,White-bellied Crested-flycatcher,LC
22707021,84000,Fairy Flycatcher and allies,Elminia longicauda,African Blue Flycatcher,LC
22707028,84010,Fairy Flycatcher and allies,Elminia albicauda,White-tailed Blue Flycatcher,LC
22711805,84070,Tits and chickadees,Pardaliparus amabilis,Palawan Tit,NT
22735965,84080,Tits and chickadees,Periparus ater,Coal Tit,LC
22711775,84090,Tits and chickadees,Periparus rufonuchalis,Rufous-naped Tit,LC
22711989,84130,Tits and chickadees,Baeolophus atricristatus,Black-crested Titmouse,LC
22711978,84150,Tits and chickadees,Baeolophus inornatus,Oak Titmouse,LC
22711964,84180,Tits and chickadees,Sittiparus semilarvatus,White-fronted Tit,NT
103761667,84410,Tits and chickadees,Cyanistes caeruleus,Eurasian Blue Tit,LC
22711881,84780,Tits and chickadees,Melaniparus thruppi,Somali Tit,LC
22711869,84790,Tits and chickadees,Melaniparus fringillinus,Red-throated Tit,LC
22711896,84820,Tits and chickadees,Melaniparus cinerascens,Ashy Tit,LC
155249960,84860,Penduline-tits,Remiz pendulinus,Eurasian Penduline-tit,LC
22711653,84950,Penduline-tits,Anthoscopus musculus,Mouse-coloured Penduline-tit,LC
22731087,84970,Penduline-tits,Anthoscopus caroli,Grey Penduline-tit,LC
22711674,84980,Penduline-tits,Anthoscopus sylviella,Buff-bellied Penduline-Tit,LC
22717188,85040,Larks,Chersomanes albofasciata,Spike-heeled Lark,LC
22717164,85060,Larks,Certhilauda chuana,Short-clawed Lark,LC
22717247,85210,Larks,Ammomanes phoenicura,Rufous-tailed Lark,NT
22717197,85230,Larks,Eremopterix australis,Black-eared Sparrow-lark,LC
22717192,85240,Larks,Eremopterix leucotis,Chestnut-backed Sparrow-lark,LC
103771879,86800,Cisticolas and allies,Artisornis moreaui,Long-billed Forest-warbler,EN
103772612,86930,Cisticolas and allies,Apalis flavida,Yellow-breasted Apalis,LC
22713741,86950,Cisticolas and allies,Apalis binotata,Masked Apalis,LC
22713737,86980,Cisticolas and allies,Apalis chariessa,White-winged Apalis,NT
22713770,87060,Cisticolas and allies,Apalis rufogularis,Buff-throated Apalis,LC
22713825,87130,Cisticolas and allies,Apalis alticola,Brown-headed Apalis,LC
22714944,87230,Cisticolas and allies,Phyllolais pulchella,Buff-bellied Warbler,LC
103774747,87320,Cisticolas and allies,Camaroptera harterti,Hartert's Camaroptera,LC
22735027,87420,Cisticolas and allies,Micromacronus leytensis,Visayan Miniature Babbler,NT
22714578,87450,Cisticolas and allies,Scepomycter winifredae,Winifred's Warbler,NT
22713287,87560,Cisticolas and allies,Cisticola anonymus,Chattering Cisticola,LC
22713309,87590,Cisticolas and allies,Cisticola hunteri,Hunter's Cisticola,LC
216556469,87600,Cisticolas and allies,Cisticola bakerorum,Kilombero Cisticola,VU
103776172,87760,Cisticolas and allies,Cisticola luapula,Luapula Cisticola,LC
103776048,87770,Cisticolas and allies,Cisticola galactotes,Rufous-winged Cisticola,LC
22713419,87800,Cisticolas and allies,Cisticola tinniens,Levaillant's Cisticola,LC
22713430,87810,Cisticolas and allies,Cisticola robustus,Stout Cisticola,LC
22713508,87950,Cisticolas and allies,Cisticola cherina,Madagascar Cisticola,LC
22713524,87980,Cisticolas and allies,Cisticola eximius,Black-backed Cisticola,LC
22713530,87990,Cisticolas and allies,Cisticola dambo,Dambo Cisticola,LC
103776392,88000,Cisticolas and allies,Cisticola brunnescens,Pectoral-patch Cisticola,LC
103776986,88270,Cisticolas and allies,Prinia superciliaris,Hill Prinia,LC
22713581,88290,Cisticolas and allies,Prinia buchanani,Rufous-fronted Prinia,LC
103798407,89950,Grasshopper-warblers and grassbirds,Poodytes punctatus,New Zealand Fernbird,LC
22728902,89970,Grasshopper-warblers and grassbirds,Poodytes rufescens,Chatham Islands Fernbird,EX
22715511,90000,Grasshopper-warblers and grassbirds,Cincloramphus cruralis,Brown Songlark,LC
22715514,90010,Grasshopper-warblers and grassbirds,Cincloramphus mathewsi,Rufous Songlark,LC
22715521,90020,Grasshopper-warblers and grassbirds,Cincloramphus bivittatus,Buff-banded Bushbird,LC
22715525,90050,Grasshopper-warblers and grassbirds,Cincloramphus mariae,New Caledonian Thicketbird,LC
103798480,90090,Grasshopper-warblers and grassbirds,Cincloramphus whitneyi,Santo Thicketbird,LC
22715494,90130,Grasshopper-warblers and grassbirds,Megalurus palustris,Striated Grassbird,LC
22715559,90150,Grasshopper-warblers and grassbirds,Schoenicola striatus,Bristled Grassbird,VU
22714497,90250,Grasshopper-warblers and grassbirds,Bradypterus barratti,Barratt's Warbler,LC
22716763,90380,Tetrakas,Oxylabes madagascariensis,White-throated Oxylabes,NT
22714629,90410,Tetrakas,Thamnornis chloropetoides,Thamnornis,LC
22712509,90540,Swallows and martins,Psalidoprocne fuliginosa,Mountain Saw-wing,LC
22712412,90750,Swallows and martins,Petrochelidon spilodera,South African Swallow,LC
22712449,90780,Swallows and martins,Petrochelidon nigricans,Tree Martin,LC
22712427,90790,Swallows and martins,Petrochelidon pyrrhonota,Cliff Swallow,LC
22712350,90820,Swallows and martins,Cecropis abyssinica,Lesser Striped Swallow,LC
22712358,90830,Swallows and martins,Cecropis semirufa,Rufous-chested Swallow,LC
22712365,90840,Swallows and martins,Cecropis senegalensis,Mosque Swallow,LC
22712342,90850,Swallows and martins,Cecropis cucullata,Greater Striped Swallow,LC
103812643,90860,Swallows and martins,Cecropis daurica,Red-rumped Swallow,LC
22712278,90940,Swallows and martins,Hirundo albigularis,White-throated Swallow,LC
104005679,91160,Swallows and martins,Ptyonoprogne fuligula,Large Rock Martin,LC
22712246,91170,Swallows and martins,Ptyonoprogne concolor,Dusky Crag Martin,LC
22712202,91210,Swallows and martins,Phedinopsis brazzae,Brazza's Martin,LC
22712092,91400,Swallows and martins,Progne tapera,Brown-chested Martin,LC
22712098,91430,Swallows and martins,Progne subis,Purple Martin,LC
22712107,91460,Swallows and martins,Progne sinaloae,Sinaloa Martin,VU
22712597,93030,Bulbuls,Spizixos canifrons,Crested Finchbill,LC
103825842,93060,Bulbuls,Rubigula melanictera,Black-capped Bulbul,LC
22712747,93130,Bulbuls,Ixidia erythropthalmos,Spectacled Bulbul,LC
22712603,93140,Bulbuls,Pycnonotus zeylanicus,Straw-headed Bulbul,CR
22712671,93250,Bulbuls,Pycnonotus nigricans,Black-fronted Bulbul,LC
103833866,93320,Bulbuls,Pycnonotus finlaysoni,Stripe-throated Bulbul,LC
22712719,93330,Bulbuls,Pycnonotus xantholaemus,Yellow-throated Bulbul,LC
22712731,93370,Bulbuls,Pycnonotus goiavier,Yellow-vented Bulbul,LC
22712728,93380,Bulbuls,Pycnonotus luteolus,White-browed Bulbul,LC
103836079,93580,Bulbuls,Brachypodius atriceps,Black-headed Bulbul,LC
22712619,93600,Bulbuls,Brachypodius priocephalus,Grey-headed Bulbul,LC
22713173,93630,Bulbuls,Acritillas indica,Yellow-browed Bulbul,LC
22715260,93660,Leaf-warblers,Phylloscopus sibilatrix,Wood Warbler,LC
22715305,93680,Leaf-warblers,Phylloscopus subviridis,Brooks's Leaf-warbler,LC
22715264,93770,Leaf-warblers,Phylloscopus fuscatus,Dusky Warbler,LC
22715267,93780,Leaf-warblers,Phylloscopus fuligiventer,Smoky Warbler,LC
22715240,93800,Leaf-warblers,Phylloscopus trochilus,Willow Warbler,LC
103843725,93820,Leaf-warblers,Phylloscopus collybita,Common Chiffchaff,LC
103844067,93830,Leaf-warblers,Phylloscopus tristis,Siberian Chiffchaff,LC
22715270,93890,Leaf-warblers,Phylloscopus affinis,Tickell's Leaf-warbler,LC
22715281,93900,Leaf-warblers,Phylloscopus armandii,Yellow-streaked Warbler,LC
22734347,93940,Leaf-warblers,Phylloscopus burkii,Green-crowned Warbler,LC
22732738,93960,Leaf-warblers,Phylloscopus omeiensis,Martens's Warbler,LC
22732744,93970,Leaf-warblers,Phylloscopus soror,Alström's Warbler,LC
22732760,93990,Leaf-warblers,Phylloscopus whistleri,Whistler's Warbler,LC
22715375,94010,Leaf-warblers,Phylloscopus olivaceus,Philippine Leaf-warbler,LC
22715353,94030,Leaf-warblers,Phylloscopus ijimae,Ijima's Leaf-warbler,VU
22715234,94040,Leaf-warblers,Phylloscopus umbrovirens,Brown Woodland-warbler,LC
22715228,94050,Leaf-warblers,Phylloscopus budongoensis,Uganda Woodland-warbler,LC
22715222,94060,Leaf-warblers,Phylloscopus herberti,Black-capped Woodland-warbler,LC
22715207,94090,Leaf-warblers,Phylloscopus ruficapilla,Yellow-throated Woodland-warbler,LC
103845882,94180,Leaf-warblers,Phylloscopus borealis,Arctic Warbler,LC
22715372,94260,Leaf-warblers,Phylloscopus ricketti,Sulphur-breasted Warbler,LC
22734268,94270,Leaf-warblers,Phylloscopus claudiae,Claudia's Leaf-warbler,LC
22715344,94290,Leaf-warblers,Phylloscopus occipitalis,Western Crowned Leaf-warbler,LC
103866023,94360,Leaf-warblers,Phylloscopus maforensis,Numfor Leaf-warbler,NT
22735197,96060,White-eyes and Yuhinas,Staphida castaniceps,Striated Yuhina,LC
22716746,96090,White-eyes and Yuhinas,Yuhina brunneiceps,Taiwan Yuhina,LC
22716737,96140,White-eyes and Yuhinas,Yuhina gularis,Stripe-throated Yuhina,LC
22716201,96210,White-eyes and Yuhinas,Sterrhoptilus dennistouni,Golden-crowned Babbler,NT
22716243,96220,White-eyes and Yuhinas,Zosterornis hypogrammicus,Palawan Striped Babbler,LC
22716237,96250,White-eyes and Yuhinas,Zosterornis nigrorum,Negros Striped Babbler,EN
22704125,96280,White-eyes and Yuhinas,Apalopteron familiare,Bonin White-eye,LC
22714307,96300,White-eyes and Yuhinas,Heleia superciliaris,Cream-browed White-eye,LC
22714295,96350,White-eyes and Yuhinas,Heleia javanica,Javan Grey-throated White-eye,LC
22714023,96430,White-eyes and Yuhinas,Zosterops ceylonensis,Sri Lanka White-eye,LC
103889260,96460,White-eyes and Yuhinas,Zosterops abyssinicus,Abyssinian White-eye,LC
22713976,96550,White-eyes and Yuhinas,Zosterops mouroniensis,Mount Karthala White-eye,NT
22714000,96570,White-eyes and Yuhinas,Zosterops olivaceus,Reunion Olive White-eye,LC
103888890,96590,White-eyes and Yuhinas,Zosterops mauritianus,Mauritius Grey White-eye,LC
103891253,96730,White-eyes and Yuhinas,Zosterops mbuluensis,Mbulu White-eye,LC
103889573,96800,White-eyes and Yuhinas,Zosterops pallidus,Orange River White-eye,LC
22714082,96850,White-eyes and Yuhinas,Zosterops flavus,Javan White-eye,EN
216557421,96860,White-eyes and Yuhinas,Zosterops meratusensis,Meratus White-eye,LC
216915661,96880,White-eyes and Yuhinas,Zosterops flavissimus,Wakatobi White-eye,LC
22736183,96910,White-eyes and Yuhinas,Zosterops somadikartai,Togian White-eye,NT
22714212,97020,White-eyes and Yuhinas,Zosterops lateralis,Silvereye,LC
103892045,97050,White-eyes and Yuhinas,Zosterops crookshanki,Oya Tabu White-eye,LC
22735563,97080,White-eyes and Yuhinas,Zosterops gibbsi,Vanikoro White-eye,LC
22714238,97100,White-eyes and Yuhinas,Zosterops explorator,Fiji White-eye,LC
22714103,97290,White-eyes and Yuhinas,Zosterops uropygialis,Kai Kecil White-eye,NT
232637624,97320,White-eyes and Yuhinas,Zosterops tetiparius,Dark-eyed White-eye,LC
22714043,97370,White-eyes and Yuhinas,Zosterops saypani,Saipan White-eye,NT
22714229,97420,White-eyes and Yuhinas,Zosterops albogularis,White-chested White-eye,EX
22714226,97450,White-eyes and Yuhinas,Zosterops tenuirostris,Slender-billed White-eye,VU
22710751,103570,Starlings,Lamprotornis purpuroptera,Rüppell's Starling,LC
22710723,103620,Starlings,Lamprotornis ornatus,Principe Starling,LC
22710675,103740,Starlings,Lamprotornis nitens,Cape Starling,LC
22716849,103850,Starlings,Rhabdornis mystacalis,Stripe-headed Rhabdornis,LC
22716853,103860,Starlings,Rhabdornis grandis,Grand Rhabdornis,LC
103878304,103870,Starlings,Rhabdornis rabori,Visayan Rhabdornis,LC
22710952,104010,Starlings,Mino anais,Golden Myna,LC
22710988,104030,Starlings,Gracula ptilogenys,Sri Lanka Hill Myna,NT
181767865,104120,Starlings,Aplonis metallica,Metallic Starling,LC
22710531,104170,Starlings,Aplonis feadensis,Atoll Starling,NT
22710547,104280,Starlings,Aplonis minor,Short-tailed Starling,LC
22710493,104320,Starlings,Aplonis atrifusca,Samoan Starling,LC
22710499,104360,Starlings,Aplonis mavornata,Mysterious Starling,EX
22711023,104400,Mockingbirds and thrashers,Melanotis hypoleucus,Blue-and-white Mockingbird,LC
22711017,104410,Mockingbirds and thrashers,Melanoptila glabrirostris,Black Catbird,LC
22711147,104450,Mockingbirds and thrashers,Margarops fuscatus,Pearly-eyed Thrasher,LC
22711038,104490,Mockingbirds and thrashers,Mimus patagonicus,Patagonian Mockingbird,LC
22711026,104540,Mockingbirds and thrashers,Mimus polyglottos,Northern Mockingbird,LC
22711108,104680,Mockingbirds and thrashers,Toxostoma bendirei,Bendire's Thrasher,VU
22708188,104770,Thrushes,Neocossyphus rufus,Red-tailed Ant-thrush,LC
103879069,104820,Thrushes,Stizorhina finschi,Finsch's Flycatcher-thrush,NT
22708579,104880,Thrushes,Myadestes obscurus,Omao,NT
22708596,104910,Thrushes,Myadestes genibarbis,Rufous-throated Solitaire,LC
22708590,104920,Thrushes,Myadestes occidentalis,Brown-backed Solitaire,LC
22708605,104960,Thrushes,Myadestes ralloides,Andean Solitaire,LC
22708487,104980,Thrushes,Zoothera dixoni,Long-tailed Thrush,LC
22708385,105310,Thrushes,Ixoreus naevius,Varied Thrush,LC
103881097,105360,Thrushes,Cichlopsis gularis,Guianan Solitaire,NT
103880486,105370,Thrushes,Cichlopsis leucogenys,Rufous-brown Solitaire,VU
103881682,105420,Thrushes,Catharus ustulatus,Russet-backed Thrush,LC
22708658,105440,Thrushes,Catharus minimus,Grey-cheeked Thrush,LC
22728467,105450,Thrushes,Catharus bicknelli,Bicknell's Thrush,VU
155183424,105520,Thrushes,Catharus dryas,Gould's Nightingale-thrush,LC
155183519,105530,Thrushes,Catharus maculatus,Sclater's Nightingale-thrush,LC
22708635,105540,Thrushes,Catharus fuscater,Slaty-backed Nightingale-thrush,LC
22708375,105670,Thrushes,Geokichla citrina,Orange-headed Thrush,LC
22733682,105690,Thrushes,Geokichla erythronota,Red-backed Thrush,NT
22732961,105700,Thrushes,Geokichla mendeni,Red-and-black Thrush,NT
22708826,105890,Thrushes,Otocichla mupinensis,Chinese Thrush,LC
22734114,105970,Thrushes,Turdus roehli,Usambara Thrush,NT
22708888,106010,Thrushes,Turdus leucomelas,Pale-breasted Thrush,LC
103888313,106030,Thrushes,Turdus hauxwelli,Hauxwell's Thrush,LC
22708902,106050,Thrushes,Turdus lawrencii,Lawrence's Thrush,LC
103888237,106150,Thrushes,Turdus mandarinus,Chinese Blackbird,LC
22708707,106170,Thrushes,Turdus tephronotus,Bare-eyed Thrush,LC
22708935,106250,Thrushes,Turdus jamaicensis,White-eyed Thrush,LC
103891001,106460,Thrushes,Turdus debilis,Floodplain Thrush,LC
103891921,106530,Thrushes,Turdus plumbeus,Northern Red-legged Thrush,LC
103891941,106540,Thrushes,Turdus rubripes,Western Red-legged Thrush,LC
103891946,106550,Thrushes,Turdus ardosiaceus,Eastern Red-legged Thrush,LC
103891997,106570,Thrushes,Turdus niveiceps,Taiwan Thrush,LC
22708762,106600,Thrushes,Turdus cardis,Japanese Thrush,LC
22708790,106650,Thrushes,Turdus feae,Grey-sided Thrush,VU
22708800,106670,Thrushes,Turdus chrysolaus,Brown-headed Thrush,LC
103891993,106690,Thrushes,Turdus poliocephalus,Island Thrush,LC
22708816,106720,Thrushes,Turdus pilaris,Fieldfare,LC
22736108,106780,Thrushes,Turdus atrogularis,Black-throated Thrush,LC
22730755,107000,Old World Flycatchers and Chats,Alethe diademata,White-tailed Alethe,LC
103893527,107130,Old World Flycatchers and Chats,Copsychus mindanensis,Philippine Magpie-robin,LC
103894787,107230,Old World Flycatchers and Chats,Copsychus albiventris,Andaman Shama,LC
22709211,107350,Old World Flycatchers and Chats,Muscicapa randi,Ashy-breasted Flycatcher,VU
22709255,107380,Old World Flycatchers and Chats,Muscicapa adusta,African Dusky Flycatcher,LC
22709196,107400,Old World Flycatchers and Chats,Muscicapa gambagae,Gambaga Flycatcher,LC
22709101,107570,Old World Flycatchers and Chats,Fraseria ocreata,African Forest-flycatcher,LC
22709297,107580,Old World Flycatchers and Chats,Fraseria plumbea,Grey Tit-flycatcher,LC
22709974,107670,Old World Flycatchers and Chats,Namibornis herero,Herero Chat,LC
22709073,107700,Old World Flycatchers and Chats,Melaenornis brunneus,Angola Slaty-flycatcher,LC
22709090,107720,Old World Flycatchers and Chats,Melaenornis ardesiacus,Yellow-eyed Black-flycatcher,LC
22709085,107750,Old World Flycatchers and Chats,Melaenornis pammelaina,Southern Black-flycatcher,LC
22709473,107770,Old World Flycatchers and Chats,Niltava sundara,Rufous-bellied Niltava,LC
103756772,107810,Old World Flycatchers and Chats,Niltava vivida,Small Vivid Niltava,LC
22709470,107820,Old World Flycatchers and Chats,Niltava davidi,Fujian Niltava,LC
103761332,107960,Old World Flycatchers and Chats,Eumyias oscillans,Russet-backed Warbling-flycatcher,LC
22709490,107990,Old World Flycatchers and Chats,Eumyias hoevelli,Blue-fronted Warbling-flycatcher,LC
103761482,108030,Old World Flycatchers and Chats,Cyornis nicobaricus,Nicobar Jungle-flycatcher,NT
103761460,108040,Old World Flycatchers and Chats,Cyornis brunneatus,Brown-chested Jungle-flycatcher,VU
22709161,108070,Old World Flycatchers and Chats,Cyornis ruficauda,Rufous-tailed Jungle-flycatcher,LC
22709532,108100,Old World Flycatchers and Chats,Cyornis unicolor,Pale Blue Flycatcher,LC
22709519,108140,Old World Flycatchers and Chats,Cyornis pallidipes,White-bellied Blue Flycatcher,LC
216915083,108170,Old World Flycatchers and Chats,Cyornis banyumas,Javan Blue Flycatcher,CR
216915119,108190,Old World Flycatchers and Chats,Cyornis montanus,Dayak Blue Flycatcher,LC
103762252,108260,Old World Flycatchers and Chats,Cyornis glaucicomans,Chinese Blue Flycatcher,LC
22709514,108270,Old World Flycatchers and Chats,Cyornis hainanus,Hainan Blue Flycatcher,LC
22709566,108290,Old World Flycatchers and Chats,Cyornis turcosus,Malaysian Blue Flycatcher,NT
22709616,108560,Old World Flycatchers and Chats,Swynnertonia swynnertoni,Swynnerton's Robin,NT
22708996,108570,Old World Flycatchers and Chats,Chamaetylas poliophrys,Red-throated Alethe,LC
22708992,108580,Old World Flycatchers and Chats,Chamaetylas poliocephala,Brown-chested Alethe,LC
22709828,108640,Old World Flycatchers and Chats,Cossypha natalensis,Red-capped Robin-chat,LC
22709840,108660,Old World Flycatchers and Chats,Cossypha heinrichi,White-headed Robin-chat,LC
22709847,108670,Old World Flycatchers and Chats,Cossypha niveicapilla,Snowy-crowned Robin-chat,LC
22709864,108770,Old World Flycatchers and Chats,Cichladusa arquata,Collared Palm-thrush,LC
22709876,108790,Old World Flycatchers and Chats,Cichladusa guttata,Spotted Palm-thrush,LC
22735022,108820,Old World Flycatchers and Chats,Sheppardia aurantiithorax,Rubeho Akalat,EN
22709642,108840,Old World Flycatchers and Chats,Sheppardia aequatorialis,Equatorial Akalat,LC
22709650,108860,Old World Flycatchers and Chats,Sheppardia gunningi,East Coast Akalat,NT
103766783,108900,Old World Flycatchers and Chats,Sheppardia bocagei,Bocage's Akalat,LC
103866279,108950,Old World Flycatchers and Chats,Heinrichia calligyna,Great Shortwing,LC
22709182,108980,Old World Flycatchers and Chats,Vauriella albigularis,White-throated Jungle-flycatcher,VU
103866639,109090,Old World Flycatchers and Chats,Brachypteryx saturata,Sumatran Shortwing,LC
22709727,109150,Old World Flycatchers and Chats,Larvivora brunnea,Indian Blue Robin,LC
22709730,109160,Old World Flycatchers and Chats,Larvivora cyane,Siberian Blue Robin,LC
103767606,109180,Old World Flycatchers and Chats,Larvivora akahige,Japanese Robin,LC
22709691,109270,Old World Flycatchers and Chats,Luscinia luscinia,Thrush Nightingale,LC
103768539,109320,Old World Flycatchers and Chats,Calliope pectoralis,Himalayan Rubythroat,LC
103768823,109350,Old World Flycatchers and Chats,Myiomela leucura,White-tailed Blue Robin,LC
22734062,109360,Old World Flycatchers and Chats,Myiomela cambodiana,Cambodian Blue Robin,LC
22735423,109400,Old World Flycatchers and Chats,Sholicola albiventris,White-bellied Sholakili,NT
22709748,109410,Old World Flycatchers and Chats,Tarsiger hyperythrus,Rufous-breasted Bush-robin,LC
105294257,109420,Old World Flycatchers and Chats,Tarsiger cyanurus,Orange-flanked Bush-robin,LC
22709743,109440,Old World Flycatchers and Chats,Tarsiger indicus,White-browed Bush-robin,LC
22709738,109460,Old World Flycatchers and Chats,Tarsiger chrysaeus,Golden Bush-robin,LC
22710126,109500,Old World Flycatchers and Chats,Enicurus velatus,Sunda Forktail,LC
22732967,109600,Old World Flycatchers and Chats,Myophonus castaneus,Sumatran Whistling-thrush,LC
22708334,109640,Old World Flycatchers and Chats,Myophonus insularis,Taiwan Whistling-thrush,LC
103769400,109680,Old World Flycatchers and Chats,Ficedula elisae,Green-backed Flycatcher,LC
22709591,109750,Old World Flycatchers and Chats,Ficedula hodgsoni,Pygmy Blue Flycatcher,LC
22704342,111320,Oos,Moho nobilis,Hawaii Oo,EX
22704348,111330,Oos,Chaetoptila angustipluma,Kioea,EX
22715783,111370,Spot-throat and allies,Arcanator orostruthus,Dapple-throat,NT
22704953,111460,Leafbirds,Chloropsis cyanopogon,Lesser Green Leafbird,NT
103775599,111550,Leafbirds,Chloropsis moluccensis,Blue-winged Leafbird,LC
22717454,111620,Flowerpeckers,Prionochilus maculatus,Yellow-breasted Flowerpecker,LC
22717463,111640,Flowerpeckers,Prionochilus xanthopygius,Yellow-rumped Flowerpecker,LC
22717457,111650,Flowerpeckers,Prionochilus percussus,Crimson-breasted Flowerpecker,LC
103776050,111760,Flowerpeckers,Dicaeum kampalili,Flame-crowned Flowerpecker,LC
22717494,111780,Flowerpeckers,Dicaeum aureolimbatum,Yellow-sided Flowerpecker,LC
22717507,111830,Flowerpeckers,Dicaeum quadricolor,Cebu Flowerpecker,CR
22717534,111900,Flowerpeckers,Dicaeum nehrkorni,Crimson-crowned Flowerpecker,LC
103776352,111910,Flowerpeckers,Dicaeum schistaceiceps,Halmahera Flowerpecker,LC
103776345,111920,Flowerpeckers,Dicaeum erythrothorax,Buru Flowerpecker,LC
22717552,112100,Flowerpeckers,Dicaeum eximium,Red-banded Flowerpecker,LC
22717549,112120,Flowerpeckers,Dicaeum nitidum,Louisiade Flowerpecker,LC
103778206,112130,Flowerpeckers,Dicaeum keiense,Pink-breasted Flowerpecker,LC
103778680,112300,Sunbirds,Arachnothera dilutior,Palawan Spiderhunter,LC
103792501,112380,Sunbirds,Arachnothera modesta,Grey-breasted Spiderhunter,LC
22717680,112420,Sunbirds,Kurochkinegramma hypogrammica,Purple-naped Spiderhunter,LC
103792577,112440,Sunbirds,Deleornis fraseri,Fraser's Sunbird,LC
103792631,112510,Sunbirds,Anthreptes griseigularis,Grey-throated Sunbird,LC
22717618,112520,Sunbirds,Anthreptes rhodolaemus,Red-throated Sunbird,NT
22717629,112530,Sunbirds,Anthreptes gabonicus,Mouse-brown Sunbird,LC
22717635,112540,Sunbirds,Anthreptes longuemarei,Western Violet-backed Sunbird,LC
22717640,112550,Sunbirds,Anthreptes orientalis,Eastern Violet-backed Sunbird,LC
103792746,112590,Sunbirds,Anthreptes rectirostris,Yellow-chinned Sunbird,LC
22717668,112660,Sunbirds,Hedydipna collaris,Collared Sunbird,LC
22717709,112710,Sunbirds,Anabathmis hartlaubii,Principe Sunbird,LC
22717714,112720,Sunbirds,Anabathmis newtonii,Newton's Sunbird,LC
22717738,112750,Sunbirds,Cyanomitra verticalis,Green-headed Sunbird,LC
22719685,117170,Waxbills,Poephila personata,Masked Finch,LC
22719692,117190,Waxbills,Poephila cincta,Black-throated Finch,LC
22719695,117240,Waxbills,Erythrura hyperythra,Tawny-breasted Parrotfinch,LC
106022210,117320,Waxbills,Erythrura cyaneovirens,Red-headed Parrotfinch,LC
22719739,117340,Waxbills,Erythrura kleinschmidti,Pink-billed Parrotfinch,VU
22719967,117470,Whydahs and Indigobirds,Vidua wilsoni,Wilson's Indigobird,LC
22728558,117490,Whydahs and Indigobirds,Vidua maryae,Jos Plateau Indigobird,LC
22732839,117510,Whydahs and Indigobirds,Vidua nigeriae,Quailfinch Indigobird,LC
22719956,117530,Whydahs and Indigobirds,Vidua codringtoni,Green Indigobird,LC
22736178,117540,Whydahs and Indigobirds,Vidua funerea,Dusky Indigobird,LC
22719962,117560,Whydahs and Indigobirds,Vidua purpurascens,Purple Indigobird,LC
22719254,117610,Whydahs and Indigobirds,Anomalospiza imberbis,Cuckoo-finch,LC
103819014,117640,Old World Sparrows,Passer italiae,Italian Sparrow,VU
22736015,117750,Old World Sparrows,Passer cordofanicus,Kordofan Sparrow,LC
22718225,117780,Old World Sparrows,Passer melanurus,Cape Sparrow,LC
22718276,117870,Old World Sparrows,Passer luteus,Sudan Golden Sparrow,LC
22718294,118020,Old World Sparrows,Gymnoris xanthocollis,Chestnut-shouldered Bush-sparrow,LC
103819582,118040,Old World Sparrows,Montifringilla nivalis,White-winged Snowfinch,LC
22718330,118070,Old World Sparrows,Onychostruthus taczanowskii,White-rumped Snowfinch,LC
22718567,118250,Pipits and Wagtails,Anthus petrosus,Rock Pipit,LC
232638510,118260,Pipits and Wagtails,Anthus furcatus,Short-billed Pipit,LC
22718452,118400,Pipits and Wagtails,Anthus crenatus,Yellow-tufted Pipit,NT
22718477,118430,Pipits and Wagtails,Anthus rufulus,Paddyfield Pipit,LC
22718480,118440,Pipits and Wagtails,Anthus novaeseelandiae,Australasian Pipit,LC
22718485,118470,Pipits and Wagtails,Anthus leucophrys,Plain-backed Pipit,LC
22718493,118540,Pipits and Wagtails,Anthus pallidiventris,Long-legged Pipit,LC
22718432,118760,Pipits and Wagtails,Macronyx grimwoodi,Grimwood's Longclaw,LC
22718375,118800,Pipits and Wagtails,Motacilla flaviventris,Madagascar Wagtail,LC
103822349,118830,Pipits and Wagtails,Motacilla flava,Western Yellow Wagtail,LC
103822567,119160,Finches,Fringilla teydea,Tenerife Blue Chaffinch,NT
22722781,119210,Finches,Chlorophonia cyanea,Blue-naped Chlorophonia,LC
22722700,119270,Finches,Euphonia affinis,Scrub Euphonia,LC
22722712,119310,Finches,Euphonia concinna,Velvet-fronted Euphonia,LC
22722727,119360,Finches,Euphonia hirundinacea,Yellow-throated Euphonia,LC
22722730,119370,Finches,Euphonia chalybea,Green-throated Euphonia,LC
22720690,119550,Finches,Mycerobas icterioides,Black-and-yellow Grosbeak,LC
22720693,119560,Finches,Mycerobas affinis,Collared Grosbeak,LC
22720702,119590,Finches,Hesperiphona vespertina,Evening Grosbeak,VU
22720684,119620,Finches,Eophona migratoria,Chinese Grosbeak,LC
22720745,119720,Finches,Rhodacanthis flaviceps,Lesser Koa-finch,EX
22720734,119750,Finches,Psittirostra psittacea,Ou,EX
103823212,119780,Finches,Akialoa ellisiana,Oahu Akialoa,EX
22728910,119800,Finches,Akialoa obscura,Hawaii Akialoa,EX
103823595,119860,Finches,Hemignathus lucidus,Oahu Nukupuu,EX
22720753,119910,Finches,Pseudonestor xanthophrys,Maui Parrotbill,CR
22728299,120010,Finches,Chlorodrepanis flava,Oahu Amakihi,NT
22720848,120040,Finches,Drepanis pacifica,Hawaii Mamo,EX
103828426,120060,Finches,Himatione sanguinea,Apapane,LC
103829706,120070,Finches,Himatione fraithii,Laysan Honeycreeper,EX
22720556,120110,Finches,Carpodacus erythrinus,Common Rosefinch,LC
22720354,121670,Finches,Spinus spinus,Eurasian Siskin,LC
22720407,121690,Finches,Spinus tristis,American Goldfinch,LC
22720389,121800,Finches,Spinus olivaceus,Olivaceous Siskin,LC
22720401,121830,Finches,Spinus atratus,Black Siskin,LC
22721033,121860,Longspurs,Calcarius lapponicus,Lapland Longspur,LC
22721040,121870,Longspurs,Calcarius ornatus,Chestnut-collared Longspur,VU
22721037,121880,Longspurs,Calcarius pictus,Smith's Longspur,LC
22721043,121900,Longspurs,Plectrophenax nivalis,Snow Bunting,LC
22720905,122010,Old World Buntings,Emberiza jankowskii,Jankowski's Bunting,EN
22720909,122050,Old World Buntings,Emberiza buchanani,Grey-necked Bunting,LC
22720920,122080,Old World Buntings,Emberiza caesia,Cretzschmar's Bunting,LC
22720884,122100,Old World Buntings,Emberiza stewarti,White-capped Bunting,LC
22720977,122150,Old World Buntings,Emberiza poliopleura,Somali Bunting,LC
22720960,122290,Old World Buntings,Emberiza rustica,Rustic Bunting,NT
22720954,122300,Old World Buntings,Emberiza pusilla,Little Bunting,LC
22720996,122330,Old World Buntings,Emberiza sulphurata,Yellow Bunting,LC
22720948,122360,Old World Buntings,Emberiza tristrami,Tristram's Bunting,LC
22721165,122420,New World sparrows,Spizella pallida,Clay-colored Sparrow,LC
22721200,122500,New World sparrows,Amphispiza quinquestriata,Five-striped Sparrow,LC
22721191,122510,New World sparrows,Chondestes grammacus,Lark Sparrow,LC
216917355,122550,New World sparrows,Rhynchospiza dabbenei,Yungas Sparrow,LC
22721232,122570,New World sparrows,Peucaea sumichrasti,Cinnamon-tailed Sparrow,NT
22721272,122630,New World sparrows,Peucaea cassinii,Cassin's Sparrow,LC
22721144,122690,New World sparrows,Ammodramus savannarum,Grasshopper Sparrow,LC
22721147,122700,New World sparrows,Ammodramus humeralis,Grassland Sparrow,LC
22721150,122710,New World sparrows,Ammodramus aurifrons,Yellow-browed Sparrow,LC
22722177,122780,New World sparrows,Chlorospingus semifuscus,Dusky Chlorospingus,LC
22722182,122790,New World sparrows,Chlorospingus pileatus,Sooty-capped Chlorospingus,LC
22724905,122900,New World sparrows,Arremon assimilis,Grey-browed Brushfinch,LC
22724893,122910,New World sparrows,Arremon basilicus,Sierra Nevada Brushfinch,NT
22724911,122950,New World sparrows,Arremon phaeopleurus,Caracas Brushfinch,LC
22724917,122960,New World sparrows,Arremon phygas,Paria Brushfinch,VU
155185351,122970,New World sparrows,Arremon dorbignii,Stripe-crowned Sparrow,LC
22729332,123010,New World sparrows,Arremon semitorquatus,Half-collared Sparrow,LC
103771846,123040,New World sparrows,Arremon nigriceps,Maranon Sparrow,NT
22721372,123060,New World sparrows,Arremon schlegeli,Golden-winged Sparrow,LC
22721304,123130,New World sparrows,Pipilo chlorurus,Green-tailed Towhee,LC
103772680,123140,New World sparrows,Pipilo maculatus,Spotted Towhee,LC
103773037,123150,New World sparrows,Pipilo socorroensis,Socorro Towhee,EN
22721560,123200,New World sparrows,Pselliophorus tibialis,Yellow-thighed Brushfinch,LC
22724081,124740,New World blackbirds,Icterus graduacauda,Audubon's Oriole,LC
22724084,124750,New World blackbirds,Icterus chrysater,Yellow-backed Oriole,LC
22724105,124850,New World blackbirds,Icterus pectoralis,Spot-breasted Oriole,LC
22724102,124860,New World blackbirds,Icterus graceannae,White-edged Oriole,LC
22724120,124870,New World blackbirds,Icterus jamacaii,Campo Troupial,LC
22731807,124950,New World blackbirds,Icterus fuertesi,Fuertes's Oriole,LC
22736377,124970,New World blackbirds,Icterus melanopsis,Cuban Oriole,LC
22724147,125000,New World blackbirds,Icterus oberi,Montserrat Oriole,VU
22724076,125050,New World blackbirds,Icterus cayanensis,Epaulet Oriole,LC
22724342,125200,New World blackbirds,Molothrus rufoaxillaris,Screaming Cowbird,LC
22724329,125300,New World blackbirds,Euphagus carolinus,Rusty Blackbird,VU
22724332,125310,New World blackbirds,Euphagus cyanocephalus,Brewer's Blackbird,NT
22724268,125400,New World blackbirds,Hypopyrrhus pyrohypogaster,Red-bellied Grackle,VU
103795103,125490,New World blackbirds,Agelaioides fringillarius,Pale Baywing,LC
22724184,125530,New World blackbirds,Agelasticus cyanopus,Unicolored Blackbird,LC
22724259,125580,New World blackbirds,Pseudoleistes guirahuro,Yellow-rumped Marshbird,LC
22724262,125590,New World blackbirds,Pseudoleistes virescens,Brown-and-yellow Marshbird,LC
22721779,125640,New World warblers,Seiurus aurocapilla,Ovenbird,LC
22721803,125660,New World warblers,Parkesia motacilla,Louisiana Waterthrush,LC
22721765,125720,New World warblers,Protonotaria citrea,Prothonotary Warbler,LC
22721776,125730,New World warblers,Limnothlypis swainsonii,Swainson's Warbler,LC
22721645,125740,New World warblers,Oreothlypis superciliosa,Crescent-chested Warbler,LC
22721621,125760,New World warblers,Leiothlypis peregrina,Tennessee Warbler,LC
22721630,125810,New World warblers,Leiothlypis virginiae,Virginia's Warbler,LC
22721873,125820,New World warblers,Leucopeza semperi,Semper's Warbler,CR
22721830,125880,New World warblers,Geothlypis tolmiei,MacGillivray's Warbler,LC
22721812,125900,New World warblers,Geothlypis formosa,Kentucky Warbler,LC
22721836,125970,New World warblers,Geothlypis trichas,Common Yellowthroat,LC
22721749,126030,New World warblers,Setophaga angelae,Elfin Woods Warbler,EN
22721762,126060,New World warblers,Setophaga ruticilla,American Redstart,LC
22721740,126090,New World warblers,Setophaga cerulea,Cerulean Warbler,NT
103798640,126110,New World warblers,Setophaga pitiayumi,Tropical Parula,LC
103798676,126120,New World warblers,Setophaga graysoni,Socorro Parula,NT
103811627,127690,Cardinals,Piranga hepatica,Hepatic Tanager,LC
22723819,127720,Cardinals,Cardinalis cardinalis,Northern Cardinal,LC
22723825,127740,Cardinals,Cardinalis sinuatus,Pyrrhuloxia,LC
22723840,127770,Cardinals,Caryothraustes celaeno,Crimson-collared Grosbeak,LC
22722691,127850,Tanagers,Pipraeidea melanonota,Fawn-breasted Tanager,LC
103843258,127910,Tanagers,Dubusia carrikeri,Carriker's Mountain-tanager,NT
103843315,127930,Tanagers,Dubusia stictocephala,Streak-crowned Mountain-tanager,LC
22722601,127950,Tanagers,Buthraupis montana,Hooded Mountain-tanager,LC
103845827,128050,Tanagers,Anisognathus lunulatus,Scarlet-bellied Mountain-tanager,LC
22722793,128100,Tanagers,Chlorochrysa phoenicotis,Glistening-green Tanager,LC
22722799,128110,Tanagers,Chlorochrysa nitidissima,Multicolored Tanager,NT
22722592,128180,Tanagers,Bangsia aureocincta,Gold-ringed Tanager,VU
22722567,128210,Tanagers,Bangsia melanochlamys,Black-and-gold Tanager,LC
22722126,128240,Tanagers,Neothraupis fasciata,White-banded Tanager,NT
22721578,128260,Tanagers,Gubernatrix cristata,Yellow Cardinal,EN
22722123,128290,Tanagers,Schistochlamys melanopis,Black-faced Tanager,LC
22722812,128450,Tanagers,Tangara cabanisi,Azure-rumped Tanager,VU
22722897,128660,Tanagers,Tangara vitriolina,Scrub Tanager,LC
103848879,128680,Tanagers,Tangara flava,Stripe-bellied Tanager,LC
103849068,128710,Tanagers,Tangara vassorii,Blue-and-black Tanager,LC
22722881,128800,Tanagers,Tangara lavinia,Rufous-winged Tanager,LC
22722854,128820,Tanagers,Tangara xanthocephala,Saffron-crowned Tanager,LC
103849238,128830,Tanagers,Tangara lunigera,Yellow-faced Tanager,LC
22722839,128850,Tanagers,Tangara johannae,Blue-whiskered Tanager,LC
103849300,128880,Tanagers,Tangara aurulenta,Golden Tanager,LC
22722827,128920,Tanagers,Tangara seledon,Green-headed Tanager,LC
22722820,128990,Tanagers,Tangara chilensis,Paradise Tanager,LC
22729337,129020,Tanagers,Tangara cyanomelas,Silver-breasted Tanager,LC
22723021,129130,Tanagers,Catamblyrhynchus diadema,Plushcap,LC
22723036,129140,Tanagers,Charitospiza eucosma,Coalcrest,NT
103817331,130630,Tanagers,Sporophila ophthalmica,Black-breasted Seedeater,LC
22723410,130640,Tanagers,Sporophila intermedia,Grey Seedeater,LC
22723542,130730,Tanagers,Sporophila angolensis,Chestnut-bellied Seed-Finch,LC
22723527,130760,Tanagers,Sporophila crassirostris,Large-billed Seed-finch,LC
22723399,130800,Tanagers,Sporophila frontalis,Buffy-fronted Seedeater,VU
103818207,130820,Tanagers,Sporophila beltoni,Tropeiro Seedeater,VU
22723428,130830,Tanagers,Sporophila collaris,Rusty-collared Seedeater,LC
22723457,130850,Tanagers,Sporophila leucoptera,White-bellied Seedeater,LC
22723460,130860,Tanagers,Sporophila peruviana,Parrot-billed Seedeater,LC
22723478,130900,Tanagers,Sporophila minuta,Ruddy-breasted Seedeater,LC
22723468,130920,Tanagers,Sporophila nigrorufa,Black-and-tawny Seedeater,VU
22722242,131170,Tanagers,Pseudospingus verticalis,Black-headed Hemispingus,LC
22723237,131200,Tanagers,Poospiza ornata,Cinnamon Warbling-finch,LC
22723247,131210,Tanagers,Poospiza whitii,Black-and-chestnut Warbling-finch,LC
22723252,131220,Tanagers,Poospiza nigrorufa,Black-and-rufous Warbling-finch,LC
22723275,131250,Tanagers,Poospiza baeri,Tucuman Mountain-finch,LC
103823004,131320,Tanagers,Kleinothraupis atropileus,Black-capped Hemispingus,LC
22722216,131340,Tanagers,Kleinothraupis calophrys,Orange-browed Hemispingus,LC
22722223,131470,Tanagers,Thlypopsis superciliaris,Superciliaried Hemispingus,LC
22723144,131510,Tanagers,Donacospiza albifrons,Long-tailed Reed-finch,LC
22723229,131530,Tanagers,Poospizopsis hypocondria,Rufous-sided Warbling-finch,LC
22723282,131540,Tanagers,Poospizopsis caesar,Chestnut-breasted Mountain-finch,LC
22723242,131590,Tanagers,Microspingus erythrophrys,Rusty-browed Warbling-finch,LC
103827064,131610,Tanagers,Microspingus torquatus,Ringed Warbling-finch,LC
22723301,131650,Tanagers,Microspingus cinereus,Cinereous Warbling-finch,LC
22726810,15450,Hummingbirds,Oxypogon stuebelii,Buffy Helmetcrest,VU
22728277,7810,"Pigeons, Doves",Geotrygon saphirina,Sapphire Quail-Dove,LC
22722093,131670,Tanagers,Conirostrum margaritae,Pearly-breasted Conebill,VU
22722108,131730,Tanagers,Conirostrum sitticolor,Blue-backed Conebill,LC
22722099,131750,Tanagers,Conirostrum tamarugense,Tamarugo Conebill,LC
22735428,131850,Tanagers,Sicalis luteola,Grassland Yellow-finch,LC
22723336,131870,Tanagers,Sicalis lebruni,Patagonian Yellow-finch,LC
22723326,131900,Tanagers,Sicalis auriventris,Greater Yellow-finch,LC
22723362,131910,Tanagers,Sicalis raimondii,Raimondi's Yellow-finch,LC
22723069,131960,Tanagers,Phrygilus gayi,Grey-hooded Sierra-finch,LC
22723064,131990,Tanagers,Phrygilus punensis,Peruvian Sierra-finch,LC
62114603,6460,Grebes,Podiceps juninensis,Northern Silvery Grebe,NT
22690924,7820,"Pigeons, Doves",Geotrygon versicolor,Crested Quail-Dove,NT
22690962,7860,"Pigeons, Doves",Geotrygon violacea,Violaceous Quail-Dove,LC
22732795,20,Ostriches,Struthio molybdophanes,Somali Ostrich,VU
22731569,1420,"Guans, Chachalacas, Curassows",Ortalis araucuan,East Brazilian Chachalaca,LC
22678971,2820,"Pheasants, Partridges, Turkeys, Grouse",Synoicus adansonii,African Blue Quail,LC
22678752,3370,"Pheasants, Partridges, Turkeys, Grouse",Ortygornis sephaena,Crested Francolin,LC
22678736,3380,"Pheasants, Partridges, Turkeys, Grouse",Campocolinus coqui,Coqui Francolin,LC
22679172,3680,"Pheasants, Partridges, Turkeys, Grouse",Tragopan caboti,Cabot's Tragopan,VU
22727445,3940,"Pheasants, Partridges, Turkeys, Grouse",Lophura rufa,Malay Crested Fireback,VU
22679483,4250,"Pheasants, Partridges, Turkeys, Grouse",Lyrurus mlokosiewiczi,Caucasian Grouse,NT
22728472,4270,"Pheasants, Partridges, Turkeys, Grouse",Centrocercus minimus,Gunnison Grouse,EN
22727757,4480,"Ducks, Geese, Swans",Oxyura ferruginea,Andean Duck,LC
22680492,5070,"Ducks, Geese, Swans",Mergus merganser,Goosander,LC
22724744,5320,"Ducks, Geese, Swans",Sarkidiornis sylvicola,Comb Duck,LC
22680387,5550,"Ducks, Geese, Swans",Aythya australis,Hardhead,LC
22692699,21410,"Rails, Gallinules, Coots",Zapornia fusca,Ruddy-breasted Crake,LC
22692612,21430,"Rails, Gallinules, Coots",Zapornia akool,Brown Crake,LC
22692643,21440,"Rails, Gallinules, Coots",Zapornia flavirostra,Black Crake,LC
22692654,21490,"Rails, Gallinules, Coots",Zapornia olivieri,Sakalava Rail,EN
22692920,21990,"Rails, Gallinules, Coots",Fulica alai,Hawaiian Coot,NT
22692929,22010,"Rails, Gallinules, Coots",Fulica leucoptera,White-winged Coot,LC
22692940,22040,"Rails, Gallinules, Coots",Fulica rufifrons,Red-fronted Coot,LC
22691955,22500,Bustards,Lophotis savilei,Savile's Bustard,LC
22697935,24810,"Petrels, Shearwaters",Pseudobulweria macgillivrayi,Fiji Petrel,CR
22697695,25110,Storks,Ciconia boyciana,Oriental Stork,EN
22697710,25130,Storks,Jabiru mycteria,Jabiru,LC
22731855,25240,"Ibises, Spoonbills",Threskiornis bernieri,Malagasy Sacred Ibis,EN
22697536,25310,"Ibises, Spoonbills",Thaumatibis gigantea,Giant Ibis,CR
22697478,25360,"Ibises, Spoonbills",Bostrychia bocagei,Dwarf Ibis,CR
22697269,25580,Herons,Tigrisoma lineatum,Rufescent Tiger-heron,LC
22697264,25590,Herons,Tigrisoma fasciatum,Fasciated Tiger-heron,LC
22729904,7830,"Pigeons, Doves",Geotrygon caniceps,Gray-fronted Quail-Dove,VU
22690966,7850,"Pigeons, Doves",Geotrygon montana,Ruddy Quail-Dove,LC
22678386,1150,"Guans, Chachalacas, Curassows",Penelope jacquacu,Spix's Guan,LC
22678348,1450,"Guans, Chachalacas, Curassows",Ortalis superciliaris,Buff-browed Chachalaca,LC
22679551,1700,Guineafowl,Agelastes niger,Black Guineafowl,LC
22679572,1710,Guineafowl,Acryllium vulturinum,Vulturine Guineafowl,LC
22679560,1720,Guineafowl,Guttera plumifera,Plumed Guineafowl,LC
22679054,2260,"Pheasants, Partridges, Turkeys, Grouse",Arborophila davidi,Orange-necked Partridge,NT
22679440,2560,"Pheasants, Partridges, Turkeys, Grouse",Pavo muticus,Green Peafowl,EN
22678667,2870,"Pheasants, Partridges, Turkeys, Grouse",Tetraogallus tibetanus,Tibetan Snowcock,LC
22679163,3660,"Pheasants, Partridges, Turkeys, Grouse",Tragopan blythii,Blyth's Tragopan,VU
22679514,4300,"Pheasants, Partridges, Turkeys, Grouse",Tympanuchus cupido,Greater Prairie-chicken,NT
22679827,4500,"Ducks, Geese, Swans",Oxyura australis,Blue-billed Duck,LC
22680384,5570,"Ducks, Geese, Swans",Aythya baeri,Baer's Pochard,CR
22692586,21150,"Rails, Gallinules, Coots",Aramides ypecaha,Giant Wood-rail,LC
154837348,21190,"Rails, Gallinules, Coots",Aramides cajaneus,Grey-cowled Wood-rail,LC
22692667,21460,"Rails, Gallinules, Coots",Zapornia pusilla,Baillon's Crake,LC
22728732,21690,"Rails, Gallinules, Coots",Porphyrio kukwiedei,New Caledonia Gallinule,EX
22728833,21710,"Rails, Gallinules, Coots",Porphyrio mantelli,North Island Takahe,EX
22692078,22240,Cranes,Grus canadensis,Sandhill Crane,LC
22692073,22250,Cranes,Grus vipio,White-naped Crane,VU
22692162,22320,Cranes,Grus nigricollis,Black-necked Crane,NT
22692024,22490,Bustards,Sypheotides indicus,Lesser Florican,CR
22688327,22760,Turacos,Tauraco fischeri,Fischer's Turaco,NT
22697516,25250,"Ibises, Spoonbills",Threskiornis melanocephalus,Black-headed Ibis,LC
22697496,25330,"Ibises, Spoonbills",Geronticus calvus,Southern Bald Ibis,NT
22697484,25370,"Ibises, Spoonbills",Bostrychia rara,Spot-breasted Ibis,LC
22697460,25470,"Ibises, Spoonbills",Mesembrinibis cayennensis,Green Ibis,LC
22697291,25630,Herons,Zebrilus undulatus,Zigzag Heron,LC
22697203,25880,Herons,Nyctanassa violacea,Yellow-crowned Night Heron,LC
22697031,26120,Herons,Ardea purpurea,Purple Heron,LC
22697037,26230,Herons,Egretta picata,Pied Heron,LC
22693785,27750,Plovers,Charadrius sanctaehelenae,Saint Helena Plover,VU
22693978,28080,Plovers,Vanellus armatus,Blacksmith Lapwing,LC
22694021,28130,Plovers,Vanellus albiceps,White-crowned Lapwing,LC
22694033,28140,Plovers,Vanellus lugubris,Senegal Lapwing,LC
22694038,28150,Plovers,Vanellus melanopterus,Black-winged Lapwing,LC
22693199,28590,"Sandpipers, Snipes, Phalaropes",Numenius madagascariensis,Far Eastern Curlew,EN
22682883,39720,Rollers,Coracias spatulatus,Racquet-tailed Roller,LC
22726607,40250,Kingfishers,Ceyx cajeli,Buru Dwarf-kingfisher,NT
22683322,41070,Kingfishers,Todiramphus macleayii,Forest Kingfisher,LC
45359050,41920,Puffbirds,Malacoptila minor,Lesser Crescent-chested Puffbird,EN
22726222,42200,Toucans,Ramphastos vitellinus,Channel-billed Toucan,LC
22682041,42770,Toucans,Pteroglossus beauharnaisii,Curl-crested Araçari,LC
22681606,43350,Asian Barbets,Psilopogon faiostrictus,Green-eared Barbet,LC
22726010,43650,African barbets,Trachyphonus emini,Emin's Barbet,LC
22681799,43940,African barbets,Tricholaema leucomelas,Acacia Pied Barbet,LC
62049529,45160,Woodpeckers,Chrysophlegma humii,Chequer-throated Yellownape,NT
22681437,45180,Woodpeckers,Chrysophlegma flavinucha,Greater Yellownape,LC
22680945,45190,Woodpeckers,Geocolaptes olivaceus,Ground Woodpecker,NT
22727950,45660,Woodpeckers,Colaptes melanochloros,Green-barred Woodpecker,LC
22681338,45990,Woodpeckers,Celeus lugubris,Pale-crested Woodpecker,LC
22680798,46250,Woodpeckers,Melanerpes candidus,White Woodpecker,LC
22680804,46270,Woodpeckers,Melanerpes herminieri,Guadeloupe Woodpecker,LC
22680810,46290,Woodpeckers,Melanerpes erythrocephalus,Red-headed Woodpecker,LC
22681042,46520,Woodpeckers,Picoides temminckii,Sulawesi Pygmy Woodpecker,LC
22696291,47340,"Falcons, Caracaras",Micrastur semitorquatus,Collared Forest-falcon,LC
22696398,47650,"Falcons, Caracaras",Falco rupicoloides,Greater Kestrel,LC
22686181,48800,Parrots,Pionus maximiliani,Scaly-headed Parrot,LC
22686296,49240,Parrots,Amazona brasiliensis,Red-tailed Amazon,NT
22733974,49510,Parrots,Pyrrhura pfrimeri,Goias Parakeet,EN
22685585,50090,Parrots,Orthopsittaca manilatus,Red-bellied Macaw,LC
22724562,50890,Parrots,Cyanoramphus malherbi,Malherbe's Parakeet,CR
22684671,51170,Parrots,Charmosyna toxopei,Blue-fronted Lorikeet,DD
22684680,51190,Parrots,Charmosyna wilhelminae,Pygmy Lorikeet,LC
22684621,51460,Parrots,Lorius chlorocercus,Yellow-bibbed Lory,LC
22685046,52290,Parrots,Alisterus scapularis,Australian King-parrot,LC
181747196,52570,Parrots,Tanygnathus sumatranus,Azure-rumped Parrot,LC
22724420,68250,Tyrant-flycatchers,Contopus hispaniolensis,Hispaniolan Pewee,LC
22700500,68820,Tyrant-flycatchers,Tyrannus forficatus,Scissor-tailed Flycatcher,LC
22700373,68840,Tyrant-flycatchers,Rhytipterna holerythra,Rufous Mourner,LC
22704361,69940,Honeyeaters,Phylidonyris novaehollandiae,New Holland Honeyeater,LC
22704292,70220,Honeyeaters,Meliarchus sclateri,Makira Honeyeater,LC
22704317,70270,Honeyeaters,Gymnomyza samoensis,Mao,EN
22704320,70280,Honeyeaters,Gymnomyza aubryana,Crow Honeyeater,CR
22704215,70520,Honeyeaters,Philemon albitorques,White-naped Friarbird,LC
22703834,70780,Honeyeaters,Myzomela adolphinae,Mountain Myzomela,LC
22704430,71900,Honeyeaters,Manorina melanophrys,Bell Miner,LC
22704692,72180,Thornbills,Gerygone magnirostris,Large-billed Gerygone,LC
22704711,72190,Thornbills,Gerygone dorsalis,Rufous-sided Gerygone,LC
22705595,73080,Old World Orioles,Turnagra capensis,South Island Piopio,EX
22705463,73890,Whistlers,Pachycephala hypoxantha,Bornean Whistler,LC
103694187,75340,Cuckooshrikes,Coracina welchmani,North Melanesian Cuckooshrike,LC
103702640,75870,Cuckooshrikes,Edolisoma nesiotis,Yap Cicadabird,EN
22715082,76510,Vangas and allies,Newtonia amphichroa,Dark Newtonia,LC
22708012,76530,Vangas and allies,Calicalicus madagascariensis,Red-tailed Vanga,LC
22708054,76690,Vangas and allies,Oriolia bernieri,Bernier's Vanga,EN
22708041,76700,Vangas and allies,Falculea palliata,Sickle-billed Vanga,LC
22707783,76760,Vangas and allies,Prionops rufiventris,Rufous-bellied Helmetshrike,LC
22707864,77020,Batises and Wattle-eyes,Batis molitor,Chinspot Batis,LC
22707881,77040,Batises and Wattle-eyes,Batis orientalis,Grey-headed Batis,LC
22707868,77050,Batises and Wattle-eyes,Batis soror,East Coast Batis,LC
22707433,77360,Ioras,Aegithina tiphia,Common Iora,LC
22707495,77590,Bush-shrikes,Tchagra senegalus,Black-crowned Tchagra,LC
22707597,77880,Bush-shrikes,Laniarius atroflavus,Yellow-breasted Boubou,LC
22706884,78440,Fantails,Rhipidura teysmanni,Rusty-bellied Fantail,LC
22706921,78510,Fantails,Rhipidura semirubra,Manus Fantail,LC
103711188,79300,Monarch-flycatchers,Myiagra castaneigularis,Chestnut-throated Flycatcher,LC
22707333,80140,Monarch-flycatchers,Metabolus godeffroyi,Yap Monarch,NT
22705053,80730,Shrikes,Lanius excubitoroides,Grey-backed Fiscal,LC
22705916,81020,Crows and jays,Pyrrhocorax pyrrhocorax,Red-billed Chough,LC
22711029,104550,Mockingbirds and thrashers,Mimus gilvus,Tropical Mockingbird,LC
22734108,106220,Thrushes,Turdus smithi,Karoo Thrush,LC
22708835,106520,Thrushes,Turdus ravidus,Grand Cayman Thrush,EX
22708768,106750,Thrushes,Turdus torquatus,Ring Ouzel,LC
22709882,107050,Old World Flycatchers and Chats,Tychaedon leucosticta,Forest Scrub-robin,LC
22709858,108430,Old World Flycatchers and Chats,Xenocopsychus ansorgei,Angola Cave-chat,LC
22708970,109010,Old World Flycatchers and Chats,Heteroxenicus stellatus,Gould's Shortwing,LC
22708973,109020,Old World Flycatchers and Chats,Brachypteryx hyperythra,Rusty-bellied Shortwing,NT
22709724,109290,Old World Flycatchers and Chats,Calliope pectardens,Firethroat,NT
22709717,109300,Old World Flycatchers and Chats,Calliope obscura,Blackthroat,VU
22710141,109540,Old World Flycatchers and Chats,Enicurus maculatus,Spotted Forktail,LC
22708303,109580,Old World Flycatchers and Chats,Myophonus melanurus,Shiny Whistling-thrush,LC
22710043,110110,Old World Flycatchers and Chats,Phoenicurus coeruleocephala,Blue-capped Redstart,LC
22710420,110680,Old World Flycatchers and Chats,Myrmecocichla melaena,Rüppell's Chat,LC
22710292,110940,Old World Flycatchers and Chats,Oenanthe finschii,Finsch's Wheatear,LC
22717903,113210,Sunbirds,Cinnyris neergaardi,Neergaard's Sunbird,NT
22718027,113490,Sunbirds,Cinnyris coccinigastrus,Splendid Sunbird,LC
22717954,113520,Sunbirds,Cinnyris rufipennis,Rufous-winged Sunbird,VU
103811335,114620,Weavers,Foudia consobrina,Grande Comore Fody,NT
229721104,114890,Weavers,Ploceus holoxanthus,Ruvu Weaver,NT
22719403,116030,Waxbills,Spermophaga ruficapilla,Red-headed Bluebill,LC
22718202,117710,Old World Sparrows,Passer iagoensis,Cape Verde Sparrow,LC
232638555,118270,Pipits and Wagtails,Anthus brevirostris,Puna Pipit,LC
103820643,118280,Pipits and Wagtails,Anthus chii,Yellowish Pipit,LC
22718379,118860,Pipits and Wagtails,Motacilla citreola,Citrine Wagtail,LC
22722747,119430,Finches,Euphonia fulvicrissa,Fulvous-vented Euphonia,LC
22720520,120570,Finches,Bucanetes mongolicus,Mongolian Finch,LC
22678166,190,Tinamous,Crypturellus cinereus,Cinereous Tinamou,LC
22678169,210,Tinamous,Crypturellus soui,Little Tinamou,LC
22678220,280,Tinamous,Crypturellus atrocapillus,Black-capped Tinamou,LC
22678191,310,Tinamous,Crypturellus boucardi,Slaty-breasted Tinamou,VU
22678238,380,Tinamous,Crypturellus tataupa,Tataupa Tinamou,LC
22733941,450,Tinamous,Rhynchotus rufescens,Red-winged Tinamou,LC
22733250,460,Tinamous,Rhynchotus maculicollis,Huayco Tinamou,LC
22678268,530,Tinamous,Nothoprocta curvirostris,Curve-billed Tinamou,LC
22678299,640,Tinamous,Tinamotis pentlandii,Puna Tinamou,LC
22678122,760,Kiwis,Apteryx australis,Southern Brown Kiwi,VU
22678551,800,Megapodes,Alectura lathami,Australian Brushturkey,LC
22678588,900,Megapodes,Megapodius cumingii,Philippine Scrubfowl,LC
22728514,970,Megapodes,Megapodius geelvinkianus,Biak Scrubfowl,NT
22678449,1070,"Guans, Chachalacas, Curassows",Penelopina nigra,Highland Guan,VU
22678357,1090,"Guans, Chachalacas, Curassows",Penelope barbata,Bearded Guan,NT
22678360,1100,"Guans, Chachalacas, Curassows",Penelope ortoni,Baudo Guan,EN
22678364,1110,"Guans, Chachalacas, Curassows",Penelope montagnii,Andean Guan,LC
22678373,1140,"Guans, Chachalacas, Curassows",Penelope dabbenei,Red-faced Guan,LC
22678392,1200,"Guans, Chachalacas, Curassows",Penelope pileata,White-crested Guan,VU
22678422,1260,"Guans, Chachalacas, Curassows",Pipile cujubi,Red-throated Piping-guan,VU
22678305,1310,"Guans, Chachalacas, Curassows",Ortalis vetula,Plain Chachalaca,LC
22728519,1400,"Guans, Chachalacas, Curassows",Ortalis columbiana,Colombian Chachalaca,LC
22678461,1500,"Guans, Chachalacas, Curassows",Nothocrax urumutum,Nocturnal Curassow,LC
22678887,3210,"Pheasants, Partridges, Turkeys, Grouse",Pternistis jacksoni,Jackson's Spurfowl,LC
22678865,3270,"Pheasants, Partridges, Turkeys, Grouse",Pternistis erckelii,Erckel's Spurfowl,LC
22678869,3280,"Pheasants, Partridges, Turkeys, Grouse",Pternistis ochropectus,Djibouti Spurfowl,CR
22678719,3290,"Pheasants, Partridges, Turkeys, Grouse",Francolinus francolinus,Black Francolin,LC
22678748,3410,"Pheasants, Partridges, Turkeys, Grouse",Peliperdix lathami,Forest Francolin,LC
22678769,3430,"Pheasants, Partridges, Turkeys, Grouse",Scleroptila levaillantii,Red-winged Francolin,LC
22728215,3490,"Pheasants, Partridges, Turkeys, Grouse",Scleroptila whytei,Whyte's Francolin,LC
22678790,3500,"Pheasants, Partridges, Turkeys, Grouse",Scleroptila gutturalis,Orange River Francolin,LC
22679203,3560,"Pheasants, Partridges, Turkeys, Grouse",Gallus sonneratii,Grey Junglefowl,LC
22679213,3580,"Pheasants, Partridges, Turkeys, Grouse",Gallus varius,Green Junglefowl,LC
22679185,3620,"Pheasants, Partridges, Turkeys, Grouse",Lophophorus sclateri,Sclater's Monal,LC
22679325,3710,"Pheasants, Partridges, Turkeys, Grouse",Syrmaticus ellioti,Elliot's Pheasant,LC
45100023,3780,"Pheasants, Partridges, Turkeys, Grouse",Phasianus colchicus,Common Pheasant,LC
22679307,3840,"Pheasants, Partridges, Turkeys, Grouse",Crossoptilon auritum,Blue Eared-pheasant,LC
22679312,3850,"Pheasants, Partridges, Turkeys, Grouse",Catreus wallichii,Cheer Pheasant,VU
45354985,3880,"Pheasants, Partridges, Turkeys, Grouse",Lophura edwardsi,Vietnam Pheasant,CR(PEW)
22679241,3890,"Pheasants, Partridges, Turkeys, Grouse",Lophura swinhoii,Swinhoe's Pheasant,NT
22679274,3950,"Pheasants, Partridges, Turkeys, Grouse",Lophura diardi,Siamese Fireback,NT
22679278,3960,"Pheasants, Partridges, Turkeys, Grouse",Lophura bulweri,Bulwer's Pheasant,VU
22678916,4050,"Pheasants, Partridges, Turkeys, Grouse",Perdix dauurica,Daurian Partridge,LC
22679500,4090,"Pheasants, Partridges, Turkeys, Grouse",Bonasa umbellus,Ruffed Grouse,LC
22734695,4160,"Pheasants, Partridges, Turkeys, Grouse",Dendragapus fuliginosus,Sooty Grouse,LC
61204079,4200,"Pheasants, Partridges, Turkeys, Grouse",Canachites canadensis,Spruce Grouse,LC
61204155,4210,"Pheasants, Partridges, Turkeys, Grouse",Canachites franklinii,Franklin's Grouse,LC
22679503,4260,"Pheasants, Partridges, Turkeys, Grouse",Centrocercus urophasianus,Sage Grouse,VU
22679519,4310,"Pheasants, Partridges, Turkeys, Grouse",Tympanuchus pallidicinctus,Lesser Prairie-chicken,VU
22679729,4340,Screamers,Chauna torquata,Southern Screamer,LC
22679763,4360,"Ducks, Geese, Swans",Dendrocygna viduata,White-faced Whistling-duck,LC
22679740,4410,"Ducks, Geese, Swans",Dendrocygna eytoni,Plumed Whistling-duck,LC
22679753,4420,"Ducks, Geese, Swans",Dendrocygna arcuata,Wandering Whistling-duck,LC
22679833,4450,"Ducks, Geese, Swans",Heteronetta atricapilla,Black-headed Duck,LC
22679958,4590,"Ducks, Geese, Swans",Cereopsis novaehollandiae,Cape Barren Goose,LC
22679929,4730,"Ducks, Geese, Swans",Branta sandvicensis,Hawaiian Goose,NT
22679919,4770,"Ducks, Geese, Swans",Anser canagicus,Emperor Goose,LC
22697365,6550,Flamingos,Phoenicopterus chilensis,Chilean Flamingo,NT
22697369,6570,Flamingos,Phoeniconaias minor,Lesser Flamingo,NT
22696641,6610,Tropicbirds,Phaethon rubricauda,Red-tailed Tropicbird,LC
22690066,6680,"Pigeons, Doves",Columba livia,Rock Dove,LC
22690088,6730,"Pigeons, Doves",Columba oenas,Stock Dove,LC
22690122,6790,"Pigeons, Doves",Columba junoniae,White-tailed Laurel-pigeon,NT
22690145,6810,"Pigeons, Doves",Columba arquatrix,African Olive-pigeon,LC
22690131,6820,"Pigeons, Doves",Columba sjostedti,Cameroon Olive-pigeon,LC
22690159,6850,"Pigeons, Doves",Columba hodgsonii,Speckled Woodpigeon,LC
22690173,6880,"Pigeons, Doves",Columba elphinstonii,Nilgiri Woodpigeon,LC
22690215,6970,"Pigeons, Doves",Columba leucomela,White-headed Pigeon,LC
22690351,7010,"Pigeons, Doves",Columba malherbii,Sao Tome Bronze-naped Pigeon,NT
62254534,7020,"Pigeons, Doves",Columba thiriouxi,Mauritius Woodpigeon,EX
22690384,7050,"Pigeons, Doves",Aplopelia larvata,Lemon Dove,LC
22690419,7060,"Pigeons, Doves",Streptopelia turtur,European Turtle-dove,VU
22690439,7090,"Pigeons, Doves",Streptopelia orientalis,Oriental Turtle-dove,LC
22727819,7130,"Pigeons, Doves",Streptopelia xanthocycla,Burmese Collared-dove,LC
60482887,7230,"Pigeons, Doves",Spilopelia chinensis,Eastern Spotted Dove,LC
22690445,7250,"Pigeons, Doves",Spilopelia senegalensis,Laughing Dove,LC
62257034,7290,"Pigeons, Doves",Nesoenas cicur,Mauritius Turtle-dove,EX
219582631,7370,"Pigeons, Doves",Macropygia tenuirostris,Philippine Cuckoo-Dove,LC
154625942,7400,"Pigeons, Doves",Macropygia timorlaoensis,Tanimbar Cuckoo-Dove,LC
22690561,7410,"Pigeons, Doves",Macropygia amboinensis,Slender-billed Cuckoo-Dove,LC
22690571,7420,"Pigeons, Doves",Macropygia phasianella,Brown Cuckoo-Dove,LC
22690580,7440,"Pigeons, Doves",Macropygia nigrirostris,Black-billed Cuckoo-Dove,LC
22690589,7550,"Pigeons, Doves",Reinwardtoena reinwardti,Great Cuckoo-Dove,LC
22690596,7560,"Pigeons, Doves",Reinwardtoena browni,Pied Cuckoo-Dove,NT
22728289,7650,"Pigeons, Doves",Patagioenas albipennis,White-winged Pigeon,LC
22690302,7720,"Pigeons, Doves",Patagioenas oenops,Peruvian Pigeon,NT
22690862,7980,"Pigeons, Doves",Leptotila plumbeiceps,Grey-headed Dove,LC
22690868,7990,"Pigeons, Doves",Leptotila battyi,Brown-backed Dove,VU
22690908,8050,"Pigeons, Doves",Zentrygon costaricensis,Buff-fronted Quail-Dove,LC
22691668,9690,"Pigeons, Doves",Ducula aurorae,Polynesian Imperial-pigeon,EN
22725304,9760,"Pigeons, Doves",Ducula obiensis,Rusty Imperial-pigeon,LC
22691729,9770,"Pigeons, Doves",Ducula finschii,Finsch's Imperial-pigeon,NT
22691744,9840,"Pigeons, Doves",Ducula brenchleyi,Chestnut-bellied Imperial-pigeon,NT
22691770,9890,"Pigeons, Doves",Ducula mullerii,Collared Imperial-pigeon,LC
22727864,9910,"Pigeons, Doves",Ducula cuprea,Nilgiri Imperial-pigeon,LC
22691789,9930,"Pigeons, Doves",Ducula lacernulata,Dark-backed Imperial-pigeon,LC
22725080,10190,"Pigeons, Doves",Ramphiculus mangoliensis,Sula Fruit-dove,NT
22691594,10270,"Pigeons, Doves",Alectroenas sganzini,Comoro Blue-pigeon,NT
22691505,10420,"Pigeons, Doves",Ptilinopus rivoli,White-bibbed Fruit-dove,LC
22728082,10440,"Pigeons, Doves",Ptilinopus solomonensis,Yellow-banded Fruit-dove,LC
22691529,10460,"Pigeons, Doves",Ptilinopus hyogastrus,Grey-headed Fruit-dove,LC
22691396,10480,"Pigeons, Doves",Ptilinopus wallacii,Wallace's Fruit-dove,LC
22691415,10580,"Pigeons, Doves",Ptilinopus monacha,Blue-capped Fruit-dove,LC
22691430,10600,"Pigeons, Doves",Ptilinopus regina,Rose-crowned Fruit-dove,LC
22691460,10630,"Pigeons, Doves",Ptilinopus pelewensis,Palau Fruit-dove,LC
22728074,10670,"Pigeons, Doves",Ptilinopus hernsheimi,Kosrae Fruit-dove,LC
22728271,10700,"Pigeons, Doves",Ptilinopus fasciatus,Samoan Fruit-dove,LC
45448758,10920,"Pigeons, Doves",Gymnophaps stalkeri,Seram Mountain-pigeon,LC
22693002,10990,Sandgrouse,Pterocles orientalis,Black-bellied Sandgrouse,LC
22692998,11030,Sandgrouse,Pterocles gutturalis,Yellow-throated Sandgrouse,LC
22693032,11070,Sandgrouse,Pterocles burchelli,Burchell's Sandgrouse,LC
22693028,11110,Sandgrouse,Pterocles lichtensteinii,Lichtenstein's Sandgrouse,LC
22689594,11200,Frogmouths,Batrachostomus harterti,Dulit Frogmouth,LC
22689610,11250,Frogmouths,Batrachostomus poliolophus,Sumatran Frogmouth,LC
22686447,12730,Swifts,Cypseloides lemosi,White-chested Swift,LC
22686479,12810,Swifts,Streptoprocne biscutata,Biscutate Swift,LC
22686638,12850,Swifts,Zoonavena grandidieri,Madagascar Spinetail,LC
22686668,12920,Swifts,Neafrapus cassini,Cassin's Spinetail,LC
22686672,12930,Swifts,Neafrapus boehmi,Böhm's Spinetail,LC
154632117,13000,Swifts,Chaetura andrei,Ashy-tailed Swift,VU
22686725,13040,Swifts,Chaetura brachyura,Short-tailed Swift,LC
22686690,13140,Swifts,Hirundapus celebensis,Purple Needletail,LC
22686504,13150,Swifts,Collocalia troglodytes,Pygmy Swiftlet,LC
22686525,13390,Swifts,Aerodramus hirundinaceus,Mountain Swiftlet,LC
22686534,13400,Swifts,Aerodramus terraereginae,Australian Swiftlet,LC
60824542,13410,Swifts,Aerodramus brevirostris,Himalayan Swiftlet,LC
60835335,13440,Swifts,Aerodramus vanikorensis,Uniform Swiftlet,LC
22686733,13600,Swifts,Aeronautes saxatalis,White-throated Swift,LC
22686756,13660,Swifts,Panyptila sanctihieronymi,Great Swallow-tailed Swift,LC
22686759,13670,Swifts,Panyptila cayennensis,Lesser Swallow-tailed Swift,LC
155257123,13680,Swifts,Cypsiurus parvus,African Palm Swift,LC
22686774,13720,Swifts,Tachymarptis melba,Alpine Swift,LC
22724997,13780,Swifts,Apus horus,Horus Swift,LC
22686856,13800,Swifts,Apus affinis,Little Swift,LC
22686839,13850,Swifts,Apus balstoni,Madagascar Swift,LC
22687759,13970,Hummingbirds,Topaza pella,Crimson Topaz,LC
219584015,14080,Hummingbirds,Threnetes leucurus,Pale-tailed Barbthroat,LC
154797056,14200,Hummingbirds,Phaethornis bourcieri,Straight-billed Hermit,LC
22725723,14220,Hummingbirds,Phaethornis longirostris,Long-billed Hermit,LC
22687957,15640,Hummingbirds,Haplophaedia lugens,Hoary Puffleg,NT
22687909,15660,Hummingbirds,Eriocnemis nigrivestis,Black-breasted Puffleg,EN
22687947,15690,Hummingbirds,Eriocnemis derbyi,Black-thighed Puffleg,LC
22687930,15710,Hummingbirds,Eriocnemis cupreoventris,Coppery-bellied Puffleg,LC
22687794,15820,Hummingbirds,Aglaeactis aliciae,Purple-backed Sunbeam,VU
22726758,15910,Hummingbirds,Coeligena dichroura,Huanuco Starfrontlet,LC
22726770,15930,Hummingbirds,Coeligena osculans,Cuzco Starfrontlet,LC
22687968,16120,Hummingbirds,Ocreatus underwoodii,Booted Racket-tail,LC
22687718,16180,Hummingbirds,Heliodoxa xanthogonys,Velvet-browed Brilliant,LC
45450140,16210,Hummingbirds,Heliodoxa schreibersii,Black-throated Brilliant,LC
22687740,16250,Hummingbirds,Heliodoxa jacula,Green-crowned Brilliant,LC
22687753,16310,Hummingbirds,Sternoclyta cyanopectus,Violet-chested Hummingbird,LC
22687680,16450,Hummingbirds,Lampornis hemileucus,White-bellied Mountain-gem,LC
22729036,16460,Hummingbirds,Lampornis calolaemus,Purple-throated Mountain-gem,LC
22725806,16470,Hummingbirds,Lampornis cinereicauda,Grey-tailed Mountain-gem,LC
22688150,16560,Hummingbirds,Thaumastura cora,Peruvian Sheartail,LC
22688248,16570,Hummingbirds,Myrmia micrura,Short-tailed Woodstar,LC
22688147,16590,Hummingbirds,Rhodopis vesper,Oasis Hummingbird,LC
22688182,16610,Hummingbirds,Microstilbon burmeisteri,Slender-tailed Woodstar,LC
22688193,16740,Hummingbirds,Archilochus colubris,Ruby-throated Hummingbird,LC
133484158,16760,Hummingbirds,Nesophlox evelynae,Bahama Hummingbird,LC
22688229,16780,Hummingbirds,Mellisuga minima,Vervain Hummingbird,LC
22688214,16790,Hummingbirds,Mellisuga helenae,Bee Hummingbird,NT
22688299,16840,Hummingbirds,Selasphorus sasin,Allen's Hummingbird,LC
22688293,16850,Hummingbirds,Selasphorus platycercus,Broad-tailed Hummingbird,LC
22688238,16870,Hummingbirds,Selasphorus ellioti,Wine-throated Hummingbird,LC
22687368,16910,Hummingbirds,Phaeoptila sordida,Dusky Hummingbird,LC
22687333,16930,Hummingbirds,Riccordia bracei,Brace's Emerald,EX
22729031,17010,Hummingbirds,Cynanthus auriceps,Golden-crowned Emerald,LC
22684143,18480,Cuckoos,Coua delalandei,Snail-eating Coua,EX
22724459,18630,Cuckoos,Carpococcyx viridis,Sumatran Ground-cuckoo,EN
22684192,18660,Cuckoos,Centropus milo,Buff-headed Coucal,LC
22684202,18680,Cuckoos,Centropus menbeki,Ivory-billed Coucal,LC
22684225,18730,Cuckoos,Centropus steerii,Black-hooded Coucal,CR
22684222,18740,Cuckoos,Centropus rectunguis,Short-toed Coucal,VU
22684276,18790,Cuckoos,Centropus monachus,Blue-headed Coucal,LC
22684212,18930,Cuckoos,Centropus spilopterus,Kai Coucal,LC
22684107,18980,Cuckoos,Rhinortha chlorophaea,Raffles's Malkoha,LC
22725623,18990,Cuckoos,Ceuthmochares aereus,Chattering Yellowbill,LC
22684104,19020,Cuckoos,Taccocua leschenaultii,Sirkeer Malkoha,LC
22684123,19040,Cuckoos,Phaenicophaeus pyrrhocephalus,Red-faced Malkoha,VU
22684101,19050,Cuckoos,Phaenicophaeus viridirostris,Blue-faced Malkoha,LC
22684129,19130,Cuckoos,Lepidogrammus cumingi,Scale-feathered Malkoha,LC
22684113,19140,Cuckoos,Rhamphococcyx calyorhynchus,Yellow-billed Malkoha,LC
22684379,19190,Cuckoos,Coccycua minuta,Little Cuckoo,LC
22684376,19240,Cuckoos,Piaya melanogaster,Black-bellied Cuckoo,LC
22684328,19310,Cuckoos,Coccyzus erythropthalmus,Black-billed Cuckoo,LC
22684408,19380,Cuckoos,Coccyzus longirostris,Hispaniolan Lizard-cuckoo,LC
22683823,19420,Cuckoos,Pachycoccyx audeberti,Thick-billed Cuckoo,LC
61432919,19450,Cuckoos,Eudynamys orientalis,Eastern Koel,LC
22683944,19510,Cuckoos,Chalcites megarhynchus,Long-billed Cuckoo,LC
22683982,19520,Cuckoos,Chalcites basalis,Horsfield's Bronze-cuckoo,LC
61433519,19570,Cuckoos,Chalcites minutillus,Little Bronze-cuckoo,LC
22683968,19580,Cuckoos,Chalcites crassirostris,Pied Bronze-cuckoo,LC
22684017,19620,Cuckoos,Chrysococcyx klaas,Klaas's Cuckoo,LC
22683920,19740,Cuckoos,Cacomantis passerinus,Grey-bellied Cuckoo,LC
61434337,19750,Cuckoos,Cacomantis variolosus,Brush Cuckoo,LC
22683935,19760,Cuckoos,Cacomantis aeruginosus,Moluccan Cuckoo,LC
22684032,19800,Cuckoos,Caliechthrus leucolophus,White-crowned Cuckoo,LC
181371184,19810,Cuckoos,Cercococcyx mechowi,Dusky Long-tailed Cuckoo,LC
22736098,19880,Cuckoos,Surniculus velutinus,Philippine Drongo-cuckoo,LC
22728118,19910,Cuckoos,Hierococcyx bocki,Dark Hawk-Cuckoo,LC
22728111,19920,Cuckoos,Hierococcyx sparverioides,Large Hawk-Cuckoo,LC
22728763,21840,"Rails, Gallinules, Coots",Gallinula nesiotis,Tristan Moorhen,EX
22692866,21850,"Rails, Gallinules, Coots",Gallinula comeri,Gough Island Moorhen,VU
22692880,21880,"Rails, Gallinules, Coots",Gallinula tenebrosa,Dusky Moorhen,LC
45478209,22100,Trumpeters,Psophia ochroptera,Ochre-winged Trumpeter,LC
22692109,22220,Cranes,Anthropoides paradiseus,Blue Crane,VU
22692011,22380,Bustards,Lissotis hartlaubii,Hartlaub's Bustard,LC
22691924,22440,Bustards,Ardeotis arabs,Arabian Bustard,NT
22691986,22530,Bustards,Heterotetrax vigorsii,Karoo Bustard,LC
22691975,22560,Bustards,Afrotis afra,Southern Black Bustard,VU
22688373,22710,Turacos,Gallirex johnstoni,Rwenzori Turaco,LC
22688316,22740,Turacos,Tauraco schuettii,Black-billed Turaco,LC
22688331,22750,Turacos,Tauraco livingstonii,Livingstone's Turaco,LC
22688355,22790,Turacos,Tauraco leucotis,White-cheeked Turaco,LC
22688359,22800,Turacos,Tauraco ruspolii,Ruspoli's Turaco,NT
22688340,22810,Turacos,Tauraco bannermani,Bannerman's Turaco,NT
22688346,22820,Turacos,Tauraco erythrolophus,Red-crested Turaco,LC
22688369,22830,Turacos,Tauraco leucolophus,White-crested Turaco,LC
22688350,22840,Turacos,Tauraco macrorhynchus,Yellow-billed Turaco,LC
22697847,22910,Loons/Divers,Gavia adamsii,Yellow-billed Loon,NT
22697761,22960,Penguins,Pygoscelis antarcticus,Chinstrap Penguin,LC
22697810,23090,Penguins,Spheniscus demersus,African Penguin,CR
22729148,23160,Southern Storm-petrels,Garrodia nereis,Grey-backed Storm-petrel,LC
22728808,23220,Southern Storm-petrels,Fregetta maoriana,New Zealand Storm-petrel,CR
230025395,23230,Southern Storm-petrels,Fregetta lineata,New Caledonian Storm-petrel,DD
132441735,23350,Northern Storm-petrels,Hydrobates cheimomnestes,Ainley's Storm-petrel,VU
22697896,24820,"Petrels, Shearwaters",Pseudobulweria aterrima,Mascarene Petrel,CR
22728804,24870,"Petrels, Shearwaters",Bulweria bifax,Small Saint Helena Petrel,EX
22698288,24900,"Petrels, Shearwaters",Pelecanoides magellani,Magellanic Diving-petrel,LC
22697721,24960,Storks,Leptoptilos dubius,Greater Adjutant,NT
22697648,24980,Storks,Mycteria americana,Wood Stork,LC
22697691,25100,Storks,Ciconia ciconia,White Stork,LC
22697568,25200,"Ibises, Spoonbills",Platalea minor,Black-faced Spoonbill,VU
22697528,25290,"Ibises, Spoonbills",Pseudibis papillosa,Red-naped Ibis,LC
22697441,25420,"Ibises, Spoonbills",Theristicus caudatus,Buff-necked Ibis,LC
22697274,25560,Herons,Zonerodius heliosylus,Forest Bittern,NT
22697303,25730,Herons,Ixobrychus sinensis,Yellow Bittern,LC
22697317,25740,Herons,Ixobrychus eurhythmus,Schrenck's Bittern,NT
22697334,25770,Herons,Ixobrychus flavicollis,Black Bittern,LC
22697128,25960,Herons,Ardeola grayii,Indian Pond Heron,LC
22697133,25970,Herons,Ardeola bacchus,Chinese Pond Heron,LC
22697143,25990,Herons,Ardeola idae,Malagasy Pond Heron,EN
22697150,26000,Herons,Ardeola rufiventris,Rufous-bellied Heron,LC
22697109,26010,Herons,Bubulcus ibis,Cattle Egret,LC
22697043,26130,Herons,Ardea alba,Great White Egret,LC
22696938,26240,Herons,Egretta novaehollandiae,White-faced Heron,LC
22696926,26260,Herons,Egretta ardesiaca,Black Heron,LC
22696922,26270,Herons,Egretta vinaceigula,Slaty Egret,VU
22696931,26280,Herons,Egretta tricolor,Tricolored Heron,LC
22697590,26450,Pelicans,Pelecanus onocrotalus,Great White Pelican,LC
22697619,26470,Pelicans,Pelecanus thagus,Peruvian Pelican,NT
22697724,26530,Frigatebirds,Fregata magnificens,Magnificent Frigatebird,LC
22696649,26550,"Gannets, Boobies",Papasula abbotti,Abbott's Booby,EN
22696668,26570,"Gannets, Boobies",Morus capensis,Cape Gannet,EN
22696675,26580,"Gannets, Boobies",Morus serrator,Australasian Gannet,LC
22696686,26620,"Gannets, Boobies",Sula variegata,Peruvian Booby,LC
22696730,26680,Cormorants,Microcarbo coronatus,Crowned Cormorant,LC
22696734,26700,Cormorants,Microcarbo pygmaeus,Pygmy Cormorant,LC
22693203,28510,"Sandpipers, Snipes, Phalaropes",Bartramia longicauda,Upland Sandpiper,LC
22693178,28530,"Sandpipers, Snipes, Phalaropes",Numenius phaeopus,Whimbrel,LC
22693437,28720,"Sandpipers, Snipes, Phalaropes",Calidris himantopus,Stilt Sandpiper,NT
22693431,28730,"Sandpipers, Snipes, Phalaropes",Calidris ferruginea,Curlew Sandpiper,VU
22693392,28750,"Sandpipers, Snipes, Phalaropes",Calidris subminuta,Long-toed Stint,LC
22693452,28760,"Sandpipers, Snipes, Phalaropes",Calidris pygmaea,Spoon-billed Sandpiper,CR
22693404,28820,"Sandpipers, Snipes, Phalaropes",Calidris bairdii,Baird's Sandpiper,LC
62289271,28950,"Sandpipers, Snipes, Phalaropes",Prosobonia parvirostris,Tuamotu Sandpiper,EN
22693060,29020,"Sandpipers, Snipes, Phalaropes",Scolopax saturata,Javan Woodcock,NT
22693065,29050,"Sandpipers, Snipes, Phalaropes",Scolopax celebensis,Sulawesi Woodcock,LC
22693137,29090,"Sandpipers, Snipes, Phalaropes",Coenocorypha pusilla,Chatham Islands Snipe,VU
22693085,29210,"Sandpipers, Snipes, Phalaropes",Gallinago stenura,Pin-tailed Snipe,LC
22693097,29260,"Sandpipers, Snipes, Phalaropes",Gallinago gallinago,Common Snipe,LC
22693115,29300,"Sandpipers, Snipes, Phalaropes",Gallinago andina,Puna Snipe,LC
22693118,29310,"Sandpipers, Snipes, Phalaropes",Gallinago nobilis,Noble Snipe,NT
22693133,29350,"Sandpipers, Snipes, Phalaropes",Lymnocryptes minimus,Jack Snipe,LC
22693472,29360,"Sandpipers, Snipes, Phalaropes",Steganopus tricolor,Wilson's Phalarope,LC
22693494,29380,"Sandpipers, Snipes, Phalaropes",Phalaropus fulicarius,Red Phalarope,LC
22693251,29390,"Sandpipers, Snipes, Phalaropes",Xenus cinereus,Terek Sandpiper,LC
22693264,29400,"Sandpipers, Snipes, Phalaropes",Actitis hypoleucos,Common Sandpiper,LC
22693216,29530,"Sandpipers, Snipes, Phalaropes",Tringa stagnatilis,Marsh Sandpiper,LC
22725519,29590,Buttonquails,Turnix hottentottus,Fynbos Buttonquail,LC
22734789,29640,Buttonquails,Turnix novaecaledoniae,New Caledonian Buttonquail,CR(PE)
22694081,29770,Crab-plover,Dromas ardeola,Crab-plover,LC
22694140,29920,"Coursers, Pratincoles",Glareola ocularis,Madagascar Pratincole,NT
22694830,30050,"Gulls, Terns, Skimmers",Gygis microrhyncha,Little White Tern,LC
22694497,30170,"Gulls, Terns, Skimmers",Rissa tridactyla,Black-legged Kittiwake,VU
22688489,31670,Barn-owls,Tyto rosenbergii,Sulawesi Masked-owl,LC
22688493,31680,Barn-owls,Tyto soumagnei,Madagascar Red Owl,VU
22688504,31690,Barn-owls,Tyto alba,Common Barn-owl,LC
22689394,31830,Typical Owls,Ninox connivens,Barking Owl,LC
22689420,31850,Typical Owls,Ninox affinis,Andaman Boobook,LC
22726321,31970,Typical Owls,Ninox randi,Chocolate Boobook,NT
22726334,32000,Typical Owls,Ninox mindorensis,Mindoro Boobook,VU
22732909,32060,Typical Owls,Ninox burhani,Togian Boobook,NT
22728610,32070,Typical Owls,Ninox ios,Cinnabar Boobook,LC
22728866,32300,Typical Owls,Mascarenotus grucheti,Reunion Owl,EX
22728856,32310,Typical Owls,Mascarenotus murivorus,Rodrigues Owl,EX
22689353,32370,Typical Owls,Athene cunicularia,Burrowing Owl,LC
22689328,32390,Typical Owls,Athene noctua,Little Owl,LC
22689194,32430,Typical Owls,Glaucidium passerinum,Eurasian Pygmy-owl,LC
200290653,32440,Typical Owls,Glaucidium brodiei,Collared Owlet,LC
22689280,32500,Typical Owls,Glaucidium castanopterum,Javan Owlet,LC
22689283,32510,Typical Owls,Glaucidium radiatum,Jungle Owlet,LC
22689310,32550,Typical Owls,Glaucidium albertinum,Albertine Owlet,NT
22729019,32610,Typical Owls,Glaucidium palmarum,Colima Pygmy-owl,LC
22689240,32660,Typical Owls,Glaucidium minutissimum,Least Pygmy-owl,LC
22733081,32670,Typical Owls,Glaucidium mooreorum,Pernambuco Pygmy-owl,CR(PE)
22689253,32690,Typical Owls,Glaucidium peruanum,Peruvian Pygmy-owl,LC
62184893,32900,Typical Owls,Aegolius gradyi,Bermuda Saw-whet Owl,EX
22689366,32910,Typical Owls,Aegolius acadicus,Northern Saw-whet Owl,LC
22688554,32960,Typical Owls,Otus rufescens,Reddish Scops-owl,NT
22688911,33000,Typical Owls,Otus gurneyi,Giant Scops-owl,NT
22688573,33140,Typical Owls,Otus balli,Andaman Scops-owl,LC
22688579,33160,Typical Owls,Otus spilocephalus,Mountain Scops-owl,LC
22688591,33170,Typical Owls,Otus angelinae,Javan Scops-owl,NT
22688679,33200,Typical Owls,Otus pembaensis,Pemba Scops-owl,VU
230025085,33250,Typical Owls,Otus bikegila,Principe Scops-owl,CR
22688614,33300,Typical Owls,Otus mirus,Mindanao Highland Scops-owl,LC
22732599,33330,Typical Owls,Otus mayottensis,Mayotte Scops-owl,LC
22688694,33350,Typical Owls,Otus pauliani,Grande Comore Scops-owl,EN
22735356,35140,"Hawks, Eagles",Pernis steerei,Philippine Honey-buzzard,LC
22695014,35160,"Hawks, Eagles",Hamirostra melanosternon,Black-breasted Buzzard,LC
22695010,35170,"Hawks, Eagles",Lophoictinia isura,Square-tailed Kite,LC
22694944,35200,"Hawks, Eagles",Aviceda cuculoides,African Cuckoo-hawk,LC
22694956,35220,"Hawks, Eagles",Aviceda jerdoni,Jerdon's Baza,LC
22694961,35230,"Hawks, Eagles",Aviceda subcristata,Pacific Baza,LC
22695313,35350,"Hawks, Eagles",Spilornis rufipectus,Sulawesi Serpent-eagle,LC
22695194,35540,"Hawks, Eagles",Gyps bengalensis,White-rumped Vulture,CR
22695219,35600,"Hawks, Eagles",Gyps fulvus,Griffon Vulture,LC
22695231,35620,"Hawks, Eagles",Aegypius monachus,Cinereous Vulture,NT
22695991,35660,"Hawks, Eagles",Morphnus guianensis,Crested Eagle,NT
22696201,35680,"Hawks, Eagles",Stephanoaetus coronatus,Crowned Eagle,NT
22734083,35750,"Hawks, Eagles",Nisaetus pinskeri,South Philippine Hawk-eagle,EN
22732090,35760,"Hawks, Eagles",Nisaetus cirrhatus,Changeable Hawk-eagle,LC
22696207,35870,"Hawks, Eagles",Spizaetus isidori,Black-and-chestnut Eagle,EN
22696027,35920,"Hawks, Eagles",Clanga clanga,Greater Spotted Eagle,VU
22696056,35970,"Hawks, Eagles",Aquila gurneyi,Gurney's Eagle,NT
22696060,35980,"Hawks, Eagles",Aquila chrysaetos,Golden Eagle,LC
22696084,36020,"Hawks, Eagles",Aquila spilogaster,African Hawk-eagle,LC
22696138,36030,"Hawks, Eagles",Aquila africana,Cassin's Hawk-eagle,LC
22696103,36090,"Hawks, Eagles",Hieraaetus ayresii,Ayres's Hawk-eagle,LC
22695445,36160,"Hawks, Eagles",Micronisus gabar,Gabar Goshawk,LC
22695063,36180,"Hawks, Eagles",Harpagus diodon,Rufous-thighed Kite,LC
22695344,36190,"Hawks, Eagles",Circus aeruginosus,Western Marsh-harrier,LC
61709141,36200,"Hawks, Eagles",Circus spilonotus,Eastern Marsh-harrier,LC
22695352,36230,"Hawks, Eagles",Circus ranivorus,African Marsh-harrier,LC
22728310,36240,"Hawks, Eagles",Circus maillardi,Reunion Marsh-harrier,EN
22695368,36250,"Hawks, Eagles",Circus macrosceles,Malagasy Harrier,EN
22695373,36260,"Hawks, Eagles",Circus buffoni,Long-winged Harrier,LC
22727740,36300,"Hawks, Eagles",Circus hudsonius,Northern Harrier,LC
22695465,36400,"Hawks, Eagles",Accipiter griseiceps,Sulawesi Goshawk,LC
22727697,36420,"Hawks, Eagles",Accipiter tachiro,African Goshawk,LC
22695494,36450,"Hawks, Eagles",Accipiter butleri,Nicobar Sparrowhawk,VU
22695503,36470,"Hawks, Eagles",Accipiter soloensis,Chinese Sparrowhawk,LC
22695516,36490,"Hawks, Eagles",Accipiter trinotatus,Spot-tailed Goshawk,LC
22695558,36530,"Hawks, Eagles",Accipiter poliocephalus,Grey-headed Goshawk,LC
219590235,36550,"Hawks, Eagles",Accipiter fasciatus,Brown Goshawk,LC
22695591,36670,"Hawks, Eagles",Accipiter nanus,Dwarf Sparrowhawk,LC
22695596,36680,"Hawks, Eagles",Accipiter erythrauchen,Rufous-necked Sparrowhawk,LC
219590066,36690,"Hawks, Eagles",Accipiter cirrocephalus,Collared Sparrowhawk,LC
22695624,36740,"Hawks, Eagles",Accipiter nisus,Eurasian Sparrowhawk,LC
22695630,36750,"Hawks, Eagles",Accipiter rufiventris,Rufous-breasted Sparrowhawk,LC
22695656,36770,"Hawks, Eagles",Accipiter cooperii,Cooper's Hawk,LC
22695659,36780,"Hawks, Eagles",Accipiter gundlachi,Gundlach's Hawk,EN
61692251,38360,Trogons,Trogon collaris,Collared Trogon,LC
22682417,38510,Hornbills,Lophoceros pallidirostris,Pale-billed Hornbill,LC
61612971,38530,Hornbills,Lophoceros semifasciatus,West African Pied Hornbill,LC
22682400,38580,Hornbills,Lophoceros bradfieldi,Bradfield's Hornbill,LC
22725940,38640,Hornbills,Tockus damarensis,Damara Red-billed Hornbill,LC
22725930,38650,Hornbills,Tockus erythrorhynchus,Red-billed Hornbill,LC
22727003,38730,Hornbills,Horizocerus hartlaubi,Western Dwarf Hornbill,LC
22731941,38920,Hornbills,Anorrhinus austeni,Austen's Brown Hornbill,NT
22682429,38950,Hornbills,Ocyceros birostris,Indian Grey Hornbill,LC
22682421,38960,Hornbills,Ocyceros griseus,Malabar Grey Hornbill,VU
22682437,39010,Hornbills,Anthracoceros albirostris,Oriental Pied Hornbill,LC
22682444,39020,Hornbills,Anthracoceros marchei,Palawan Hornbill,VU
22682510,39030,Hornbills,Aceros nipalensis,Rufous-necked Hornbill,VU
22682522,39060,Hornbills,Rhabdotorrhinus leucocephalus,Writhed Hornbill,NT
22682488,39110,Hornbills,Penelopides manillae,Luzon Hornbill,LC
22682525,39140,Hornbills,Rhyticeros cassidix,Knobbed Hornbill,VU
22682531,39180,Hornbills,Rhyticeros narcondami,Narcondam Hornbill,VU
22682673,39260,Woodhoopoes,Phoeniculus damarensis,Violet Woodhoopoe,LC
22682678,39270,Woodhoopoes,Phoeniculus somaliensis,Black-billed Woodhoopoe,LC
22682689,39290,Woodhoopoes,Rhinopomastus castaneiceps,Forest Scimitarbill,LC
22682710,39320,Woodhoopoes,Rhinopomastus minor,Abyssinian Scimitarbill,LC
22683667,39350,Bee-eaters,Meropogon forsteni,Purple-bearded Bee-eater,LC
22683684,39360,Bee-eaters,Merops bullockoides,White-fronted Bee-eater,LC
22725894,39450,Bee-eaters,Merops cyanophrys,Arabian Green Bee-eater,LC
22683750,39500,Bee-eaters,Merops philippinus,Blue-tailed Bee-eater,LC
22683740,39520,Bee-eaters,Merops persicus,Blue-cheeked Bee-eater,LC
22683753,39540,Bee-eaters,Merops ornatus,Rainbow Bee-eater,LC
22683728,39550,Bee-eaters,Merops boehmi,Böhm's Bee-eater,LC
22725914,39690,Rollers,Coracias benghalensis,Indian Roller,NT
22682920,39800,Rollers,Eurystomus orientalis,Oriental Dollarbird,LC
22682926,39810,Rollers,Eurystomus azureus,Azure Dollarbird,NT
22682931,39820,Ground-rollers,Brachypteracias leptosomus,Short-legged Ground-roller,VU
22682995,40030,Motmots,Baryphthengus martii,Rufous Motmot,LC
22682998,40040,Motmots,Baryphthengus ruficapillus,Rufous-capped Motmot,LC
22682986,40060,Motmots,Electron platyrhynchum,Broad-billed Motmot,LC
45355856,40160,Kingfishers,Ceyx sangirensis,Sangihe Dwarf-kingfisher,CR
45355839,40170,Kingfishers,Ceyx fallax,Sulawesi Dwarf-kingfisher,LC
22726591,40230,Kingfishers,Ceyx lepidus,Moluccan Dwarf-kingfisher,LC
61659795,40240,Kingfishers,Ceyx wallacii,Sula Dwarf-kingfisher,NT
22726613,40260,Kingfishers,Ceyx solitarius,New Guinea Dwarf-kingfisher,LC
22726643,40310,Kingfishers,Ceyx collectoris,New Georgia Dwarf-kingfisher,NT
22683051,40400,Kingfishers,Ceyx websteri,Bismarck Kingfisher,VU
22683024,40480,Kingfishers,Alcedo hercules,Blyth's Kingfisher,NT
22683027,40510,Kingfishers,Alcedo atthis,Common Kingfisher,LC
22683620,40600,Kingfishers,Megaceryle lugubris,Crested Kingfisher,LC
22683649,40650,Kingfishers,Chloroceryle amazona,Amazon Kingfisher,LC
22683658,40660,Kingfishers,Chloroceryle aenea,American Pygmy-kingfisher,LC
22683655,40680,Kingfishers,Chloroceryle inda,Green-and-rufous Kingfisher,LC
22683273,40820,Kingfishers,Halcyon albiventris,Brown-hooded Kingfisher,LC
22683532,40950,Kingfishers,Actenoides concretus,Rufous-collared Kingfisher,NT
22683569,41020,Kingfishers,Syma megarhyncha,Mountain Kingfisher,LC
22683291,41040,Kingfishers,Todiramphus winchelli,Rufous-lored Kingfisher,VU
22683387,41110,Kingfishers,Todiramphus funebris,Sombre Kingfisher,LC
22683410,41130,Kingfishers,Todiramphus enigma,Talaud Kingfisher,NT
22726585,41160,Kingfishers,Todiramphus reichenbachii,Pohnpei Kingfisher,VU
22683368,41190,Kingfishers,Todiramphus recurvirostris,Flat-billed Kingfisher,LC
22726929,41230,Kingfishers,Todiramphus youngi,Moorea Kingfisher,VU
22683499,41250,Kingfishers,Todiramphus gambieri,Tuamotu Kingfisher,CR
22683487,41260,Kingfishers,Todiramphus godeffroyi,Marquesas Kingfisher,CR
22725840,41390,Kingfishers,Tanysiptera nigriceps,Black-headed Paradise-kingfisher,LC
22683597,41410,Kingfishers,Tanysiptera nympha,Red-breasted Paradise-kingfisher,LC
22683196,41470,Kingfishers,Dacelo tyro,Spangled Kookaburra,LC
22682183,41520,Jacamars,Brachygalba albogularis,White-throated Jacamar,LC
22727035,41570,Jacamars,Galbula albirostris,Yellow-billed Jacamar,LC
22682215,41650,Jacamars,Galbula chalcothorax,Purplish Jacamar,LC
22733880,41700,Puffbirds,Notharchus hyperrhynchus,White-necked Puffbird,LC
22682243,41740,Puffbirds,Notharchus ordii,Brown-banded Puffbird,LC
22682252,41810,Puffbirds,Nystactes tamatia,Spotted Puffbird,LC
22682289,41940,Puffbirds,Malacoptila rufa,Rufous-necked Puffbird,LC
22682310,42030,Puffbirds,Nonnula frontalis,Grey-cheeked Nunlet,LC
22682319,42050,Puffbirds,Nonnula amaurocephala,Chestnut-headed Nunlet,LC
22682322,42060,Puffbirds,Hapaloptila castanea,White-faced Nunbird,LC
22682331,42090,Puffbirds,Monasa morphoeus,White-fronted Nunbird,LC
22682105,42170,Toucans,Ramphastos brevis,Choco Toucan,LC
62220237,42180,Toucans,Ramphastos citreolaemus,Citron-throated Toucan,NT
22726170,42310,Toucans,Aulacorhynchus prasinus,Emerald Toucanet,LC
61567591,42400,Toucans,Aulacorhynchus sulcatus,Groove-billed Toucanet,LC
22727086,42410,Toucans,Aulacorhynchus derbianus,Chestnut-tipped Toucanet,LC
22727094,42420,Toucans,Aulacorhynchus whitelianus,Tepui Toucanet,LC
22682084,42580,Toucans,Selenidera piperivora,Guianan Toucanet,LC
22682044,42650,Toucans,Pteroglossus bailloni,Saffron Toucanet,NT
22681994,42660,Toucans,Pteroglossus viridis,Green Araçari,LC
22682028,42720,Toucans,Pteroglossus frantzii,Fiery-billed Araçari,LC
22735207,42760,Toucans,Pteroglossus azara,Ivory-billed Araçari,LC
22681914,42910,New World Barbets,Capito hypoleucus,White-mantled Barbet,LC
22681920,42940,New World Barbets,Capito quinticolor,Five-colored Barbet,NT
22681942,43010,New World Barbets,Eubucco tucinkae,Scarlet-hooded Barbet,LC
22726122,43240,Asian Barbets,Psilopogon australis,Yellow-eared Barbet,LC
22681591,43270,Asian Barbets,Psilopogon virens,Great Barbet,LC
22681619,43290,Asian Barbets,Psilopogon mystacophanos,Red-throated Barbet,NT
22681652,43320,Asian Barbets,Psilopogon armillaris,Flame-fronted Barbet,LC
22681603,43380,Asian Barbets,Psilopogon viridis,White-cheeked Barbet,LC
22726116,43410,Asian Barbets,Psilopogon auricularis,Necklaced Barbet,LC
22681612,43430,Asian Barbets,Psilopogon chrysopogon,Gold-whiskered Barbet,LC
45360321,43510,Asian Barbets,Psilopogon oorti,Black-browed Barbet,LC
22726002,43630,African barbets,Trachyphonus darnaudii,D'Arnaud's Barbet,LC
181378951,43670,African barbets,Buccanodon dowsetti,Western Yellow-spotted Barbet,LC
22726032,43700,African barbets,Gymnobucco bonapartei,Grey-throated Barbet,LC
22681699,43730,African barbets,Gymnobucco peli,Bristle-nosed Barbet,LC
22726026,43750,African barbets,Gymnobucco vernayi,Pale-throated Barbet,VU
22681724,43790,African barbets,Stactolaema anchietae,Anchieta's Barbet,LC
22681747,43820,African barbets,Pogoniulus leucomystax,Moustached Green Tinkerbird,LC
22681790,43920,African barbets,Tricholaema diademata,Red-fronted Barbet,LC
22681841,44040,African barbets,Lybius guifsobalito,Black-billed Barbet,LC
22681849,44060,African barbets,Pogonornis melanopterus,Brown-breasted Barbet,LC
22681865,44100,African barbets,Pogonornis dubius,Bearded Barbet,LC
22725990,44120,African barbets,Trachylaemus goffinii,Western Yellow-billed Barbet,LC
22696317,47550,"Falcons, Caracaras",Neohierax insignis,White-rumped Pygmy-falcon,NT
22696362,47570,"Falcons, Caracaras",Falco tinnunculus,Common Kestrel,LC
22696406,47670,"Falcons, Caracaras",Falco ardosiaceus,Grey Kestrel,LC
22696442,47740,"Falcons, Caracaras",Falco eleonorae,Eleonora's Falcon,LC
22696453,47760,"Falcons, Caracaras",Falco columbarius,Merlin,LC
22696466,47810,"Falcons, Caracaras",Falco cuvierii,African Hobby,LC
22696470,47820,"Falcons, Caracaras",Falco severus,Oriental Hobby,LC
22696476,47840,"Falcons, Caracaras",Falco novaeseelandiae,New Zealand Falcon,LC
22696484,47870,"Falcons, Caracaras",Falco subniger,Black Falcon,LC
22684739,48050,Cockatoos,Zanda funerea,Yellow-tailed Black-cockatoo,LC
22728429,48190,Cockatoos,Cacatua ophthalmica,Blue-eyed Cockatoo,VU
200296433,48210,Cockatoos,Cacatua citrinocristata,Citron-crested Cockatoo,CR
22685304,48320,Parrots,Poicephalus meyeri,Brown Parrot,LC
22685312,48370,Parrots,Poicephalus rufiventris,Red-bellied Parrot,LC
22686054,48450,Parrots,Touit surdus,Golden-tailed Parrotlet,VU
22685900,48470,Parrots,Psilopsiagon aymara,Grey-hooded Parakeet,LC
22685980,48620,Parrots,Brotogeris jugularis,Orange-chinned Parakeet,LC
22686419,48660,Parrots,Triclaria malachitacea,Blue-bellied Parrot,LC
22727615,48820,Parrots,Pionus tumultuosus,Plum-crowned Parrot,LC
22686374,48930,Parrots,Amazona vinacea,Vinaceous-breasted Amazon,EN
22686222,48970,Parrots,Amazona albifrons,White-fronted Amazon,LC
22686201,48990,Parrots,Amazona leucocephala,Cuban Amazon,NT
22686215,49000,Parrots,Amazona ventralis,Hispaniolan Amazon,VU
22728292,49030,Parrots,Amazona autumnalis,Red-lored Amazon,LC
22685150,50630,Parrots,Psephotellus chrysopterygius,Golden-shouldered Parrot,EN
22685156,50640,Parrots,Psephotellus pulcherrimus,Paradise Parrot,EX
22733483,50670,Parrots,Platycercus elegans,Crimson Rosella,LC
22685122,50690,Parrots,Platycercus adscitus,Pale-headed Rosella,LC
22685130,50710,Parrots,Platycercus icterotis,Western Rosella,LC
22685219,50770,Parrots,Lathamus discolor,Swift Parrot,CR
22728673,50850,Parrots,Cyanoramphus ulietanus,Raiatea Parakeet,EX
22685162,50860,Parrots,Cyanoramphus unicolor,Antipodes Parakeet,VU
22724553,50870,Parrots,Cyanoramphus forbesi,Chatham Islands Parakeet,VU
22727981,50900,Parrots,Cyanoramphus novaezelandiae,Red-fronted Parakeet,LC
22685237,50980,Parrots,Pezoporus occidentalis,Night Parrot,CR
22685194,51010,Parrots,Neophema chrysostoma,Blue-winged Parrot,VU
22685214,51060,Parrots,Neophema splendida,Scarlet-chested Parrot,LC
22684714,51130,Parrots,Oreopsittacus arfaki,Plum-faced Lorikeet,LC
22684689,51220,Parrots,Charmosyna diadema,New Caledonian Lorikeet,CR(PE)
22684697,51240,Parrots,Charmosyna margarethae,Duchess Lorikeet,LC
22684701,51250,Parrots,Charmosyna pulchella,Fairy Lorikeet,LC
22725340,51270,Parrots,Charmosyna papou,Papuan Lorikeet,LC
22684647,51340,Parrots,Vini ultramarina,Ultramarine Lorikeet,CR
22684652,51380,Parrots,Glossopsitta concinna,Musk Lorikeet,LC
22684594,51430,Parrots,Lorius lory,Black-capped Lory,LC
22684597,51440,Parrots,Lorius hypoinochrous,Purple-bellied Lory,LC
22684488,51490,Parrots,Chalcopsitta atra,Black Lory,LC
22684528,51530,Parrots,Pseudeos fuscata,Dusky Lory,LC
22725327,51700,Parrots,Trichoglossus rubritorquis,Red-collared Lorikeet,LC
22684573,51770,Parrots,Trichoglossus iris,Iris Lorikeet,NT
22684903,51860,Parrots,Psittaculirostris edwardsii,Edwards's Fig-parrot,LC
22684908,51870,Parrots,Psittaculirostris salvadorii,Salvadori's Fig-parrot,LC
22727581,51930,Parrots,Cyclopsitta diophthalma,Double-eyed Fig-parrot,LC
22685366,51980,Parrots,Loriculus vernalis,Vernal Hanging-parrot,LC
22685384,52010,Parrots,Loriculus galgulus,Blue-crowned Hanging-parrot,LC
22685399,52050,Parrots,Loriculus catamene,Sangihe Hanging-parrot,NT
22685405,52060,Parrots,Loriculus aurantiifrons,Orange-fronted Hanging-parrot,LC
103658059,55130,Typical Antbirds,Thamnophilus bernardi,Collared Antshrike,LC
22701322,55310,Typical Antbirds,Thamnophilus aroyae,Upland Antshrike,LC
22701662,55470,Typical Antbirds,Cercomacra cinerascens,Grey Antbird,LC
22701692,55480,Typical Antbirds,Cercomacra melanaria,Mato Grosso Antbird,LC
103658788,55810,Typical Antbirds,Hypocnemis rondoni,Manicore Antwarbler,LC
22735497,55820,Typical Antbirds,Hypocnemis striata,Spix's Antwarbler,LC
22701856,55850,Typical Antbirds,Pithys albifrons,White-plumed Antbird,LC
22701859,55860,Typical Antbirds,Pithys castaneus,White-masked Antbird,NT
103658838,55890,Typical Antbirds,Willisornis nigrigula,Tapajos Scale-backed Antbird,LC
22701945,55920,Typical Antbirds,Phlegopsis nigromaculata,Black-spotted Bare-eye,LC
22701960,55930,Typical Antbirds,Phlegopsis borbae,Pale-faced Bare-eye,LC
22730404,56000,Typical Antbirds,Gymnopithys leucaspis,White-cheeked Antbird,LC
22701869,56010,Typical Antbirds,Gymnopithys rufigula,Rufous-throated Antbird,LC
155256702,56080,Typical Antbirds,Myrmoderus eowilsoni,Cordillera Azul Antbird,NT
22701792,56090,Typical Antbirds,Myrmoderus ferrugineus,Ferruginous-backed Antbird,LC
22701737,56160,Typical Antbirds,Hypocnemoides melanopogon,Black-chinned Antbird,LC
22735305,56190,Typical Antbirds,Myrmelastes saturatus,Roraiman Antbird,LC
22701832,56210,Typical Antbirds,Myrmelastes hyperythrus,Plumbeous Antbird,LC
22701813,56320,Typical Antbirds,Sipia nigricauda,Esmeraldas Antbird,LC
22730396,56450,Typical Antbirds,Pyriglena leuconota,White-backed Fire-eye,LC
103670743,59360,Ovenbirds,Lepidocolaptes neglectus,Southern Spot-crowned Woodcreeper,LC
22702984,59470,Ovenbirds,Microxenops milleri,Rufous-tailed Xenops,LC
22702034,59510,Ovenbirds,Ochetorhynchus ruficaudus,Straight-billed Earthcreeper,LC
22702012,59580,Ovenbirds,Tarphonomus harterti,Bolivian Earthcreeper,LC
22702128,59650,Ovenbirds,Furnarius minor,Lesser Hornero,LC
22702054,59740,Ovenbirds,Geocerthia serrana,Striated Earthcreeper,LC
22736290,59760,Ovenbirds,Upucerthia dumetaria,Scale-throated Earthcreeper,LC
22702085,59820,Ovenbirds,Cinclodes pabsti,Long-tailed Cinclodes,NT
22702981,60080,Ovenbirds,Heliobletus contaminatus,Sharp-billed Treehunter,LC
22702814,60090,Ovenbirds,Philydor fuscipenne,Slaty-winged Foliage-gleaner,LC
22702767,60210,Ovenbirds,Syndactyla guttulata,Guttulate Foliage-gleaner,LC
22702774,60230,Ovenbirds,Syndactyla rufosuperciliata,Buff-browed Foliage-gleaner,LC
22702878,60280,Ovenbirds,Syndactyla striata,Bolivian Recurvebill,LC
22702757,60290,Ovenbirds,Ancistrops strigilatus,Chestnut-winged Hookbill,LC
22702956,60340,Ovenbirds,Clibanornis erythrocephalus,Henna-hooded Foliage-gleaner,NT
22702905,60390,Ovenbirds,Thripadectes scrutator,Rufous-backed Treehunter,LC
22702899,60400,Ovenbirds,Thripadectes holostictus,Striped Treehunter,LC
22702890,60430,Ovenbirds,Thripadectes rufobrunneus,Streak-breasted Treehunter,LC
22702946,60440,Ovenbirds,Automolus rufipileatus,Chestnut-crowned Foliage-gleaner,LC
22733651,60510,Ovenbirds,Automolus infuscatus,Olive-backed Foliage-gleaner,LC
22731952,60520,Ovenbirds,Automolus paraensis,Para Foliage-gleaner,LC
22702153,60680,Ovenbirds,Aphrastura spinicauda,Thorn-tailed Rayadito,LC
22702187,60770,Ovenbirds,Leptasthenura striata,Streaked Tit-spinetail,LC
22729219,60890,Ovenbirds,Phacellodomus maculipectus,Spot-breasted Thornbird,LC
22702621,60910,Ovenbirds,Phacellodomus ruber,Greater Thornbird,LC
103673286,61010,Ovenbirds,Asthenes huancavelicae,Huancavelica Canastero,LC
22732009,61020,Ovenbirds,Asthenes arequipae,Arequipa Canastero,LC
22702225,61220,Ovenbirds,Asthenes griseomurina,Mouse-colored Thistletail,LC
22702588,61470,Ovenbirds,Thripophaga macroura,Striated Softtail,NT
22702594,61480,Ovenbirds,Thripophaga fusciceps,Plain Softtail,LC
103674933,61560,Ovenbirds,Cranioleuca vulpina,Rusty-backed Spinetail,LC
22702444,61680,Ovenbirds,Cranioleuca semicinerea,Grey-headed Spinetail,LC
22702530,61780,Ovenbirds,Pseudasthenes steinbachi,Steinbach's Canastero,LC
103675261,61940,Ovenbirds,Synallaxis simoni,Araguaia Spinetail,LC
22702387,61970,Ovenbirds,Synallaxis candei,White-whiskered Spinetail,LC
22702334,61990,Ovenbirds,Synallaxis tithys,Blackish-headed Spinetail,VU
22702317,62150,Ovenbirds,Synallaxis infuscata,Pinto's Spinetail,EN
22731980,63680,Tityras and allies,Myiobius barbatus,Whiskered Flycatcher,LC
22700821,63710,Tityras and allies,Iodopleura isabellae,White-browed Purpletuft,LC
22700818,63730,Tityras and allies,Iodopleura pipra,Buff-throated Purpletuft,EN
103676987,63750,Tityras and allies,Tityra cayana,Western Black-tailed Tityra,LC
22700638,63810,Tityras and allies,Pachyramphus versicolor,Barred Becard,LC
103677088,63830,Tityras and allies,Pachyramphus griseigularis,Green-cheeked Becard,LC
22700667,63850,Tityras and allies,Pachyramphus spodiurus,Slaty Becard,VU
22700680,63890,Tityras and allies,Pachyramphus niger,Jamaican Becard,LC
22700673,63900,Tityras and allies,Pachyramphus homochrous,One-colored Becard,LC
22700683,63910,Tityras and allies,Pachyramphus validus,Crested Becard,LC
103677221,63960,Tityras and allies,Pachyramphus major,Eastern Grey-collared Becard,LC
22700658,63970,Tityras and allies,Pachyramphus marginatus,Black-capped Becard,LC
22700617,64020,Tityras and allies,Schiffornis major,Varzea Schiffornis,LC
22728535,64120,Tityras and allies,Laniisoma buckleyi,Andean Laniisoma,LC
22700705,64130,Tityras and allies,Laniisoma elegans,Brazilian Laniisoma,LC
103679869,64200,Tyrant-flycatchers,Platyrinchus mystaceus,Eastern White-throated Spadebill,LC
22701216,64260,Tyrant-flycatchers,Piprites griseiceps,Grey-headed Piprites,LC
22701220,64270,Tyrant-flycatchers,Piprites chloris,Wing-barred Piprites,LC
22699516,64420,Tyrant-flycatchers,Phylloscartes ceciliae,Alagoas Tyrannulet,CR
22699509,64480,Tyrant-flycatchers,Phylloscartes oustaleti,Oustalet's Tyrannulet,LC
22699477,64510,Tyrant-flycatchers,Pogonotriccus poecilotis,Variegated Bristle-tyrant,LC
22699462,64540,Tyrant-flycatchers,Pogonotriccus venezuelanus,Venezuelan Bristle-tyrant,NT
22699473,64560,Tyrant-flycatchers,Pogonotriccus orbitalis,Spectacled Bristle-tyrant,LC
22735464,64750,Tyrant-flycatchers,Cnipodectes superrufus,Rufous Twistwing,VU
22699549,64950,Tyrant-flycatchers,Myiornis ecaudatus,Short-tailed Pygmy-tyrant,LC
22699584,64960,Tyrant-flycatchers,Oncostoma cinereigulare,Northern Bentbill,LC
22699554,64980,Tyrant-flycatchers,Lophotriccus pileatus,Scale-crested Pygmy-tyrant,LC
22698876,65070,Tyrant-flycatchers,Hemitriccus diops,Drab-breasted Bamboo-tyrant,LC
22698882,65080,Tyrant-flycatchers,Hemitriccus obsoletus,Brown-breasted Bamboo-tyrant,LC
22698907,65120,Tyrant-flycatchers,Hemitriccus orbitatus,Eye-ringed Tody-tyrant,LC
22736493,66720,Tyrant-flycatchers,Pseudocolopteryx citreola,Ticking Doradito,LC
103681997,66770,Tyrant-flycatchers,Serpophaga subcristata,White-crested Tyrannulet,LC
22736536,66780,Tyrant-flycatchers,Serpophaga griseicapilla,Straneck's Tyrannulet,LC
103682408,66870,Tyrant-flycatchers,Myiophobus fasciatus,Bran-colored Flycatcher,LC
22699677,66930,Tyrant-flycatchers,Myiophobus roraimae,Roraiman Flycatcher,LC
22699905,66960,Tyrant-flycatchers,Silvicultrix jelskii,Jelski's Chat-tyrant,LC
103682812,67040,Tyrant-flycatchers,Ochthoeca fumicolor,Brown-backed Chat-tyrant,LC
22699947,67070,Tyrant-flycatchers,Ochthoeca piurae,Piura Chat-tyrant,LC
22699943,67080,Tyrant-flycatchers,Ochthoeca leucophrys,White-browed Chat-tyrant,LC
22699951,67090,Tyrant-flycatchers,Ochthoeca salvini,Tumbes Tyrant,NT
22699200,67120,Tyrant-flycatchers,Sublegatus arenarum,Northern Scrub-flycatcher,LC
22700300,67270,Tyrant-flycatchers,Alectrurus tricolor,Cock-tailed Tyrant,VU
22700244,67350,Tyrant-flycatchers,Knipolegus poecilurus,Rufous-tailed Tyrant,LC
22700256,67380,Tyrant-flycatchers,Knipolegus nigerrimus,Velvety Black-tyrant,LC
22731705,67400,Tyrant-flycatchers,Knipolegus cabanisi,Plumbeous Black-tyrant,LC
22700220,67420,Tyrant-flycatchers,Knipolegus striaticeps,Cinereous Black-tyrant,LC
22700315,67500,Tyrant-flycatchers,Satrapa icterophrys,Yellow-browed Tyrant,LC
22700193,67560,Tyrant-flycatchers,Muscisaxicola albifrons,White-fronted Ground-tyrant,LC
22700152,67630,Tyrant-flycatchers,Muscisaxicola capistratus,Cinnamon-bellied Ground-tyrant,LC
22700045,67740,Tyrant-flycatchers,Xolmis salinarum,Salinas Monjita,LC
22700052,67760,Tyrant-flycatchers,Xolmis dominicanus,Black-and-white Monjita,VU
22700072,67770,Tyrant-flycatchers,Agriornis montanus,Black-billed Shrike-tyrant,LC
22700095,67790,Tyrant-flycatchers,Agriornis lividus,Great Shrike-tyrant,LC
22700114,67810,Tyrant-flycatchers,Agriornis murinus,Lesser Shrike-tyrant,LC
22700069,67820,Tyrant-flycatchers,Neoxolmis rufiventris,Chocolate-vented Tyrant,LC
22699997,67850,Tyrant-flycatchers,Myiotheretes fumigatus,Smoky Bush-tyrant,LC
22699970,67870,Tyrant-flycatchers,Ochthornis littoralis,Drab Water-tyrant,LC
22699748,67880,Tyrant-flycatchers,Cnemotriccus fuscatus,Fuscous Flycatcher,LC
22699767,67890,Tyrant-flycatchers,Aphanotriccus capitalis,Tawny-chested Flycatcher,VU
22699779,67930,Tyrant-flycatchers,Mitrephanes phaeocercus,Tufted Flycatcher,LC
22699851,68030,Tyrant-flycatchers,Empidonax albigularis,White-throated Flycatcher,LC
22699848,68040,Tyrant-flycatchers,Empidonax traillii,Willow Flycatcher,LC
22699883,68070,Tyrant-flycatchers,Empidonax atriceps,Black-capped Flycatcher,LC
22699860,68080,Tyrant-flycatchers,Empidonax wrightii,American Grey Flycatcher,LC
22699854,68090,Tyrant-flycatchers,Empidonax minimus,Least Flycatcher,LC
22699868,68120,Tyrant-flycatchers,Empidonax affinis,Pine Flycatcher,LC
22699798,68140,Tyrant-flycatchers,Contopus pertinax,Greater Pewee,LC
103683897,68210,Tyrant-flycatchers,Contopus punensis,Western Tropical Pewee,LC
103683886,68220,Tyrant-flycatchers,Contopus cinereus,Southern Tropical Pewee,LC
22703795,69770,Fairy-wrens,Amytornis goyderi,Eyrean Grasswren,LC
103684117,69800,Fairy-wrens,Amytornis textilis,Western Grasswren,LC
22704510,69870,Bristlebirds,Dasyornis broadbenti,Rufous Bristlebird,LC
22704307,69880,Honeyeaters,Myza celebensis,Dark-eared Myza,LC
22703913,69900,Honeyeaters,Cissomela pectoralis,Banded Honeyeater,LC
103684809,69970,Honeyeaters,Lichmera indistincta,Brown Honeyeater,LC
22703963,69990,Honeyeaters,Lichmera alboauricularis,Silver-eared Honeyeater,LC
22703972,70030,Honeyeaters,Lichmera flavicans,Flame-eared Honeyeater,LC
22704132,70120,Honeyeaters,Melithreptus affinis,Black-headed Honeyeater,LC
103685875,70260,Honeyeaters,Gymnomyza brunneirostris,Giant Honeyeater,LC
22704170,70390,Honeyeaters,Melitograis gilolensis,White-streaked Friarbird,LC
22731197,70420,Honeyeaters,Philemon citreogularis,Little Friarbird,LC
103686165,70480,Honeyeaters,Philemon plumigenis,Tanimbar Friarbird,LC
22704256,70610,Honeyeaters,Vosea whitemanensis,Bismarck Honeyeater,NT
22703810,70620,Honeyeaters,Myzomela blasii,Drab Myzomela,LC
103686589,70680,Honeyeaters,Myzomela rubrobrunnea,Red-brown Myzomela,LC
103686661,70710,Honeyeaters,Myzomela cruentata,Red Myzomela,LC
22703858,70840,Honeyeaters,Myzomela sanguinolenta,Scarlet Myzomela,LC
22703891,70920,Honeyeaters,Myzomela malaitae,Malaita Myzomela,NT
103687306,70990,Honeyeaters,Myzomela longirostris,Long-billed Myzomela,LC
22704421,71060,Honeyeaters,Acanthorhynchus tenuirostris,Eastern Spinebill,LC
22704167,71130,Honeyeaters,Pycnopygius stictocephalus,Streak-headed Honeyeater,LC
22703940,71170,Honeyeaters,Glycichaera fallax,Green-backed Honeyeater,LC
22704233,71180,Honeyeaters,Ptiloprora plumbea,Leaden Honeyeater,LC
22704245,71210,Honeyeaters,Ptiloprora guisei,Rufous-backed Honeyeater,LC
22704248,71230,Honeyeaters,Ptiloprora perstriata,Grey-streaked Honeyeater,LC
22704397,71250,Honeyeaters,Ramsayornis fasciatus,Bar-breasted Honeyeater,LC
22704406,71280,Honeyeaters,Conopophila rufogularis,Rufous-throated Honeyeater,LC
22704635,72710,Thornbills,Acanthiza ewingii,Tasmanian Thornbill,LC
22704983,72850,Australasian babblers,Pomatostomus temporalis,Grey-crowned Babbler,LC
22704989,72860,Australasian babblers,Pomatostomus halli,Hall's Babbler,LC
22704986,72870,Australasian babblers,Pomatostomus superciliosus,White-browed Babbler,LC
103691602,72990,Old World Orioles,Pitohui uropygialis,Southern Variable Pitohui,LC
22706455,73020,Old World Orioles,Sphecotheres vieilloti,Australasian Figbird,LC
22706460,73030,Old World Orioles,Sphecotheres viridis,Timor Figbird,LC
103691651,73160,Old World Orioles,Oriolus decipiens,Tanimbar Oriole,LC
22706378,73220,Old World Orioles,Oriolus isabellae,Isabela Oriole,CR
22706437,73280,Old World Orioles,Oriolus xanthornus,Black-hooded Oriole,LC
103692938,73360,Old World Orioles,Oriolus oriolus,Eurasian Golden Oriole,LC
22706397,73400,Old World Orioles,Oriolus tenuirostris,Slender-billed Oriole,LC
103693170,73560,Quail-thrushes and Jewel-babblers,Ptilorrhoa geislerorum,Dimorphic Jewel-babbler,LC
22705363,73580,Quail-thrushes and Jewel-babblers,Cinclosoma ajax,Painted Quail-thrush,LC
22724568,73730,Whistlers,Coracornis sanghirensis,Sangihe Whistler,CR
22705473,73830,Whistlers,Pachycephala meyeri,Vogelkop Whistler,LC
22705443,73910,Whistlers,Pachycephala albiventris,Green-backed Whistler,LC
103693387,73930,Whistlers,Pachycephala teysmanni,Selayar Whistler,LC
103693410,73940,Whistlers,Pachycephala fulvotincta,Rusty-breasted Whistler,LC
103693426,74070,Whistlers,Pachycephala feminina,Rennell Whistler,NT
22705507,74080,Whistlers,Pachycephala flavifrons,Samoan Whistler,LC
22705510,74090,Whistlers,Pachycephala jacquinoti,Tongan Whistler,NT
103693472,74120,Whistlers,Pachycephala par,Banda Sea Whistler,LC
22706629,75660,Cuckooshrikes,Edolisoma ostentum,White-winged Cicadabird,NT
22706593,75700,Cuckooshrikes,Edolisoma dispar,Kai Cicadabird,LC
103702475,75740,Cuckooshrikes,Edolisoma salomonis,Makira Cicadabird,LC
103702544,75760,Cuckooshrikes,Edolisoma pygmaeum,New Georgia Cicadabird,NT
103702470,75810,Cuckooshrikes,Edolisoma tenuirostre,Slender-billed Cicadabird,LC
22706684,75950,Cuckooshrikes,Lalage sharpei,Samoan Triller,NT
103702795,76000,Cuckooshrikes,Lalage atrovirens,Black-browed Triller,LC
22706672,76020,Cuckooshrikes,Lalage moesta,Tanimbar Triller,LC
103702973,76050,Cuckooshrikes,Lalage melanoleuca,Northern Black-and-white Triller,LC
22706651,76070,Cuckooshrikes,Lalage nigra,Pied Triller,LC
22706564,76130,Cuckooshrikes,Lalage typica,Mauritius Cuckooshrike,EN
22705411,76200,Berryhunter,Rhagologus leucostigma,Mottled Berryhunter,LC
22706288,76270,Woodswallows and Butcherbirds,Gymnorhina tibicen,Australian Magpie,LC
103703460,76310,Woodswallows and Butcherbirds,Cracticus torquatus,Grey Butcherbird,LC
22706321,76350,Woodswallows and Butcherbirds,Artamus personatus,Masked Woodswallow,LC
22706333,76390,Woodswallows and Butcherbirds,Artamus minor,Little Woodswallow,LC
22706318,76420,Woodswallows and Butcherbirds,Artamus mentalis,Fiji Woodswallow,LC
22708020,76630,Vangas and allies,Vanga curvirostris,Hook-billed Vanga,LC
22708028,76680,Vangas and allies,Xenopirostris damii,Van Dam's Vanga,VU
22730676,76750,Vangas and allies,Prionops caniceps,Red-billed Helmetshrike,NT
22707794,76780,Vangas and allies,Prionops gabela,Gabela Helmetshrike,EN
22706772,76820,Vangas and allies,Hemipus hirundinaceus,Black-winged Flycatcher-shrike,LC
103703869,76830,Vangas and allies,Tephrodornis sylvicola,Malabar Woodshrike,LC
22707998,76920,Vangas and allies,Philentoma velata,Maroon-breasted Philentoma,NT
22734421,76980,Batises and Wattle-eyes,Batis crypta,Dark Batis,LC
22707873,77060,Batises and Wattle-eyes,Batis pririt,Pririt Batis,LC
22707920,77100,Batises and Wattle-eyes,Batis minulla,Angola Batis,LC
22736075,77210,Batises and Wattle-eyes,Dyaphorophyia hormophora,West African Wattle-eye,LC
22707950,77230,Batises and Wattle-eyes,Dyaphorophyia tonsa,White-spotted Wattle-eye,LC
22707929,77330,Batises and Wattle-eyes,Platysteira laticincta,Banded Wattle-eye,VU
22707443,77390,Ioras,Aegithina lafresnayei,Great Iora,LC
22707390,79280,Monarch-flycatchers,Myiagra vanikorensis,Vanikoro Flycatcher,LC
22707348,79430,Monarch-flycatchers,Arses insularis,Ochre-collared Monarch,LC
22707351,79460,Monarch-flycatchers,Arses kaupi,Pied Monarch,LC
22707429,79490,Monarch-flycatchers,Grallina bruijnii,Torrent-lark,LC
22707231,79500,Monarch-flycatchers,Symposiachrus axillaris,Black Monarch,LC
22707285,79540,Monarch-flycatchers,Symposiachrus sacerdotum,Flores Monarch,EN
22707304,79620,Monarch-flycatchers,Symposiachrus manadensis,Hooded Monarch,LC
22736440,79790,Monarch-flycatchers,Chasiempis sandwichensis,Hawaii Elepaio,NT
22724444,79810,Monarch-flycatchers,Pomarea pomarea,Maupiti Monarch,EX
22707172,79830,Monarch-flycatchers,Pomarea dimidiata,Rarotonga Monarch,VU
22707213,79960,Monarch-flycatchers,Clytorhynchus pachycephaloides,Southern Shrikebill,LC
103715229,80050,Monarch-flycatchers,Monarcha ugiensis,Ugi Monarch,LC
22707061,80180,Monarch-flycatchers,Trochocercus nitens,Western Crested-flycatcher,LC
22707078,80230,Monarch-flycatchers,Hypothymis coelestis,Celestial Monarch,VU
22707151,80280,Monarch-flycatchers,Terpsiphone atrocaudata,Japanese Paradise-flycatcher,LC
22707133,80290,Monarch-flycatchers,Terpsiphone corvina,Seychelles Paradise-flycatcher,VU
22707140,80300,Monarch-flycatchers,Terpsiphone bourbonnensis,Mascarene Paradise-flycatcher,LC
103716124,80340,Monarch-flycatchers,Terpsiphone floris,Nusa Tenggara Paradise-flycatcher,LC
22707115,80360,Monarch-flycatchers,Terpsiphone atrochalybeia,Sao Tome Paradise-flycatcher,LC
22707108,80370,Monarch-flycatchers,Terpsiphone viridis,African Paradise-flycatcher,LC
22705726,82300,Crows and jays,Cyanocorax dickeyi,Tufted Jay,NT
22705723,82310,Crows and jays,Cyanocorax affinis,Black-chested Jay,LC
22705699,82400,Crows and jays,Cyanocorax beecheii,Purplish-backed Jay,LC
103728215,82460,Birds-of-paradise,Lycocorax obiensis,Obi Paradise-crow,LC
22706134,82480,Birds-of-paradise,Phonygammus keraudrenii,Trumpet Manucode,LC
22706229,82530,Birds-of-paradise,Pteridophora alberti,King of Saxony Bird-of-paradise,LC
22706174,82540,Birds-of-paradise,Parotia carolae,Carola's Parotia,LC
181524111,82680,Birds-of-paradise,Lophorina latipennis,Central Superb Bird-of-paradise,LC
22706189,82710,Birds-of-paradise,Lophorina intercedens,Growling Riflebird,LC
22706154,82740,Birds-of-paradise,Epimachus meyeri,Brown Sicklebill,LC
22706222,82800,Birds-of-paradise,Astrapia stephaniae,Stephanie's Astrapia,LC
22706208,82820,Birds-of-paradise,Cicinnurus regius,King Bird-of-paradise,LC
22706266,82850,Birds-of-paradise,Paradisornis rudolphi,Blue Bird-of-paradise,NT
22706261,82860,Birds-of-paradise,Paradisaea guilielmi,Emperor Bird-of-paradise,NT
103730482,82920,New Zealand wattlebirds,Callaeas wilsoni,North Island Kokako,LC
103730380,82930,New Zealand wattlebirds,Callaeas cinereus,South Island Kokako,CR(PE)
103730855,83060,Berrypeckers and Longbills,Rhamphocharis crassirostris,Thick-billed Berrypecker,LC
103730878,83070,Berrypeckers and Longbills,Rhamphocharis piperata,Spotted Berrypecker,LC
22718162,83100,Berrypeckers and Longbills,Oedistoma pygmaeum,Pygmy Longbill,LC
22706091,83170,Satinbirds,Loboparadisea sericea,Yellow-breasted Satinbird,LC
22704917,83260,Australasian robins,Pachycephalopsis hattamensis,Green-backed Robin,LC
22704816,83370,Australasian robins,Petroica goodenovii,Red-capped Robin,LC
103734876,83380,Australasian robins,Petroica macrocephala,New Zealand Tomtit,LC
103734886,83390,Australasian robins,Petroica dannefaerdi,Snares Tomtit,VU
22704782,83470,Australasian robins,Kempiella griseoceps,Yellow-legged Flyrobin,LC
22704789,83490,Australasian robins,Devioeca papuana,Canary Flyrobin,LC
103735485,83520,Australasian robins,Monachella coultasi,New Britain Flyrobin,NT
22724769,83540,Australasian robins,Microeca tormenti,Kimberley Flyrobin,LC
103736933,83550,Australasian robins,Microeca flavigaster,Lemon-bellied Flyrobin,LC
22704872,83650,Australasian robins,Poecilodryas hypoleuca,Black-sided Robin,LC
22717207,85280,Larks,Eremopterix leucopareia,Fischer's Sparrow-lark,LC
22730531,85360,Larks,Calendulauda erythrochlamys,Dune Lark,LC
22717101,85370,Larks,Calendulauda rufa,Rusty Lark,LC
22717028,85550,Larks,Mirafra williamsi,Williams's Lark,LC
22717023,85570,Larks,Mirafra cordofanica,Kordofan Lark,LC
22717008,85600,Larks,Mirafra cheniana,Melodious Lark,LC
103765775,85610,Larks,Mirafra javanica,Horsfield's Bushlark,LC
22717380,85790,Larks,Chersophilus duponti,Dupont's Lark,VU
216912565,85860,Larks,Alaudala cheleensis,Asian Short-toed Lark,LC
22717288,85910,Larks,Melanocorypha bimaculata,Bimaculated Lark,LC
22717292,85940,Larks,Melanocorypha maxima,Tibetan Lark,LC
103766072,85990,Larks,Calandrella eremica,Rufous-capped Lark,LC
22717402,86260,Larks,Galerida magnirostris,Large-billed Lark,LC
22717383,86280,Larks,Galerida cristata,Crested Lark,LC
22713095,86320,Nicators,Nicator chloris,Western Nicator,LC
22715131,86370,Crombecs and allies,Sylvietta whytii,Red-faced Crombec,LC
22715121,86380,Crombecs and allies,Sylvietta philippae,Philippa's Crombec,DD
22716148,86590,Cisticolas and allies,Neomixis tenella,Common Jery,LC
22715055,86680,Cisticolas and allies,Eremomela gregalis,Karoo Eremomela,LC
22715064,86710,Cisticolas and allies,Eremomela turneri,Turner's Eremomela,NT
22715068,86720,Cisticolas and allies,Eremomela atricollis,Black-necked Eremomela,LC
22713611,88400,Cisticolas and allies,Prinia somalica,Pale Prinia,LC
22713618,88410,Cisticolas and allies,Prinia fluviatilis,River Prinia,LC
22713647,88460,Cisticolas and allies,Prinia bairdii,Banded Prinia,LC
22714991,88560,Cisticolas and allies,Orthotomus frontalis,Rufous-fronted Tailorbird,LC
103778254,88600,Cisticolas and allies,Orthotomus chaktomuk,Cambodian Tailorbird,NT
103778504,88630,Cisticolas and allies,Orthotomus castaneiceps,Chestnut-crowned Tailorbird,LC
22715012,88660,Cisticolas and allies,Orthotomus cinereiceps,White-eared Tailorbird,LC
22714620,88720,Reed-warblers,Nesillas mariae,Moheli Brush-warbler,EN
22734089,88840,Reed-warblers,Iduna opaca,Western Olivaceous Warbler,LC
22714927,88860,Reed-warblers,Iduna similis,Mountain Yellow Warbler,LC
22714908,88880,Reed-warblers,Hippolais olivetorum,Olive-tree Warbler,LC
22729551,88970,Reed-warblers,Acrocephalus orinus,Large-billed Reed-warbler,LC
22714852,89070,Reed-warblers,Acrocephalus brevipennis,Cape Verde Swamp-warbler,VU
22714865,89080,Reed-warblers,Acrocephalus newtoni,Madagascar Swamp-warbler,LC
22714874,89100,Reed-warblers,Acrocephalus rodericanus,Rodrigues Warbler,LC
104317670,89110,Reed-warblers,Acrocephalus arundinaceus,Great Reed-warbler,LC
22734033,89120,Reed-warblers,Acrocephalus orientalis,Oriental Reed-warbler,LC
103780078,89150,Reed-warblers,Acrocephalus luscinius,Guam Reed-warbler,EX
22714791,89230,Reed-warblers,Acrocephalus rehsei,Nauru Reed-warbler,NT
22714839,89260,Reed-warblers,Acrocephalus taiti,Henderson Island Reed-warbler,VU
22715480,89600,Grasshopper-warblers and grassbirds,Helopsaltes pryeri,Marsh Grassbird,LC
22714674,89630,Grasshopper-warblers and grassbirds,Helopsaltes pleskei,Pleske's Grasshopper-warbler,LC
22714523,89690,Grasshopper-warblers and grassbirds,Locustella major,Long-billed Grasshopper-warbler,EN
216914363,89740,Grasshopper-warblers and grassbirds,Locustella castanea,Sulawesi Grasshopper-warbler,LC
216914705,89760,Grasshopper-warblers and grassbirds,Locustella musculus,Seram Grasshopper-warbler,LC
103785851,89790,Grasshopper-warblers and grassbirds,Locustella thoracica,Spotted Grasshopper-warbler,LC
22732064,89800,Grasshopper-warblers and grassbirds,Locustella alishanensis,Taiwan Grasshopper-warbler,LC
103785929,89830,Grasshopper-warblers and grassbirds,Locustella chengi,Sichuan Grasshopper-warbler,LC
22712791,91640,Bulbuls,Stelgidillas gracilirostris,Slender-billed Greenbul,LC
22712833,91650,Bulbuls,Calyptocichla serinus,Golden Greenbul,LC
22712795,91660,Bulbuls,Andropadus importunus,Sombre Greenbul,LC
22713069,91770,Bulbuls,Bleda eximius,Green-tailed Bristlebill,NT
103817309,91780,Bulbuls,Bleda ugandae,Yellow-eyed Bristlebill,LC
22712841,91890,Bulbuls,Baeopogon clamans,White-tailed Greenbul,LC
22712873,91910,Bulbuls,Chlorocichla prigoginei,Prigogine's Greenbul,DD
22712860,91930,Bulbuls,Chlorocichla falkensteini,Falkenstein's Greenbul,LC
22712851,91940,Bulbuls,Chlorocichla simplex,Simple Greenbul,LC
103818214,91970,Bulbuls,Arizelocichla nigriceps,Eastern Mountain Greenbul,LC
103818240,92000,Bulbuls,Arizelocichla fusciceps,Black-browed Mountain Greenbul,LC
22712760,92030,Bulbuls,Arizelocichla masukuensis,Shelley's Greenbul,LC
22712766,92060,Bulbuls,Eurillas virens,Little Greenbul,LC
22712777,92070,Bulbuls,Eurillas gracilis,Grey Greenbul,LC
22712786,92090,Bulbuls,Eurillas curvirostris,Plain Greenbul,LC
22713115,92110,Bulbuls,Criniger chloronotus,Eastern Bearded Greenbul,LC
119195196,92190,Bulbuls,Phyllastrephus icterinus,Icterine Greenbul,LC
103819468,92200,Bulbuls,Phyllastrephus albigularis,White-throated Greenbul,LC
103819606,92210,Bulbuls,Phyllastrephus viridiceps,Angola Greenbul,NT
22712896,92230,Bulbuls,Phyllastrephus fischeri,Fischer's Greenbul,LC
22712940,92310,Bulbuls,Phyllastrephus lorenzi,Sassi's Olive Greenbul,LC
22712930,92330,Bulbuls,Phyllastrephus poensis,Cameroon Olive Greenbul,LC
22713140,92460,Bulbuls,Alophoixus flaveolus,White-throated Bulbul,LC
103819928,92470,Bulbuls,Alophoixus griseiceps,Grey-crowned Bulbul,LC
103819799,92480,Bulbuls,Alophoixus pallidus,Puff-throated Bulbul,LC
22713152,92540,Bulbuls,Alophoixus phaeocephalus,Yellow-bellied Bulbul,LC
22713164,92590,Bulbuls,Iole viridescens,Olive Bulbul,LC
22713170,92610,Bulbuls,Iole charlottae,Buff-vented Bulbul,NT
22712610,92630,Bulbuls,Hemixos leucogrammicus,Cream-striped Bulbul,LC
103822632,92640,Bulbuls,Hemixos flavala,Ashy Bulbul,LC
22713204,92650,Bulbuls,Hemixos castanonotus,Chestnut Bulbul,LC
103822693,92660,Bulbuls,Hemixos cinereus,Cinereous Bulbul,LC
22713250,92690,Bulbuls,Ixos nicobariensis,Nicobar Bulbul,NT
103823979,92870,Bulbuls,Hypsipetes moheliensis,Moheli Bulbul,NT
22707012,94620,Bush-warblers,Erythrocercus holochlorus,Little Yellow Flycatcher,LC
22714350,94660,Bush-warblers,Tesia olivea,Slaty-bellied Tesia,LC
22714347,94720,Bush-warblers,Cettia castaneocoronata,Chestnut-headed Tesia,LC
22714362,94790,Bush-warblers,Urosphena subulata,Timor Stubtail,LC
22731005,94800,Bush-warblers,Abroscopus superciliaris,Yellow-bellied Warbler,LC
22715454,94820,Bush-warblers,Abroscopus schisticeps,Black-faced Warbler,LC
22714976,94830,Bush-warblers,Phyllergates cucullatus,Mountain Tailorbird,LC
22715445,94850,Bush-warblers,Tickellia hodgsoni,Broad-billed Warbler,LC
22714408,94860,Bush-warblers,Horornis fortipes,Brownish-flanked Bush-warbler,LC
22735325,94870,Bush-warblers,Horornis brunnescens,Hume's Bush-warbler,LC
22715190,95040,Long-tailed Tits,Leptopoecile elegans,Crested Tit-warbler,LC
103870880,95070,Long-tailed Tits,Aegithalos concinnus,Black-throated Tit,LC
22712024,95130,Long-tailed Tits,Aegithalos fuliginosus,Sooty Tit,LC
103871923,95140,Long-tailed Tits,Aegithalos caudatus,Long-tailed Tit,LC
22712032,95190,Long-tailed Tits,Psaltria exilis,Pygmy Tit,LC
22709604,95250,Old World Warblers,Sylvia dohrni,Dohrn's Warbler,LC
22716937,95400,Old World Warblers,Curruca nisoria,Barred Warbler,LC
22716883,95420,Old World Warblers,Curruca boehmi,Banded Warbler,LC
22716893,95430,Old World Warblers,Curruca subcoerulea,Chestnut-vented Warbler,LC
103874024,95530,Old World Warblers,Curruca cantillans,Subalpine Warbler,LC
22716980,95610,Old World Warblers,Curruca deserticola,Tristram's Warbler,LC
22716585,95670,Parrotbills and allies,Lioparus chrysotis,Golden-breasted Fulvetta,LC
103879474,95700,Parrotbills and allies,Rhopophilus albosuperciliaris,Tarim Hill-warbler,LC
22734593,95790,Parrotbills and allies,Fulvetta danisi,Indochinese Fulvetta,LC
22716795,95810,Parrotbills and allies,Paradoxornis flavirostris,Black-breasted Parrotbill,VU
22716829,95940,Parrotbills and allies,Suthora verreauxi,Golden Parrotbill,LC
22716801,95960,Parrotbills and allies,Suthora conspicillata,Spectacled Parrotbill,LC
22716118,97810,Scimitar-babblers and allies,Spelaeornis badeigularis,Rusty-throated Wren-babbler,NT
22716123,97820,Scimitar-babblers and allies,Spelaeornis troglodytoides,Bar-winged Wren-babbler,LC
22715614,97890,Scimitar-babblers and allies,Melanocichla lugubris,Black Babbler,LC
103893368,97930,Scimitar-babblers and allies,Pomatorhinus phayrei,Brown-crowned Scimitar-babbler,LC
22715994,97940,Scimitar-babblers and allies,Pomatorhinus superciliaris,Slender-billed Scimitar-babbler,LC
229729606,97980,Scimitar-babblers and allies,Pomatorhinus bornensis,Sunda Scimitar-babbler,LC
22716255,98160,Scimitar-babblers and allies,Stachyris nigriceps,Grey-throated Babbler,LC
22716268,98200,Scimitar-babblers and allies,Stachyris leucotis,White-necked Babbler,NT
22735162,98320,Scimitar-babblers and allies,Mixornis gularis,Pin-striped Tit-babbler,LC
22716306,98380,Scimitar-babblers and allies,Macronus striaticeps,Brown Tit-babbler,LC
22716310,98390,Scimitar-babblers and allies,Macronus ptilosus,Fluffy-backed Tit-babbler,NT
22716193,98400,Scimitar-babblers and allies,Cyanoderma chrysaeum,Golden Babbler,LC
103895765,98420,Scimitar-babblers and allies,Cyanoderma bicolor,Grey-hooded Babbler,LC
22716187,98450,Scimitar-babblers and allies,Cyanoderma ruficeps,Rufous-capped Babbler,LC
22734583,98590,Ground babblers,Gampsorhynchus torquatus,Collared Babbler,LC
22735835,98680,Ground babblers,Laticilla burnesii,Rufous-vented Grass-babbler,NT
22735351,98690,Ground babblers,Laticilla cinerascens,Swamp Grass-babbler,EN
103869220,98840,Ground babblers,Pellorneum capistratum,Rufous-browed Babbler,LC
22715853,98870,Ground babblers,Pellorneum albiventre,Spot-throated Babbler,LC
22715798,98900,Ground babblers,Pellorneum bicolor,Ferruginous Babbler,LC
22731957,98950,Ground babblers,Pellorneum tickelli,Buff-breasted Babbler,LC
22715801,98980,Ground babblers,Leonardina woodi,Bagobo Babbler,LC
232590901,99060,Ground babblers,Gypsophila annamensis,Annamite Limestone-babbler,LC
22716030,99120,Ground babblers,Turdinus macrodactylus,Large Wren-babbler,NT
22716018,99180,Ground babblers,Ptilocichla falcata,Falcated Wren-babbler,VU
103869790,99210,Ground babblers,Napothera danjoui,Indochinese Wren-babbler,NT
22716630,99280,Alcippe Fulvettas,Alcippe brunneicauda,Brown Fulvetta,NT
22716636,99340,Alcippe Fulvettas,Alcippe pyrrhoptera,Javan Fulvetta,LC
22735167,99430,Laughingthrushes and allies,Cutia nipalensis,Himalayan Cutia,LC
22734578,99440,Laughingthrushes and allies,Cutia legalleni,Vietnamese Cutia,NT
22716355,99500,Laughingthrushes and allies,Argya gularis,White-throated Babbler,LC
22716406,99520,Laughingthrushes and allies,Argya rufescens,Orange-billed Babbler,LC
103871509,99530,Laughingthrushes and allies,Argya somervillei,Black-winged Babbler,LC
22716344,99560,Laughingthrushes and allies,Argya caudata,Common Babbler,LC
22716379,99610,Laughingthrushes and allies,Argya aylmeri,Scaly Chatterer,LC
22716462,99700,Laughingthrushes and allies,Turdoides sharpei,Black-lored Babbler,LC
22716434,99770,Laughingthrushes and allies,Turdoides squamulata,Scaly Babbler,LC
22716505,99830,Laughingthrushes and allies,Turdoides gymnogenys,Bare-cheeked Babbler,LC
22735076,99870,Laughingthrushes and allies,Garrulax canorus,Chinese Hwamei,LC
22734473,99880,Laughingthrushes and allies,Garrulax taewanus,Taiwan Hwamei,NT
22735112,99890,Laughingthrushes and allies,Garrulax merulinus,Spot-breasted Laughingthrush,LC
22734468,99900,Laughingthrushes and allies,Garrulax annamensis,Orange-breasted Laughingthrush,EN
22735097,99990,Laughingthrushes and allies,Garrulax strepitans,White-necked Laughingthrush,LC
103871930,100200,Laughingthrushes and allies,Ianthocincla cineracea,Western Moustached Laughingthrush,LC
103871982,100210,Laughingthrushes and allies,Ianthocincla cinereiceps,Eastern Moustached Laughingthrush,LC
22715669,100220,Laughingthrushes and allies,Ianthocincla rufogularis,Rufous-chinned Laughingthrush,LC
22715611,100320,Laughingthrushes and allies,Pterorhinus pectoralis,Greater Necklaced Laughingthrush,LC
103872810,100330,Laughingthrushes and allies,Pterorhinus woodi,Mount Victoria Babax,LC
22716515,100360,Laughingthrushes and allies,Pterorhinus koslowi,Tibetan Babax,LC
22715732,100510,Laughingthrushes and allies,Trochalopteron squamatum,Blue-winged Laughingthrush,LC
22715726,100540,Laughingthrushes and allies,Trochalopteron virgatum,Striped Laughingthrush,LC
22734488,100640,Laughingthrushes and allies,Trochalopteron melanostigma,Silver-eared Laughingthrush,LC
22734493,100660,Laughingthrushes and allies,Trochalopteron peninsulae,Malay Laughingthrush,LC
103874452,100700,Laughingthrushes and allies,Montecincla fairbanki,Palani Chilappan,NT
103874754,100710,Laughingthrushes and allies,Montecincla meridionalis,Ashambu Chilappan,VU
22716702,100800,Laughingthrushes and allies,Heterophasia gracilis,Grey Sibia,LC
103878477,100820,Laughingthrushes and allies,Leiothrix argentauris,Silver-eared Mesia,LC
103878699,100880,Laughingthrushes and allies,Liocichla phoenicea,Red-faced Liocichla,LC
103878757,100890,Laughingthrushes and allies,Liocichla ripponi,Scarlet-faced Liocichla,LC
22734628,100900,Laughingthrushes and allies,Liocichla bugunorum,Bugun Liocichla,CR
22715770,100910,Laughingthrushes and allies,Liocichla omeiensis,Emei Shan Liocichla,VU
103879269,101010,Laughingthrushes and allies,Actinodura ramsayi,Western Spectacled Barwing,LC
103879283,101020,Laughingthrushes and allies,Actinodura radcliffei,Eastern Spectacled Barwing,LC
22711257,101080,Treecreepers,Certhia nipalensis,Rusty-flanked Treecreeper,LC
22711158,101210,Nuthatches,Sitta cashmirensis,Kashmir Nuthatch,LC
22711167,101260,Nuthatches,Sitta victoriae,White-browed Nuthatch,EN
22711170,101270,Nuthatches,Sitta pygmaea,Pygmy Nuthatch,LC
22711179,101310,Nuthatches,Sitta ledanti,Algerian Nuthatch,EN
22711188,101350,Nuthatches,Sitta villosa,Snowy-browed Nuthatch,LC
22711205,101390,Nuthatches,Sitta neumayer,Western Rock Nuthatch,LC
22711219,101420,Nuthatches,Sitta solangiae,Yellow-billed Nuthatch,NT
22711231,101460,Nuthatches,Sitta formosa,Beautiful Nuthatch,VU
22711574,101560,Gnatcatchers,Microbates cinereiventris,Tawny-faced Gnatwren,LC
22711588,101610,Gnatcatchers,Polioptila melanura,Black-tailed Gnatcatcher,LC
22711605,101660,Gnatcatchers,Polioptila lactea,Creamy-bellied Gnatcatcher,LC
22711341,101800,Wrens,Hylorchilus sumichrasti,Sumichrast's Wren,NT
22711392,101850,Wrens,Ferminia cerverai,Zapata Wren,EN
103885731,101870,Wrens,Troglodytes hiemalis,Winter Wren,LC
103886826,101900,Wrens,Troglodytes aedon,House Wren,LC
103886977,101910,Wrens,Troglodytes beani,Cozumel Wren,LC
22711500,101940,Wrens,Troglodytes ochraceus,Ochraceous Wren,LC
22711506,101950,Wrens,Troglodytes solstitialis,Mountain Wren,LC
22711370,102070,Wrens,Cistothorus meridae,Merida Wren,LC
22711366,102080,Wrens,Cistothorus apolinari,Apolinar's Wren,EN
22711313,102210,Wrens,Campylorhynchus zonatus,Band-backed Wren,LC
22711309,102220,Wrens,Campylorhynchus megalopterus,Grey-barred Wren,LC
22711306,102240,Wrens,Campylorhynchus turdinus,Thrush-like Wren,LC
22711299,102290,Wrens,Campylorhynchus griseus,Bicolored Wren,LC
22711293,102320,Wrens,Campylorhynchus yucatanicus,Yucatan Wren,NT
22711401,102350,Wrens,Pheugopedius fasciatoventris,Black-bellied Wren,LC
22711410,102390,Wrens,Pheugopedius mystacalis,Whiskered Wren,LC
22711416,102400,Wrens,Pheugopedius coraya,Coraya Wren,LC
22711395,102420,Wrens,Pheugopedius atrogularis,Black-throated Wren,LC
22711441,102630,Wrens,Cantorchilus thoracicus,Stripe-breasted Wren,LC
22711476,102660,Wrens,Cantorchilus longirostris,Long-billed Wren,LC
22711518,102740,Wrens,Uropsila leucogastra,White-bellied Wren,LC
103889855,102780,Wrens,Henicorhina anachoreta,Hermit Wood-wren,NT
22708160,102870,Dippers,Cinclus pallasii,Brown Dipper,LC
216913021,103000,Starlings,Gracupica floweri,Thai Pied Starling,LC
22710912,103060,Starlings,Leucopsar rothschildi,Bali Myna,CR
22710840,103070,Starlings,Fregilupus varius,Reunion Starling,EX
22710921,103160,Starlings,Acridotheres tristis,Common Myna,LC
22710943,103240,Starlings,Acridotheres albocinctus,Collared Myna,LC
22710946,103260,Starlings,Acridotheres cristatellus,Crested Myna,LC
22710614,103420,Starlings,Onychognathus blythii,Somali Starling,LC
22710799,103450,Starlings,Neocichla gutturalis,Babbling Starling,LC
22710787,103520,Starlings,Arizelopsar femoralis,Abbott's Starling,EN
22735909,109810,Old World Flycatchers and Chats,Ficedula parva,Red-breasted Flycatcher,LC
22709346,109830,Old World Flycatchers and Chats,Ficedula subrubra,Kashmir Flycatcher,VU
22710030,110080,Old World Flycatchers and Chats,Phoenicurus alaschanicus,Ala Shan Redstart,LC
22710087,110130,Old World Flycatchers and Chats,Phoenicurus leucocephalus,White-capped Water-redstart,LC
22710101,110150,Old World Flycatchers and Chats,Phoenicurus bicolor,Luzon Water-redstart,NT
22708233,110260,Old World Flycatchers and Chats,Monticola explorator,Sentinel Rock-thrush,NT
22708218,110270,Old World Flycatchers and Chats,Monticola imerina,Littoral Rock-thrush,LC
22708251,110340,Old World Flycatchers and Chats,Monticola angolensis,Miombo Rock-thrush,LC
22710172,110450,Old World Flycatchers and Chats,Saxicola insignis,White-throated Bushchat,VU
22710202,110470,Old World Flycatchers and Chats,Saxicola leucurus,White-tailed Stonechat,LC
22710197,110500,Old World Flycatchers and Chats,Saxicola tectes,Reunion Stonechat,LC
22710441,110600,Old World Flycatchers and Chats,Thamnolaea cinnamomeiventris,Mocking Cliff-chat,LC
22710432,110690,Old World Flycatchers and Chats,Myrmecocichla arnotti,Arnot's Chat,LC
22710244,110770,Old World Flycatchers and Chats,Oenanthe monacha,Hooded Wheatear,LC
22710312,110800,Old World Flycatchers and Chats,Oenanthe cypriaca,Cyprus Wheatear,LC
22710308,110810,Old World Flycatchers and Chats,Oenanthe pleschanka,Pied Wheatear,LC
22710299,110840,Old World Flycatchers and Chats,Oenanthe moesta,Buff-rumped Wheatear,LC
22710385,110850,Old World Flycatchers and Chats,Oenanthe melanura,Blackstart,LC
22710371,110870,Old World Flycatchers and Chats,Oenanthe scotocerca,Brown-tailed Chat,LC
22710284,110970,Old World Flycatchers and Chats,Oenanthe lugentoides,Arabian Wheatear,LC
22734803,110980,Old World Flycatchers and Chats,Oenanthe chrysopygia,Red-tailed Wheatear,LC
22712594,111090,Kinglets and firecrests,Regulus satrapa,Golden-crowned Kinglet,LC
22712580,111100,Kinglets and firecrests,Regulus goodfellowi,Flamecrest,LC
22734997,111110,Kinglets and firecrests,Regulus regulus,Goldcrest,LC
103867190,111190,Hylocitreas,Hylocitrea bonensis,Northern Hylocitrea,LC
22708139,111260,Silky-flycatchers,Phainopepla nitens,Phainopepla,LC
22717728,112780,Sunbirds,Cyanomitra oritis,Cameroon Sunbird,LC
22717691,112800,Sunbirds,Cyanomitra olivacea,Olive Sunbird,LC
22717758,112830,Sunbirds,Chalcomitra fuliginosa,Carmelite Sunbird,LC
22717785,112900,Sunbirds,Leptocoma minima,Crimson-backed Sunbird,LC
22717791,112940,Sunbirds,Leptocoma aspasia,Black Sunbird,LC
22717966,112970,Sunbirds,Nectarinia bocagii,Bocage's Sunbird,LC
22717979,113010,Sunbirds,Nectarinia famosa,Malachite Sunbird,LC
22717923,113170,Sunbirds,Cinnyris minullus,Tiny Sunbird,LC
103798427,113240,Sunbirds,Cinnyris prigoginei,Prigogine's Double-collared Sunbird,NT
22717941,113280,Sunbirds,Cinnyris rockefelleri,Rockefeller's Sunbird,VU
22717936,113320,Sunbirds,Cinnyris moreaui,Moreau's Sunbird,LC
22718003,113360,Sunbirds,Cinnyris mariquensis,Marico Sunbird,LC
22718017,113440,Sunbirds,Cinnyris pembae,Pemba Sunbird,LC
22717950,113560,Sunbirds,Cinnyris fuscus,Dusky Sunbird,LC
22717801,113630,Sunbirds,Cinnyris buettikoferi,Apricot-breasted Sunbird,LC
22717817,113670,Sunbirds,Cinnyris comorensis,Anjouan Sunbird,LC
22717754,113690,Sunbirds,Cinnyris dussumieri,Seychelles Sunbird,LC
22718081,113850,Sunbirds,Aethopyga nipalensis,Green-tailed Sunbird,LC
103804351,113880,Sunbirds,Aethopyga mystacalis,Javan Sunbird,LC
103805010,113940,Sunbirds,Aethopyga flagrans,Flaming Sunbird,LC
103810484,113990,Sunbirds,Aethopyga christinae,Hainan Sunbird,LC
22718630,114160,Accentors,Prunella montanella,Siberian Accentor,LC
22718651,114170,Accentors,Prunella modularis,Dunnock,LC
22718662,114240,Weavers,Bubalornis albirostris,White-billed Buffalo-Weaver,LC
22718674,114260,Weavers,Dinemellia dinemelli,White-headed Buffalo-Weaver,LC
22718706,114290,Weavers,Plocepasser donaldsoni,Donaldson Smith's Sparrow-Weaver,LC
22718684,114320,Weavers,Sporopipes squamifrons,Scaly-fronted Weaver,LC
22719260,114370,Weavers,Amblyospiza albifrons,Thick-billed Weaver,LC
22719128,114400,Weavers,Quelea quelea,Red-billed Quelea,LC
22719168,114420,Weavers,Euplectes diadematus,Fire-fronted Bishop,LC
22719186,114470,Weavers,Euplectes orix,Southern Red Bishop,LC
22719191,114480,Weavers,Euplectes nigroventris,Zanzibar Red Bishop,LC
103810858,114490,Weavers,Euplectes ardens,Red-collared Widowbird,LC
22719249,114560,Weavers,Euplectes jacksoni,Jackson's Widowbird,LC
103811224,114630,Weavers,Foudia eminentissima,Red-headed Fody,LC
22719155,114670,Weavers,Foudia sechellarum,Seychelles Fody,NT
22719159,114680,Weavers,Foudia flavicans,Rodrigues Fody,LC
22718765,114770,Weavers,Ploceus bertrandi,Bertram's Weaver,LC
22718799,114840,Weavers,Ploceus alienus,Strange Weaver,LC
22718811,114880,Weavers,Ploceus subaureus,African Golden Weaver,LC
22718833,114910,Weavers,Ploceus aurantius,Orange Weaver,LC
22718865,114920,Weavers,Ploceus heuglini,Heuglin's Masked Weaver,LC
22718783,115010,Weavers,Ploceus intermedius,Lesser Masked Weaver,LC
22718907,115040,Weavers,Ploceus ruweti,Lufira Masked Weaver,LC
22718921,115090,Weavers,Ploceus cucullatus,Village Weaver,LC
103812253,115110,Weavers,Ploceus castaneofuscus,Chestnut-and-black Weaver,LC
22718956,115150,Weavers,Ploceus dichrocephalus,Juba Weaver,LC
22718949,115160,Weavers,Ploceus melanocephalus,Black-headed Weaver,LC
22718975,115190,Weavers,Ploceus rubiginosus,Chestnut Weaver,LC
22718983,115210,Weavers,Ploceus tricolor,Yellow-mantled Weaver,LC
22719008,115250,Weavers,Ploceus hypoxanthus,Asian Golden Weaver,NT
22719073,115480,Weavers,Malimbus cassini,Cassin's Malimbe,LC
22719083,115490,Weavers,Malimbus racheliae,Rachel's Malimbe,LC
22719095,115550,Weavers,Malimbus erythrogaster,Red-bellied Malimbe,LC
103812581,115580,Weavers,Anaplectes rubriceps,Southern Red-headed Weaver,LC
22731403,115690,Waxbills,Lagonosticta rubricata,African Firefinch,LC
103812904,115720,Waxbills,Lagonosticta larvata,Ethiopian Firefinch,LC
22719407,115830,Waxbills,Clytospiza monteiri,Brown Twinspot,LC
22719349,115870,Waxbills,Pytilia hypogrammica,Yellow-winged Pytilia,LC
22719420,115940,Waxbills,Euschistospiza dybowskii,Dybowski's Twinspot,LC
22719424,115950,Waxbills,Euschistospiza cinereovinacea,Dusky Twinspot,LC
22719398,116020,Waxbills,Spermophaga haematina,Western Bluebill,LC
22719384,116040,Waxbills,Pyrenestes ostrinus,Black-bellied Seedcracker,LC
22719543,116100,Waxbills,Estrilda poliopareia,Anambra Waxbill,NT
22719562,116130,Waxbills,Estrilda rhodopyga,Crimson-rumped Waxbill,LC
22719570,116150,Waxbills,Estrilda troglodytes,Black-rumped Waxbill,LC
22719609,116300,Waxbills,Brunhilda charmosyna,Black-cheeked Waxbill,LC
22719604,116310,Waxbills,Brunhilda erythronotos,Black-faced Waxbill,LC
22719298,116470,Waxbills,Nigrita canicapillus,Grey-headed Nigrita,LC
22735256,116490,Waxbills,Parmoptila rubrifrons,Red-fronted Antpecker,NT
22734135,116500,Waxbills,Parmoptila jamesoni,Jameson's Antpecker,LC
22735955,116540,Waxbills,Ortygospiza atricollis,African Quailfinch,LC
22719801,116630,Waxbills,Spermestes fringilloides,Magpie Mannikin,LC
22719809,116700,Waxbills,Lonchura leucogastroides,Javan Munia,LC
22719815,116720,Waxbills,Lonchura molucca,Black-faced Munia,LC
22719821,116730,Waxbills,Lonchura punctulata,Scaly-breasted Munia,LC
22719851,116820,Waxbills,Lonchura maja,White-headed Munia,LC
22719857,116840,Waxbills,Lonchura grandis,Great-billed Mannikin,LC
22719876,116890,Waxbills,Lonchura forbesi,New Ireland Mannikin,LC
22719886,116920,Waxbills,Lonchura castaneothorax,Chestnut-breasted Mannikin,LC
22719900,116950,Waxbills,Lonchura monticola,Alpine Mannikin,LC
22719912,117040,Waxbills,Padda oryzivora,Java Sparrow,EN
22719908,117050,Waxbills,Heteromunia pectoralis,Pictorella Mannikin,LC
22719654,117060,Waxbills,Stagonopleura bella,Beautiful Firetail,LC
22719660,117080,Waxbills,Stagonopleura guttata,Diamond Firetail,VU
22719663,117090,Waxbills,Oreostruthus fuliginosus,Mountain Firetail,LC
22719673,117140,Waxbills,Neochmia ruficauda,Star Finch,LC
22720493,120260,Finches,Carpodacus sillemi,Sillem's Rosefinch,DD
22720628,120320,Finches,Carpodacus subhimachalus,Crimson-browed Finch,LC
103838531,120440,Finches,Pyrrhula waterstradti,Malay Bullfinch,VU
22720662,120460,Finches,Pyrrhula aurantiaca,Orange Bullfinch,LC
22720550,120610,Finches,Procarduelis nipalensis,Dark-breasted Rosefinch,LC
22720467,120620,Finches,Leucosticte nemoricola,Plain Mountain-finch,LC
22720472,120630,Finches,Leucosticte brandti,Brandt's Mountain-finch,LC
22720563,120680,Finches,Haemorhous mexicanus,House Finch,LC
22734140,120730,Finches,Rhynchostruthus louisae,Somali Grosbeak,NT
22734767,120740,Finches,Rhynchostruthus percivali,Arabian Grosbeak,NT
22720154,120900,Finches,Crithagra reichenowi,Reichenow's Seedeater,LC
22720147,120910,Finches,Crithagra xanthopygia,Yellow-rumped Seedeater,LC
22720132,120940,Finches,Crithagra xantholaema,Salvadori's Seedeater,NT
22720181,120960,Finches,Crithagra mozambica,Yellow-fronted Canary,LC
22720185,120970,Finches,Crithagra donaldsoni,Northern Grosbeak-canary,LC
22720201,120990,Finches,Crithagra flaviventris,Yellow Canary,LC
22720197,121000,Finches,Crithagra dorsostriata,White-bellied Canary,LC
103761640,121050,Finches,Crithagra canicapilla,West African Seedeater,LC
22720231,121070,Finches,Crithagra mennelli,Black-eared Seedeater,LC
22720441,121220,Finches,Linaria cannabina,Common Linnet,LC
22720641,121270,Finches,Loxia scotica,Scottish Crossbill,LC
22720651,121300,Finches,Loxia megaplaga,Hispaniolan Crossbill,EN
103764849,121330,Finches,Chrysocorythus mindanensis,Mindanao Serin,LC
22729538,121380,Finches,Carduelis corsicana,Corsican Finch,LC
22736315,121490,Finches,Serinus canicollis,Cape Canary,LC
22732947,121500,Finches,Serinus flavivertex,Yellow-crowned Canary,LC
22721499,123250,New World sparrows,Atlapetes semirufus,Ochre-breasted Brushfinch,LC
22721424,123340,New World sparrows,Atlapetes leucopis,White-rimmed Brushfinch,LC
22735460,123370,New World sparrows,Atlapetes blancae,Antioquia Brushfinch,CR
103774619,123410,New World sparrows,Atlapetes schistaceus,Slaty Brushfinch,LC
103774822,123430,New World sparrows,Atlapetes leucopterus,White-winged Brushfinch,LC
22728576,123490,New World sparrows,Atlapetes canigenis,Cuzco Brushfinch,LC
22721347,123700,New World sparrows,Melozone kieneri,Rusty-crowned Ground-sparrow,LC
103776515,123750,New World sparrows,Melozone biarcuata,Prevost's Ground-sparrow,LC
103780166,124090,New World sparrows,Artemisiospiza nevadensis,Sagebrush Sparrow,LC
22721301,124130,New World sparrows,Oriturus superciliosus,Striped Sparrow,LC
103780243,124140,New World sparrows,Passerculus sandwichensis,Savannah Sparrow,LC
103780258,124150,New World sparrows,Passerculus guttatus,Belding's Sparrow,LC
22724367,124310,New World blackbirds,Dolichonyx oryzivorus,Bobolink,NT
22724243,124400,New World blackbirds,Leistes loyca,Long-tailed Meadowlark,LC
22724057,124560,New World blackbirds,Cacicus solitarius,Solitary Cacique,LC
22724046,124570,New World blackbirds,Cacicus chrysopterus,Golden-winged Cacique,LC
22724054,124580,New World blackbirds,Cacicus sclateri,Ecuadorian Cacique,LC
22721716,126210,New World warblers,Setophaga pityophila,Olive-capped Warbler,LC
103798482,126230,New World warblers,Setophaga auduboni,Audubon's Warbler,LC
22729431,126310,New World warblers,Setophaga delicata,Saint Lucia Warbler,LC
22721708,126320,New World warblers,Setophaga graciae,Grace's Warbler,LC
22721679,126330,New World warblers,Setophaga nigrescens,Black-throated Grey Warbler,LC
103799622,126500,New World warblers,Myiothlypis mesoleuca,Northern Riverbank Warbler,LC
103799761,126520,New World warblers,Myiothlypis roraimae,Roraiman Warbler,LC
103800433,126540,New World warblers,Myiothlypis chlorophrys,Choco Warbler,LC
22721985,126570,New World warblers,Myiothlypis cinereicollis,Grey-throated Warbler,LC
22722016,126650,New World warblers,Basileuterus rufifrons,Rufous-capped Warbler,LC
22722022,126660,New World warblers,Basileuterus melanogenys,Black-cheeked Warbler,LC
103801509,126690,New World warblers,Basileuterus culicivorus,Stripe-crowned Warbler,LC
103801609,126710,New World warblers,Basileuterus auricapilla,Golden-crowned Warbler,LC
232775895,126760,New World warblers,Basileuterus punctipectus,Yungas Warbler,LC
22722005,126770,New World warblers,Basileuterus trifasciatus,Three-banded Warbler,LC
22721891,126850,New World warblers,Cardellina versicolor,Pink-headed Warbler,LC
22721898,126870,New World warblers,Myioborus miniatus,Slate-throated Whitestart,LC
22722301,127010,Hispaniolan tanagers,Phaenicophilus poliocephalus,Grey-crowned Palm-tanager,NT
22722159,127090,Puerto Rican Tanager,Nesospingus speculiferus,Puerto Rican Tanager,VU
22729082,127100,Chat-tanagers,Calyptophilus tertius,Western Chat-tanager,VU
22723799,127170,Cardinals,Pheucticus chrysopeplus,Yellow Grosbeak,LC
22723810,127200,Cardinals,Pheucticus aureoventris,Black-backed Grosbeak,LC
22723951,127320,Cardinals,Passerina cyanea,Indigo Bunting,LC
22723554,127400,Cardinals,Amaurospiza relicta,Slate-blue Seedeater,LC
105965570,127410,Cardinals,Amaurospiza moesta,Blue Seedeater,LC
22723932,127480,Cardinals,Cyanoloxia brissonii,Ultramarine Grosbeak,LC
22722476,127640,Cardinals,Piranga leucoptera,White-winged Tanager,LC
22722466,127650,Cardinals,Piranga olivacea,Scarlet Tanager,LC
22722290,129170,Tanagers,Nemosia pileata,Hooded Tanager,LC
22722153,129210,Tanagers,Compsothraupis loricata,Scarlet-throated Tanager,LC
22723188,129280,Tanagers,Incaspiza pulchra,Great Inca-finch,LC
22723193,129290,Tanagers,Incaspiza personata,Rufous-backed Inca-finch,LC
22723198,129300,Tanagers,Incaspiza ortizi,Grey-winged Inca-finch,LC
22723080,129330,Tanagers,Rhopospina fruticeti,Mourning Sierra-finch,LC
22723966,129340,Tanagers,Porphyrospiza caerulescens,Blue Finch,NT
22723000,129370,Tanagers,Chlorophanes spiza,Green Honeycreeper,LC
22722281,129400,Tanagers,Chrysothlypis chrysomelas,Black-and-yellow Tanager,LC
22722377,129420,Tanagers,Heterospingus xanthopygius,Scarlet-browed Tanager,LC
22722275,129450,Tanagers,Hemithraupis ruficapilla,Rufous-headed Tanager,LC
22723009,129470,Tanagers,Cyanerpes caeruleus,Purple Honeycreeper,LC
22723006,129500,Tanagers,Cyanerpes lucidus,Shining Honeycreeper,LC
22722988,129520,Tanagers,Dacnis venusta,Scarlet-thighed Dacnis,LC
22722982,129540,Tanagers,Dacnis flaviventer,Yellow-bellied Dacnis,LC
22722969,129550,Tanagers,Dacnis hartlaubi,Turquoise Dacnis,NT
22722994,129580,Tanagers,Dacnis viguieri,Viridian Dacnis,LC
22723901,129630,Tanagers,Saltator atricollis,Black-throated Saltator,LC
22723885,129640,Tanagers,Saltator orenocensis,Orinocan Saltator,LC
22731538,129690,Tanagers,Saltator striatipectus,Streaked Saltator,LC
22723889,129740,Tanagers,Saltator nigriceps,Black-cowled Saltator,LC
22734677,129950,Tanagers,Loxigilla noctis,Lesser Antillean Bullfinch,LC
103814223,130020,Tanagers,Certhidea olivacea,Green Warbler-finch,VU
22723752,130180,Tanagers,Geospiza scandens,Common Cactus-finch,LC
22722363,130260,Tanagers,Creurgops verticalis,Rufous-crested Tanager,LC
22722343,130270,Tanagers,Eucometis penicillata,Grey-headed Tanager,LC
22722406,130280,Tanagers,Trichothraupis melanops,Black-goggled Tanager,LC
22723047,130330,Tanagers,Coryphospingus pileatus,Pileated Finch,LC
22723055,130360,Tanagers,Rhodospingus cruentus,Crimson-breasted Finch,LC
22722394,130370,Tanagers,Chrysocorypha delatrii,Tawny-crested Tanager,LC
22722347,130390,Tanagers,Lanio fulvus,Fulvous Shrike-tanager,LC
22722397,130440,Tanagers,Tachyphonus coronatus,Ruby-crowned Tanager,LC
22731264,130530,Tanagers,Ramphocelus passerinii,Scarlet-rumped Tanager,LC
22723149,132050,Tanagers,Rowettia goughensis,Gough Island Finch,CR
22723119,132060,Tanagers,Melanodera xanthogramma,Yellow-bridled Finch,LC
22723100,132090,Tanagers,Geospizopsis plebejus,Ash-breasted Sierra-finch,LC
22723122,132110,Tanagers,Spodiornis rusticus,Slaty Finch,LC
22723128,132120,Tanagers,Acanthidops bairdi,Peg-billed Finch,LC
22723570,132200,Tanagers,Catamenia analis,Band-tailed Seedeater,LC
22723577,132220,Tanagers,Catamenia homochroa,Paramo Seedeater,LC
22723694,132280,Tanagers,Diglossa indigotica,Indigo Flowerpiercer,LC
22723664,132320,Tanagers,Diglossa mystacalis,Moustached Flowerpiercer,LC
22723648,132370,Tanagers,Diglossa venezuelensis,Venezuelan Flowerpiercer,EN
22697259,25600,Herons,Tigrisoma mexicanum,Bare-throated Tiger-heron,LC
22728787,25850,Herons,Nycticorax megacephalus,Rodrigues Night Heron,EX
22728182,25900,Herons,Butorides striata,Green-backed Heron,LC
22727683,26160,Herons,Ardea plumifera,Plumed Egret,LC
22696913,26210,Herons,Syrigma sibilatrix,Whistling Heron,LC
22693594,27180,Thick-knees,Burhinus bistriatus,Double-striped Thick-knee,LC
22693556,27240,Sheathbills,Chionis albus,Snowy Sheathbill,LC
22693567,27250,Sheathbills,Chionis minor,Black-faced Sheathbill,LC
22693720,27470,"Avocets, Stilts",Recurvirostra novaehollandiae,Red-necked Avocet,LC
22693828,27790,Plovers,Charadrius marginatus,White-fronted Plover,LC
22693899,28030,Plovers,Thinornis novaeseelandiae,Shore Plover,EN
22694072,28050,Plovers,Hoploxypterus cayanus,Pied Plover,LC
22693954,28070,Plovers,Vanellus crassirostris,Long-toed Lapwing,LC
22693903,28310,Plovers,Erythrogonys cinctus,Red-kneed Dotterel,LC
22693190,28580,"Sandpipers, Snipes, Phalaropes",Numenius arquata,Eurasian Curlew,NT
22693336,28640,"Sandpipers, Snipes, Phalaropes",Arenaria interpres,Ruddy Turnstone,NT
22682865,39740,Rollers,Coracias abyssinicus,Abyssinian Roller,LC
22683117,40520,Kingfishers,Alcedo coerulescens,Cerulean Kingfisher,LC
22681900,43640,African barbets,Trachyphonus usambiro,Usambiro Barbet,LC
181379225,43660,African barbets,Buccanodon duchaillui,Eastern Yellow-spotted Barbet,LC
22681804,43950,African barbets,Tricholaema lacrymosa,Spot-flanked Barbet,LC
22680742,44530,Woodpeckers,Picumnus dorbignyanus,Ocellated Piculet,LC
22681408,44810,Woodpeckers,Campephilus gayaquilensis,Guayaquil Woodpecker,LC
22681425,44840,Woodpeckers,Campephilus principalis,Ivory-billed Woodpecker,CR
22681314,45090,Woodpeckers,Micropternus brachyurus,Rufous Woodpecker,LC
22681453,45390,Woodpeckers,Picus xanthopygaeus,Streak-throated Woodpecker,LC
22726390,45680,Woodpeckers,Colaptes rivolii,Crimson-mantled Woodpecker,LC
22681360,46000,Woodpeckers,Celeus galeatus,Helmeted Woodpecker,VU
22680880,46240,Woodpeckers,Xiphidiopicus percussus,Cuban Green Woodpecker,LC
22680801,46260,Woodpeckers,Melanerpes lewis,Lewis's Woodpecker,LC
22680813,46300,Woodpeckers,Melanerpes formicivorus,Acorn Woodpecker,LC
22681215,47070,Woodpeckers,Veniliornis chocoensis,Choco Woodpecker,LC
22696305,47360,"Falcons, Caracaras",Spiziapteryx circumcincta,Spot-winged Falconet,LC
22686116,48700,Parrots,Pyrilia barrabandi,Orange-cheeked Parrot,LC
61958866,50330,Parrots,Diopsittaca cumanensis,Southern Red-shouldered Macaw,LC
22684675,51180,Parrots,Charmosyna multistriata,Striated Lorikeet,LC
22732108,52030,Parrots,Loriculus sclateri,Sula Hanging-parrot,LC
22684861,52850,Parrots,Micropsitta meeki,Yellow-breasted Pygmy-parrot,LC
22699877,68000,Tyrant-flycatchers,Empidonax flavescens,Yellowish Flycatcher,LC
22700580,68540,Tyrant-flycatchers,Myiodynastes luteiventris,Sulphur-bellied Flycatcher,LC
22700376,68850,Tyrant-flycatchers,Rhytipterna simplex,Greyish Mourner,LC
22700357,68870,Tyrant-flycatchers,Casiornis rufus,Rufous Casiornis,LC
22700439,69110,Tyrant-flycatchers,Myiarchus nugator,Grenada Flycatcher,LC
22703943,69950,Honeyeaters,Lichmera lombokia,Scaly-crowned Honeyeater,LC
22704218,70500,Honeyeaters,Philemon cockerelli,New Britain Friarbird,LC
22704650,72760,Thornbills,Acanthiza uropygialis,Chestnut-rumped Thornbill,LC
22705200,75020,Vireos,Vireo crassirostris,Thick-billed Vireo,LC
22706483,75330,Cuckooshrikes,Coracina personata,Wallacean Cuckooshrike,LC
22706705,75600,Cuckooshrikes,Campephaga quiscalina,Purple-throated Cuckooshrike,LC
22706308,76440,Woodswallows and Butcherbirds,Artamus monachus,Ivory-backed Woodswallow,LC
22707422,76470,Boatbills,Machaerirhynchus nigripectus,Black-breasted Boatbill,LC
22715094,76500,Vangas and allies,Newtonia fanovanae,Red-tailed Newtonia,VU
22706890,78460,Fantails,Rhipidura dedemi,Streaky-breasted Fantail,LC
22706894,78470,Fantails,Rhipidura opistherythra,Long-tailed Fantail,NT
22736062,79000,Drongos,Dicrurus menagei,Tablas Drongo,EN
22732936,79870,Monarch-flycatchers,Pomarea nukuhivae,Nuku Hiva Monarch,EX
22707336,80130,Monarch-flycatchers,Metabolus takatsukasae,Tinian Monarch,NT
22707227,80150,Monarch-flycatchers,Metabolus rugensis,Chuuk Monarch,EN
103715597,80160,Monarch-flycatchers,Trochocercus bivittatus,Eastern Crested-flycatcher,LC
22705107,80720,Shrikes,Lanius melanoleucus,Magpie Shrike,LC
22708745,106200,Thrushes,Turdus menachensis,Yemen Thrush,NT
22708851,106270,Thrushes,Turdus infuscatus,Black Thrush,LC
103891016,106470,Thrushes,Turdus arthuri,Campina Thrush,LC
22709349,107880,Old World Flycatchers and Chats,Anthipes monileger,White-gorgeted Flycatcher,LC
103762448,108470,Old World Flycatchers and Chats,Dessonornis anomalus,Olive-flanked Robin-chat,NT
22708982,109030,Old World Flycatchers and Chats,Brachypteryx leucophris,Lesser Shortwing,LC
22709707,109260,Old World Flycatchers and Chats,Luscinia svecica,Bluethroat,LC
22710117,109560,Old World Flycatchers and Chats,Cinclidium frontale,Blue-fronted Robin,LC
22709308,109850,Old World Flycatchers and Chats,Ficedula hypoleuca,European Pied Flycatcher,LC
22710063,110120,Old World Flycatchers and Chats,Phoenicurus schisticeps,White-throated Redstart,LC
22710287,110950,Old World Flycatchers and Chats,Oenanthe lugubris,Abyssinian Wheatear,LC
22717555,112090,Flowerpeckers,Dicaeum aeneum,Midget Flowerpecker,LC
103804002,113480,Sunbirds,Cinnyris hellmayri,Arabian Sunbird,LC
22718680,114330,Weavers,Sporopipes frontalis,Speckle-fronted Weaver,LC
22718966,115170,Weavers,Ploceus jacksoni,Golden-backed Weaver,LC
22719624,116590,Waxbills,Amandava subflava,Zebra Waxbill,LC
22719867,116870,Waxbills,Lonchura nevermanni,Grey-crowned Mannikin,LC
22718299,117990,Old World Sparrows,Gymnoris superciliaris,Yellow-throated Bush-sparrow,LC
22718303,118000,Old World Sparrows,Gymnoris dentata,Sahel Bush-sparrow,LC
103820648,118290,Pipits and Wagtails,Anthus peruvianus,Peruvian Pipit,LC
22722744,119440,Finches,Euphonia imitans,Spot-crowned Euphonia,LC
22720105,120850,Finches,Crithagra capistrata,Black-faced Canary,LC
22678182,230,Tinamous,Crypturellus undulatus,Undulated Tinamou,LC
22678213,250,Tinamous,Crypturellus duidae,Grey-legged Tinamou,LC
22678229,350,Tinamous,Crypturellus bartletti,Bartlett's Tinamou,LC
22678265,500,Tinamous,Nothoprocta perdicaria,Chilean Tinamou,LC
22678262,510,Tinamous,Nothoprocta cinerascens,Brushland Tinamou,LC
22678283,550,Tinamous,Nothura boraquira,White-bellied Nothura,LC
154589710,580,Tinamous,Nothura maculosa,Spotted Nothura,LC
22678108,660,"Cassowaries, Emus",Casuarius casuarius,Southern Cassowary,LC
22678132,730,Kiwis,Apteryx haastii,Great Spotted Kiwi,VU
22678555,810,Megapodes,Aepypodius arfakianus,Wattled Brushturkey,LC
22678564,830,Megapodes,Talegalla cuvieri,Red-billed Brushturkey,LC
22678572,850,Megapodes,Talegalla jobiensis,Red-legged Brushturkey,LC
22678646,860,Megapodes,Leipoa ocellata,Malleefowl,VU
22678632,880,Megapodes,Eulipoa wallacei,Moluccan Scrubfowl,VU
22678593,910,Megapodes,Megapodius bernsteinii,Sula Scrubfowl,VU
22678615,930,Megapodes,Megapodius layardi,Vanuatu Scrubfowl,LC
22678602,960,Megapodes,Megapodius freycinet,Dusky Scrubfowl,LC
22678607,980,Megapodes,Megapodius decollatus,New Guinea Scrubfowl,LC
22678611,990,Megapodes,Megapodius eremita,Melanesian Scrubfowl,LC
22678443,1050,"Guans, Chachalacas, Curassows",Chamaepetes unicolor,Black Guan,LC
22678370,1130,"Guans, Chachalacas, Curassows",Penelope superciliaris,Rusty-margined Guan,NT
22678398,1220,"Guans, Chachalacas, Curassows",Penelope jacucaca,White-browed Guan,VU
22678401,1230,"Guans, Chachalacas, Curassows",Pipile pipile,Trinidad Piping-guan,CR
22727323,1240,"Guans, Chachalacas, Curassows",Pipile cumanensis,Blue-throated Piping-guan,LC
22678318,1350,"Guans, Chachalacas, Curassows",Ortalis erythroptera,Rufous-headed Chachalaca,VU
22678325,1370,"Guans, Chachalacas, Curassows",Ortalis poliocephala,West Mexican Chachalaca,LC
22678328,1380,"Guans, Chachalacas, Curassows",Ortalis canicollis,Chaco Chachalaca,LC
22678331,1390,"Guans, Chachalacas, Curassows",Ortalis leucogastra,White-bellied Chachalaca,LC
22678342,1440,"Guans, Chachalacas, Curassows",Ortalis motmot,Little Chachalaca,LC
45092100,1550,"Guans, Chachalacas, Curassows",Crax fasciolata,Bare-faced Curassow,VU
45092131,1560,"Guans, Chachalacas, Curassows",Crax pinima,Belem Curassow,CR
22678537,1570,"Guans, Chachalacas, Curassows",Crax globulosa,Wattled Curassow,EN
22678464,1600,"Guans, Chachalacas, Curassows",Mitu tomentosum,Crestless Curassow,LC
22678478,1620,"Guans, Chachalacas, Curassows",Mitu tuberosum,Razor-billed Curassow,NT
22678472,1630,"Guans, Chachalacas, Curassows",Mitu salvini,Salvin's Curassow,LC
22678896,3240,"Pheasants, Partridges, Turkeys, Grouse",Pternistis swierstrai,Swierstra's Spurfowl,VU
22728231,3250,"Pheasants, Partridges, Turkeys, Grouse",Pternistis castaneicollis,Chestnut-naped Spurfowl,LC
22678722,3300,"Pheasants, Partridges, Turkeys, Grouse",Francolinus pictus,Painted Francolin,LC
22678764,3440,"Pheasants, Partridges, Turkeys, Grouse",Scleroptila afra,Grey-winged Francolin,LC
22727339,3460,"Pheasants, Partridges, Turkeys, Grouse",Scleroptila psilolaema,Moorland Francolin,NT
22727349,3470,"Pheasants, Partridges, Turkeys, Grouse",Scleroptila elgonensis,Elgon Francolin,LC
22728223,3480,"Pheasants, Partridges, Turkeys, Grouse",Scleroptila shelleyi,Shelley's Francolin,LC
22725205,3530,"Pheasants, Partridges, Turkeys, Grouse",Bambusicola sonorivox,Taiwan Bamboo-partridge,LC
22678680,3600,"Pheasants, Partridges, Turkeys, Grouse",Tetraophasis szechenyii,Buff-throated Partridge,LC
22679179,3700,"Pheasants, Partridges, Turkeys, Grouse",Pucrasia macrolopha,Koklass Pheasant,LC
22679336,3730,"Pheasants, Partridges, Turkeys, Grouse",Syrmaticus mikado,Mikado Pheasant,LC
22679340,3740,"Pheasants, Partridges, Turkeys, Grouse",Syrmaticus soemmerringii,Copper Pheasant,LC
22679355,3760,"Pheasants, Partridges, Turkeys, Grouse",Chrysolophus pictus,Golden Pheasant,LC
22679497,4110,"Pheasants, Partridges, Turkeys, Grouse",Tetrastes sewerzowi,Chinese Grouse,NT
22679460,4120,"Pheasants, Partridges, Turkeys, Grouse",Lagopus lagopus,Willow Grouse,LC
22734690,4150,"Pheasants, Partridges, Turkeys, Grouse",Dendragapus obscurus,Dusky Grouse,LC
22679770,4390,"Ducks, Geese, Swans",Dendrocygna arborea,West Indian Whistling-duck,NT
22679789,4460,"Ducks, Geese, Swans",Nomonyx dominicus,Masked Duck,LC
22679856,4650,"Ducks, Geese, Swans",Cygnus cygnus,Whooper Swan,LC
22679954,4700,"Ducks, Geese, Swans",Branta ruficollis,Red-breasted Goose,VU
22679896,4780,"Ducks, Geese, Swans",Anser caerulescens,Snow Goose,LC
22690138,6830,"Pigeons, Doves",Columba thomensis,Sao Tome Olive-pigeon,EN
22690152,6840,"Pigeons, Doves",Columba pollenii,Comoro Olive-pigeon,NT
22690168,6870,"Pigeons, Doves",Columba pulchricollis,Ashy Woodpigeon,LC
22690191,6900,"Pigeons, Doves",Columba punicea,Pale-capped Pigeon,VU
22690222,6950,"Pigeons, Doves",Columba jouyi,Ryukyu Woodpigeon,EX
22690211,6960,"Pigeons, Doves",Columba vitiensis,Metallic Pigeon,LC
22690432,7070,"Pigeons, Doves",Streptopelia lugens,Dusky Turtle-dove,LC
22727811,7120,"Pigeons, Doves",Streptopelia decaocto,Eurasian Collared-dove,LC
22690499,7170,"Pigeons, Doves",Streptopelia semitorquata,Red-eyed Dove,LC
22690488,7180,"Pigeons, Doves",Streptopelia capicola,Ring-necked Dove,LC
22690484,7190,"Pigeons, Doves",Streptopelia vinacea,Vinaceous Dove,LC
60483076,7240,"Pigeons, Doves",Spilopelia suratensis,Western Spotted Dove,LC
22690545,7330,"Pigeons, Doves",Macropygia unchall,Barred Cuckoo-Dove,LC
232609896,7350,"Pigeons, Doves",Macropygia emiliana,Ruddy Cuckoo-Dove,LC
22690600,7570,"Pigeons, Doves",Reinwardtoena crassirostris,Crested Cuckoo-Dove,LC
22690229,7590,"Pigeons, Doves",Patagioenas leucocephala,White-crowned Pigeon,NT
22690247,7620,"Pigeons, Doves",Patagioenas corensis,Bare-eyed Pigeon,LC
22690253,7630,"Pigeons, Doves",Patagioenas picazuro,Picazuro Pigeon,LC
22725270,7670,"Pigeons, Doves",Patagioenas albilinea,Southern Band-tailed Pigeon,LC
22690273,7680,"Pigeons, Doves",Patagioenas araucana,Chilean Pigeon,LC
22690281,7690,"Pigeons, Doves",Patagioenas caribaea,Ring-tailed Pigeon,VU
22690290,7700,"Pigeons, Doves",Patagioenas cayennensis,Pale-vented Pigeon,LC
22690340,7770,"Pigeons, Doves",Patagioenas goodsoni,Dusky Pigeon,LC
22690891,7950,"Pigeons, Doves",Leptotila cassinii,Grey-chested Dove,LC
22690898,7960,"Pigeons, Doves",Leptotila conoveri,Tolima Dove,NT
22690886,8020,"Pigeons, Doves",Leptotila pallida,Pallid Dove,LC
22690857,8030,"Pigeons, Doves",Leptotila megalura,Yungas Dove,LC
22690901,8040,"Pigeons, Doves",Zentrygon carrikeri,Tuxtla Quail-Dove,EN
22690932,8070,"Pigeons, Doves",Zentrygon albifacies,White-faced Quail-Dove,LC
22691674,9700,"Pigeons, Doves",Ducula galeata,Nuku Hiva Imperial Pigeon,EN
22727856,9920,"Pigeons, Doves",Ducula badia,Mountain Imperial-pigeon,LC
22691799,9950,"Pigeons, Doves",Ducula bicolor,Pied Imperial-pigeon,LC
22691317,10140,"Pigeons, Doves",Ramphiculus marchei,Flame-breasted Fruit-dove,NT
22691332,10200,"Pigeons, Doves",Ramphiculus fischeri,Red-eared Fruit-dove,LC
22691601,10240,"Pigeons, Doves",Alectroenas nitidissimus,Mauritius Blue-pigeon,EX
22691573,10300,"Pigeons, Doves",Chrysoena victor,Orange Dove,LC
22691581,10320,"Pigeons, Doves",Chrysoena viridis,Whistling Dove,NT
22691302,10360,"Pigeons, Doves",Ptilinopus cinctus,Black-backed Fruit-dove,LC
22725273,10410,"Pigeons, Doves",Ptilinopus superbus,Eastern Superb Fruit-dove,LC
22728059,10510,"Pigeons, Doves",Ptilinopus gestroi,Eastern Ornate Fruit-dove,LC
22691372,10520,"Pigeons, Doves",Ptilinopus perlatus,Pink-spotted Fruit-dove,LC
22691524,10560,"Pigeons, Doves",Ptilinopus eugeniae,White-headed Fruit-dove,LC
22728265,10660,"Pigeons, Doves",Ptilinopus ponapensis,Pohnpei Fruit-dove,LC
22691470,10720,"Pigeons, Doves",Ptilinopus huttoni,Rapa Fruit-dove,CR
22691490,10730,"Pigeons, Doves",Ptilinopus insularis,Henderson Island Fruit-dove,VU
22691480,10750,"Pigeons, Doves",Ptilinopus coralensis,Atoll Fruit-dove,NT
22691850,10910,"Pigeons, Doves",Gymnophaps albertisii,Papuan Mountain-pigeon,LC
22692977,10980,Sandgrouse,Syrrhaptes tibetanus,Tibetan Sandgrouse,LC
22692986,11000,Sandgrouse,Pterocles namaqua,Namaqua Sandgrouse,LC
22693017,11090,Sandgrouse,Pterocles bicinctus,Double-banded Sandgrouse,LC
22693025,11120,Sandgrouse,Pterocles indicus,Painted Sandgrouse,LC
22689580,11170,Frogmouths,Podargus strigoides,Tawny Frogmouth,LC
22689591,11190,Frogmouths,Batrachostomus auritus,Large Frogmouth,VU
22686424,12780,Swifts,Streptoprocne rutila,Chestnut-collared Swift,LC
22686476,12800,Swifts,Streptoprocne zonaris,White-collared Swift,LC
154632189,12990,Swifts,Chaetura vauxi,Vaux's Swift,LC
22686717,13020,Swifts,Chaetura chapmani,Chapman's Swift,LC
22686495,13170,Swifts,Collocalia esculenta,Glossy Swiftlet,LC
22686485,13330,Swifts,Hydrochous gigas,Waterfall Swift,LC
60838951,13460,Swifts,Aerodramus leucophaeus,Polynesian Swiftlet,LC
22686576,13470,Swifts,Aerodramus inquietus,Caroline Swiftlet,LC
22686519,13500,Swifts,Aerodramus mearnsi,Philippine Swiftlet,LC
22686528,13510,Swifts,Aerodramus spodiopygius,White-rumped Swiftlet,LC
22686516,13520,Swifts,Aerodramus unicolor,Indian Swiftlet,LC
22686511,13530,Swifts,Aerodramus francicus,Mascarene Swiftlet,NT
22686558,13560,Swifts,Aerodramus salangana,Mossy-nest Swiftlet,LC
157470471,13570,Swifts,Schoutedenapus myoptilus,Scarce Swift,LC
22686739,13620,Swifts,Aeronautes andecolus,Andean Swift,LC
155257132,13690,Swifts,Cypsiurus gracilis,Malagasy Palm Swift,LC
22686800,13900,Swifts,Apus apus,Common Swift,LC
22687756,13980,Hummingbirds,Topaza pyra,Fiery Topaz,LC
22687013,14010,Hummingbirds,Eutoxeres aquila,White-tipped Sicklebill,LC
22687026,14040,Hummingbirds,Glaucis dohrnii,Hook-billed Hermit,VU
22686985,14130,Hummingbirds,Anopetia gounellei,Broad-tipped Hermit,LC
22686931,14150,Hummingbirds,Phaethornis yaruqui,White-whiskered Hermit,LC
22686961,14180,Hummingbirds,Phaethornis koepckeae,Koepcke's Hermit,LC
22686965,14190,Hummingbirds,Phaethornis philippii,Needle-billed Hermit,LC
154797026,14210,Hummingbirds,Phaethornis major,Ash-bellied Hermit,LC
22687807,15840,Hummingbirds,Coeligena coeligena,Bronzy Inca,LC
22726729,15880,Hummingbirds,Coeligena conradii,Green Inca,LC
22726743,15900,Hummingbirds,Coeligena inca,Gould's Inca,LC
22687825,15960,Hummingbirds,Coeligena phalerata,White-tailed Starfrontlet,NT
22687828,15970,Hummingbirds,Coeligena orina,Glittering Starfrontlet,EN
61172969,16000,Hummingbirds,Coeligena bonapartei,Golden-bellied Starfrontlet,LC
22687801,16060,Hummingbirds,Lafresnaya lafresnayi,Mountain Velvetbreast,LC
22725822,16140,Hummingbirds,Urochroa leucura,White-tailed Hillstar,LC
22687965,16170,Hummingbirds,Urosticte ruficrissa,Rufous-vented Whitetip,LC
22687743,16270,Hummingbirds,Heliodoxa leadbeateri,Violet-fronted Brilliant,LC
216558962,16330,Hummingbirds,Eugenes fulgens,Magnificent Hummingbird,LC
216559150,16340,Hummingbirds,Eugenes spectabilis,Talamanca Hummingbird,LC
22688138,16360,Hummingbirds,Heliomaster longirostris,Long-billed Starthroat,LC
22725795,16480,Hummingbirds,Lampornis castaneoventris,White-throated Mountain-gem,LC
22688211,16540,Hummingbirds,Calliphlox amethystina,Amethyst Woodstar,LC
22688244,16600,Hummingbirds,Eulidia yarrellii,Chilean Woodstar,CR
22688251,16620,Hummingbirds,Chaetocercus mulsant,White-bellied Woodstar,LC
22688279,16660,Hummingbirds,Chaetocercus berlepschi,Esmeraldas Woodstar,VU
22688175,16710,Hummingbirds,Doricha eliza,Mexican Sheartail,NT
22688185,16720,Hummingbirds,Calothorax lucifer,Lucifer Hummingbird,LC
22688189,16730,Hummingbirds,Calothorax pulcher,Beautiful Hummingbird,LC
22688202,16810,Hummingbirds,Calypte costae,Costa's Hummingbird,LC
22688296,16830,Hummingbirds,Selasphorus rufus,Rufous Hummingbird,NT
22688235,16860,Hummingbirds,Selasphorus heloisa,Bumblebee Hummingbird,LC
22687336,16940,Hummingbirds,Riccordia swainsonii,Hispaniolan Emerald,LC
22728709,16950,Hummingbirds,Riccordia elegans,Caribbean Emerald,EX
22725437,18540,Cuckoos,Coua ruficeps,Red-capped Coua,LC
22684219,18690,Cuckoos,Centropus chalybeus,Biak Coucal,NT
22684257,18710,Cuckoos,Centropus chlororhynchos,Green-billed Coucal,VU
22684300,18720,Cuckoos,Centropus melanops,Black-faced Coucal,LC
22684260,18770,Cuckoos,Centropus leucogaster,Black-throated Coucal,LC
22684288,18810,Cuckoos,Centropus superciliosus,White-browed Coucal,LC
22684098,19080,Cuckoos,Phaenicophaeus tristis,Green-billed Malkoha,LC
22683808,19160,Cuckoos,Clamator levaillantii,Levaillant's Cuckoo,LC
22683816,19170,Cuckoos,Clamator coromandus,Chestnut-winged Cuckoo,LC
22684340,19290,Cuckoos,Coccyzus ferrugineus,Cocos Cuckoo,VU
22684350,19330,Cuckoos,Coccyzus pluvialis,Chestnut-bellied Cuckoo,LC
22684360,19340,Cuckoos,Coccyzus rufigularis,Bay-breasted Cuckoo,EN
22728160,19360,Cuckoos,Coccyzus bahamensis,Bahama Lizard-cuckoo,NT
22684006,19530,Cuckoos,Chalcites osculans,Black-eared Cuckoo,LC
22683990,19540,Cuckoos,Chalcites ruficollis,Rufous-throated Bronze-cuckoo,LC
22683898,19790,Cuckoos,Heteroscenes pallidus,Pallid Cuckoo,LC
181366408,19820,Cuckoos,Cercococcyx lemaireae,Whistling Long-tailed Cuckoo,NT
22683913,19840,Cuckoos,Cercococcyx montanus,Barred Long-tailed Cuckoo,LC
22736080,19860,Cuckoos,Surniculus dicruroides,Fork-tailed Drongo-cuckoo,LC
22736089,19890,Cuckoos,Surniculus musschenbroeki,Moluccan Drongo-cuckoo,LC
22692857,21820,"Rails, Gallinules, Coots",Pareudiastes silvestris,Makira Moorhen,CR
22692854,21830,"Rails, Gallinules, Coots",Pareudiastes pacificus,Samoan Moorhen,CR
22692883,21910,"Rails, Gallinules, Coots",Paragallinula angulata,Lesser Moorhen,LC
22692887,21920,"Rails, Gallinules, Coots",Porphyriops melanops,Spot-flanked Gallinule,LC
22728769,21960,"Rails, Gallinules, Coots",Fulica newtonii,Mascarene Coot,EX
22692946,22060,"Rails, Gallinules, Coots",Fulica cornuta,Horned Coot,NT
22692199,22110,Trumpeters,Psophia leucoptera,White-winged Trumpeter,LC
45470705,22120,Trumpeters,Psophia viridis,Green-winged Trumpeter,VU
22692174,22170,Limpkin,Aramus guarauna,Limpkin,LC
22692081,22230,Cranes,Anthropoides virgo,Demoiselle Crane,LC
22692064,22260,Cranes,Grus antigone,Sarus Crane,VU
22691996,22580,Bustards,Eupodotis senegalensis,White-bellied Bustard,LC
22692000,22590,Bustards,Eupodotis caerulescens,Blue Bustard,NT
22688425,22620,Turacos,Corythaeola cristata,Great Blue Turaco,LC
22725417,22670,Turacos,Corythaixoides leopoldi,Black-faced Go-away-bird,LC
22688380,22700,Turacos,Gallirex porphyreolophus,Purple-crested Turaco,LC
22688391,22850,Turacos,Musophaga rossae,Ross's Turaco,LC
22697842,22900,Loons/Divers,Gavia immer,Common Loon,LC
22697752,22930,Penguins,Aptenodytes forsteri,Emperor Penguin,NT
22697755,22940,Penguins,Pygoscelis papua,Gentoo Penguin,LC
22735250,23000,Penguins,Eudyptes chrysocome,Southern Rockhopper Penguin,VU
22697776,23020,Penguins,Eudyptes pachyrhynchus,Fiordland Penguin,NT
22697782,23030,Penguins,Eudyptes robustus,Snares Penguin,VU
22697825,23120,Penguins,Spheniscus mendiculus,Galapagos Penguin,EN
22698436,23130,Southern Storm-petrels,Oceanites oceanicus,Wilson's Storm-petrel,LC
45354823,23150,Southern Storm-petrels,Oceanites pincoyae,Pincoya Storm-petrel,DD
22698477,23250,Northern Storm-petrels,Hydrobates pelagicus,European Storm-petrel,LC
22735624,23280,Northern Storm-petrels,Hydrobates monteiroi,Monteiro's Storm-petrel,VU
22698562,23310,Northern Storm-petrels,Hydrobates homochroa,Ashy Storm-petrel,EN
22698485,23320,Northern Storm-petrels,Hydrobates microsoma,Least Storm-petrel,LC
132438298,23360,Northern Storm-petrels,Hydrobates leucorhous,Leach's Storm-petrel,VU
22698520,23370,Northern Storm-petrels,Hydrobates monorhis,Swinhoe's Storm-petrel,NT
22698530,23380,Northern Storm-petrels,Hydrobates macrodactylus,Guadalupe Storm-petrel,CR(PE)
22697925,24840,"Petrels, Shearwaters",Pseudobulweria rostrata,Tahiti Petrel,NT
22698136,24860,"Petrels, Shearwaters",Bulweria fallax,Jouanin's Petrel,NT
22697716,24950,Storks,Leptoptilos crumenifer,Marabou Stork,LC
22697658,25000,Storks,Mycteria leucocephala,Painted Stork,LC
22697661,25020,Storks,Anastomus oscitans,Asian Openbill,LC
22697673,25050,Storks,Ciconia abdimii,Abdim's Stork,LC
22727265,25060,Storks,Ciconia microscelis,African Woollyneck,LC
22697574,25170,"Ibises, Spoonbills",Platalea ajaja,Roseate Spoonbill,LC
22697472,25350,"Ibises, Spoonbills",Bostrychia olivacea,Olive Ibis,LC
22697463,25380,"Ibises, Spoonbills",Bostrychia hagedash,Hadada Ibis,LC
22697468,25390,"Ibises, Spoonbills",Bostrychia carunculata,Wattled Ibis,LC
22697435,25410,"Ibises, Spoonbills",Theristicus caerulescens,Plumbeous Ibis,LC
22697418,25480,"Ibises, Spoonbills",Phimosus infuscatus,Bare-faced Ibis,LC
22697426,25520,"Ibises, Spoonbills",Plegadis chihi,White-faced Ibis,LC
22697346,25640,Herons,Botaurus stellaris,Eurasian Bittern,LC
22697314,25690,Herons,Ixobrychus exilis,Least Bittern,LC
22735766,25700,Herons,Ixobrychus minutus,Common Little Bittern,LC
22697123,25950,Herons,Ardeola ralloides,Squacco Heron,LC
22697138,25980,Herons,Ardeola speciosa,Javan Pond Heron,LC
181500967,26030,Herons,Ardea herodias,Great Blue Heron,LC
22697001,26050,Herons,Ardea cocoi,Cocoi Heron,LC
22697008,26070,Herons,Ardea melanocephala,Black-headed Heron,LC
22697021,26090,Herons,Ardea insignis,White-bellied Heron,CR
22697028,26100,Herons,Ardea sumatrana,Great-billed Heron,LC
22697017,26110,Herons,Ardea goliath,Goliath Heron,LC
62774969,26310,Herons,Egretta garzetta,Little Egret,LC
22696980,26330,Herons,Egretta sacra,Pacific Reef-egret,LC
22697583,26400,Shoebill,Balaeniceps rex,Shoebill,VU
22697608,26440,Pelicans,Pelecanus conspicillatus,Australian Pelican,LC
22733989,26460,Pelicans,Pelecanus occidentalis,Brown Pelican,LC
22697738,26500,Frigatebirds,Fregata ariel,Lesser Frigatebird,LC
22697733,26510,Frigatebirds,Fregata minor,Great Frigatebird,LC
22728990,26640,"Gannets, Boobies",Sula granti,Nazca Booby,LC
22696725,26690,Cormorants,Microcarbo africanus,Long-tailed Cormorant,LC
22693547,28480,Jacanas,Metopidius indicus,Bronze-winged Jacana,LC
22693540,28490,Jacanas,Irediparra gallinacea,Comb-crested Jacana,LC
22693536,28500,Jacanas,Microparra capensis,Lesser Jacana,LC
22693182,28520,"Sandpipers, Snipes, Phalaropes",Numenius tahitiensis,Bristle-thighed Curlew,NT
22693185,28560,"Sandpipers, Snipes, Phalaropes",Numenius tenuirostris,Slender-billed Curlew,EX
22693363,28670,"Sandpipers, Snipes, Phalaropes",Calidris canutus,Red Knot,NT
22693383,28770,"Sandpipers, Snipes, Phalaropes",Calidris ruficollis,Red-necked Stint,NT
22693420,28810,"Sandpipers, Snipes, Phalaropes",Calidris maritima,Purple Sandpiper,LC
22693379,28830,"Sandpipers, Snipes, Phalaropes",Calidris minuta,Little Stint,LC
22693373,28880,"Sandpipers, Snipes, Phalaropes",Calidris pusilla,Semipalmated Sandpiper,NT
22728772,28930,"Sandpipers, Snipes, Phalaropes",Prosobonia ellisi,Moorea Sandpiper,EX
62289108,28940,"Sandpipers, Snipes, Phalaropes",Prosobonia cancellata,Christmas Sandpiper,EX
22693052,29000,"Sandpipers, Snipes, Phalaropes",Scolopax rusticola,Eurasian Woodcock,LC
22693068,29060,"Sandpipers, Snipes, Phalaropes",Scolopax rochussenii,Moluccan Woodcock,VU
22693072,29070,"Sandpipers, Snipes, Phalaropes",Scolopax minor,American Woodcock,LC
22693075,29180,"Sandpipers, Snipes, Phalaropes",Gallinago solitaria,Solitary Snipe,LC
22693082,29200,"Sandpipers, Snipes, Phalaropes",Gallinago nemoricola,Wood Snipe,VU
22693090,29220,"Sandpipers, Snipes, Phalaropes",Gallinago megala,Swinhoe's Snipe,LC
22693107,29240,"Sandpipers, Snipes, Phalaropes",Gallinago macrodactyla,Madagascar Snipe,VU
216557760,29280,"Sandpipers, Snipes, Phalaropes",Gallinago paraguaiae,South American Snipe,LC
22693220,29490,"Sandpipers, Snipes, Phalaropes",Tringa nebularia,Common Greenshank,LC
22680549,29610,Buttonquails,Turnix suscitator,Barred Buttonquail,LC
22680552,29620,Buttonquails,Turnix nigricollis,Madagascar Buttonquail,LC
22680556,29630,Buttonquails,Turnix melanogaster,Black-breasted Buttonquail,VU
62288672,29650,Buttonquails,Turnix varius,Painted Buttonquail,LC
22680572,29660,Buttonquails,Turnix olivii,Buff-breasted Buttonquail,CR
22694103,29810,"Coursers, Pratincoles",Rhinoptilus bitorquatus,Jerdon's Courser,CR
22694116,29840,"Coursers, Pratincoles",Cursorius rufus,Burchell's Courser,LC
22694157,29880,"Coursers, Pratincoles",Stiltia isabella,Australian Pratincole,LC
22694127,29890,"Coursers, Pratincoles",Glareola pratincola,Collared Pratincole,LC
22694144,29930,"Coursers, Pratincoles",Glareola nuchalis,Rock Pratincole,LC
22694794,29970,"Gulls, Terns, Skimmers",Anous stolidus,Brown Noddy,LC
22694805,29980,"Gulls, Terns, Skimmers",Anous tenuirostris,Lesser Noddy,LC
22733705,30010,"Gulls, Terns, Skimmers",Anous albivittus,Grey Noddy,LC
22694256,30070,"Gulls, Terns, Skimmers",Rynchops niger,Black Skimmer,LC
22694262,30080,"Gulls, Terns, Skimmers",Rynchops flavirostris,African Skimmer,LC
22694469,30110,"Gulls, Terns, Skimmers",Hydrocoloeus minutus,Little Gull,LC
22694479,30140,"Gulls, Terns, Skimmers",Xema sabini,Sabine's Gull,LC
22694502,30160,"Gulls, Terns, Skimmers",Rissa brevirostris,Red-legged Kittiwake,VU
22689385,31810,Typical Owls,Ninox rufa,Rufous Owl,LC
22725483,31980,Typical Owls,Ninox philippensis,Luzon Boobook,LC
22725493,32010,Typical Owls,Ninox spilonotus,Romblon Boobook,EN
22727916,32090,Typical Owls,Ninox forbesi,Tanimbar Boobook,LC
22727893,32100,Typical Owls,Ninox squamipila,Seram Boobook,LC
22727909,32110,Typical Owls,Ninox hantu,Buru Boobook,LC
22689470,32150,Typical Owls,Ninox punctulata,Speckled Boobook,LC
22728861,32320,Typical Owls,Mascarenotus sauzieri,Mauritius Owl,EX
45449325,32330,Typical Owls,Athene jacquinoti,West Solomons Owl,LC
45449328,32340,Typical Owls,Athene granti,Guadalcanal Owl,NT
22689332,32380,Typical Owls,Athene brama,Spotted Owlet,LC
22689189,32420,Typical Owls,Surnia ulula,Northern Hawk-owl,LC
22735293,32560,Typical Owls,Glaucidium gnoma,Northern Pygmy-owl,LC
22689222,32590,Typical Owls,Glaucidium jardinii,Andean Pygmy-owl,LC
22689229,32600,Typical Owls,Glaucidium bolivianum,Yungas Pygmy-owl,LC
22689262,32710,Typical Owls,Glaucidium siju,Cuban Pygmy-owl,LC
22689371,32920,Typical Owls,Aegolius ridgwayi,Unspotted Saw-whet Owl,LC
61859151,33010,Typical Owls,Otus semitorques,Japanese Scops-owl,LC
22725062,33060,Typical Owls,Otus nigrorum,Visayan Scops-owl,NT
22688608,33310,Typical Owls,Otus mindorensis,Mindoro Scops-owl,NT
22728969,33390,Typical Owls,Otus sunia,Oriental Scops-owl,LC
22688651,33400,Typical Owls,Otus elegans,Ryukyu Scops-owl,NT
22694980,35190,"Hawks, Eagles",Henicopernis infuscatus,Black Honey-buzzard,VU
22694950,35210,"Hawks, Eagles",Aviceda madagascariensis,Madagascar Cuckoo-hawk,LC
22695336,35250,"Hawks, Eagles",Eutriorchis astur,Madagascar Serpent-eagle,EN
22695409,35260,"Hawks, Eagles",Polyboroides typus,African Harrier-hawk,LC
22695289,35400,"Hawks, Eagles",Terathopius ecaudatus,Bateleur,EN
22680784,44360,Woodpeckers,Verreauxia africana,African Piculet,LC
22728643,700,"Cassowaries, Emus",Dromaius minor,King Island Emu,EX
103681376,66060,Tyrant-flycatchers,Elaenia olivina,Tepui Elaenia,LC
103681502,66100,Tyrant-flycatchers,Elaenia cherriei,Hispaniolan Elaenia,LC
22680217,5920,"Ducks, Geese, Swans",Anas superciliosa,Pacific Black Duck,LC
22680145,6100,"Ducks, Geese, Swans",Anas capensis,Cape Teal,LC
22680287,6110,"Ducks, Geese, Swans",Anas bahamensis,White-cheeked Pintail,LC
22696592,6390,Grebes,Poliocephalus rufopectus,New Zealand Grebe,LC
22690206,6930,"Pigeons, Doves",Columba janthina,Japanese Woodpigeon,LC
22690493,7200,"Pigeons, Doves",Streptopelia tranquebarica,Red Collared-dove,LC
154619350,7520,"Pigeons, Doves",Turacoena sulaensis,Sula Cuckoo-Dove,LC
22690609,7530,"Pigeons, Doves",Turacoena modesta,Black Cuckoo-Dove,NT
22690747,8160,"Pigeons, Doves",Zenaida auriculata,Eared Dove,LC
22690991,8430,"Pigeons, Doves",Gallicolumba crinigera,Mindanao Bleeding-heart,VU
22690657,9010,"Pigeons, Doves",Chalcophaps stephani,Stephan's Dove,LC
22690614,9040,"Pigeons, Doves",Turtur abyssinicus,Black-billed Wood-dove,LC
22691629,9590,"Pigeons, Doves",Ducula radiata,Grey-headed Imperial-pigeon,LC
22691297,10390,"Pigeons, Doves",Ptilinopus porphyreus,Pink-headed Fruit-dove,LC
22691435,10650,"Pigeons, Doves",Ptilinopus roseicapilla,Mariana Fruit-dove,NT
22689603,11230,Frogmouths,Batrachostomus moniliger,Sri Lanka Frogmouth,LC
22686891,12650,Treeswifts,Hemiprocne coronata,Crested Treeswift,LC
22730119,12940,Swifts,Chaetura fumosa,Costa Rican Swift,LC
22688111,14660,Hummingbirds,Heliothryx auritus,Black-eared Fairy,LC
22733891,15220,Hummingbirds,Aglaiocercus berlepschi,Venezuelan Sylph,VU
22684428,18310,Hoatzin,Opisthocomus hoazin,Hoatzin,LC
22684431,18320,Cuckoos,Crotophaga major,Greater Ani,LC
22684132,18620,Cuckoos,Carpococcyx radiceus,Bornean Ground-cuckoo,VU
22733394,20900,"Rails, Gallinules, Coots",Diaphorapteryx hawkinsi,Hawkins's Rail,EX
22693239,29430,"Sandpipers, Snipes, Phalaropes",Tringa solitaria,Solitary Sandpiper,LC
22680512,29560,Buttonquails,Turnix maculosus,Red-backed Buttonquail,LC
22680595,29680,Buttonquails,Turnix pyrrhothorax,Red-chested Buttonquail,LC
22680592,29690,Buttonquails,Turnix everetti,Sumba Buttonquail,LC
22680588,29700,Buttonquails,Turnix worcesteri,Luzon Buttonquail,DD
22694740,30790,"Gulls, Terns, Skimmers",Onychoprion fuscatus,Sooty Tern,LC
230087117,31890,Typical Owls,Ninox plesseni,Alor Boobook,LC
22689267,32470,Typical Owls,Glaucidium tephronotum,Red-chested Owlet,LC
22689271,32480,Typical Owls,Glaucidium sjostedti,Sjostedt's Owlet,LC
22689277,32490,Typical Owls,Glaucidium cuculoides,Asian Barred Owlet,LC
61855318,33020,Typical Owls,Otus lettia,Collared Scops-owl,LC
22688713,33090,Typical Owls,Otus mentawi,Mentawai Scops-owl,LC
22688807,33950,Typical Owls,Megascops barbarus,Bearded Screech-owl,LC
22688944,34450,Typical Owls,Bubo capensis,Cape Eagle-owl,LC
22724659,35060,"Hawks, Eagles",Leptodon forbesi,White-collared Kite,EN
22694971,35070,"Hawks, Eagles",Chondrohierax uncinatus,Hook-billed Kite,LC
22695318,35320,"Hawks, Eagles",Spilornis holospilus,Philippine Serpent-eagle,LC
22695189,35550,"Hawks, Eagles",Gyps africanus,White-backed Vulture,CR
22696193,35840,"Hawks, Eagles",Spizaetus tyrannus,Black Hawk-eagle,LC
22734332,36080,"Hawks, Eagles",Hieraaetus morphnoides,Little Eagle,LC
22695402,36330,"Hawks, Eagles",Circus melanoleucos,Pied Harrier,LC
22695405,36340,"Hawks, Eagles",Circus pygargus,Montagu's Harrier,LC
22682384,38600,Hornbills,Tockus leucomelas,Southern Yellow-billed Hornbill,LC
22682388,38610,Hornbills,Tockus jacksoni,Jackson's Hornbill,LC
22682392,38620,Hornbills,Tockus deckeni,Von der Decken's Hornbill,LC
22682367,38630,Hornbills,Tockus monteiri,Monteiro's Hornbill,LC
22698580,52900,New Zealand wrens,Xenicus longipes,Bushwren,EX
22698585,52910,New Zealand wrens,Xenicus gilviventris,New Zealand Rockwren,EN
22698593,52920,New Zealand wrens,Traversia lyalli,Stephens Island Rockwren,EX
22698656,52950,Pittas,Erythropitta dohertyi,Sula Pitta,LC
22698617,53210,Pittas,Hydrornis cyaneus,Blue Pitta,LC
102998728,53420,Pittas,Pitta maxima,Ivory-breasted Pitta,LC
22701752,56520,Typical Antbirds,Percnostola rufifrons,Black-headed Antbird,LC
22703299,57060,Antpittas,Grallaria carrikeri,Pale-billed Antpitta,LC
22702140,59600,Ovenbirds,Furnarius torridus,Pale-billed Hornero,LC
22736226,59870,Ovenbirds,Cinclodes albidiventris,Chestnut-winged Cinclodes,LC
22736220,59890,Ovenbirds,Cinclodes albiventris,Cream-winged Cinclodes,LC
103673977,61280,Ovenbirds,Asthenes vilcabambae,Vilcabamba Thistletail,LC
22701128,62670,Manakins,Chloropipo unicolor,Jet Manakin,LC
22700797,62950,Cotingas,Pipreola lubomirskii,Black-chested Fruiteater,LC
22700919,63220,Cotingas,Haematoderus militaris,Crimson Fruitcrow,LC
22699523,64350,Tyrant-flycatchers,Phylloscartes flavovirens,Yellow-green Tyrannulet,LC
103680198,64620,Tyrant-flycatchers,Mionectes macconnelli,McConnell's Flycatcher,LC
103680560,64890,Tyrant-flycatchers,Tolmomyias flaviventris,Ochre-lored Flatbill,LC
22698957,65220,Tyrant-flycatchers,Hemitriccus kaempferi,Kaempfer's Tody-tyrant,VU
103680670,65450,Tyrant-flycatchers,Myiotriccus phoenicurus,Eastern Ornate Flycatcher,LC
22731687,65730,Tyrant-flycatchers,Stigmatura bahiae,Bahia Wagtail-tyrant,LC
22699365,65740,Tyrant-flycatchers,Stigmatura budytoides,Greater Wagtail-tyrant,LC
22733832,65780,Tyrant-flycatchers,Inezia subflava,Amazonian Tyrannulet,LC
22699072,66310,Tyrant-flycatchers,Phyllomyias fasciatus,Planalto Tyrannulet,LC
22699387,66590,Tyrant-flycatchers,Anairetes nigrocristatus,Black-crested Tit-tyrant,LC
22699211,67140,Tyrant-flycatchers,Sublegatus modestus,Southern Scrub-flycatcher,LC
22700010,67700,Tyrant-flycatchers,Xolmis cinereus,Grey Monjita,LC
22699842,67980,Tyrant-flycatchers,Empidonax virescens,Acadian Flycatcher,LC
22705921,81030,Crows and jays,Pyrrhocorax graculus,Yellow-billed Chough,LC
22724829,81140,Crows and jays,Cissa jefferyi,Bornean Green Magpie,LC
22705883,81300,Crows and jays,Podoces hendersoni,Mongolian Ground-jay,LC
22705893,81320,Crows and jays,Podoces panderi,Turkestan Ground-jay,LC
22705898,81330,Crows and jays,Podoces pleskei,Iranian Ground-jay,LC
103727136,81360,Crows and jays,Pica asirensis,Asir Magpie,EN
22706064,81610,Crows and jays,Corvus ruficollis,Brown-necked Raven,LC
22705959,81880,Crows and jays,Corvus kubaryi,Mariana Crow,CR
22704799,83300,Australasian robins,Petroica archboldi,Snow Mountain Robin,NT
22715471,83910,Hyliotas,Hyliota violacea,Violet-backed Hyliota,LC
22711815,84160,Tits and chickadees,Lophophanes dichrous,Grey-crested Tit,LC
22711740,84240,Tits and chickadees,Poecile superciliosus,White-browed Tit,LC
22717013,85590,Larks,Mirafra albicauda,White-tailed Lark,LC
22714569,88210,Cisticolas and allies,Bathmocercus cerviniventris,Black-headed Rufous-warbler,DD
22713671,88470,Cisticolas and allies,Prinia erythroptera,Red-winged Prinia,LC
22713834,88480,Cisticolas and allies,Prinia rufifrons,Red-fronted Prinia,LC
22716767,90460,Tetrakas,Crossleyia xanthophrys,Madagascar Yellowbrow,LC
22712042,90500,Swallows and martins,Eurochelidon sirintarae,White-eyed River Martin,CR
22712080,91330,Swallows and martins,Tachycineta cyaneoviridis,Bahama Swallow,EN
22733311,91340,Swallows and martins,Tachycineta stolzmanni,Tumbes Swallow,LC
22733821,91350,Swallows and martins,Tachycineta albilinea,Mangrove Swallow,LC
22712065,91360,Swallows and martins,Tachycineta albiventer,White-winged Swallow,LC
22712847,91860,Bulbuls,Ixonotus guttatus,Spotted Greenbul,LC
22712877,91870,Bulbuls,Thescelocichla leucopleura,Swamp Palm Bulbul,LC
22712837,91880,Bulbuls,Baeopogon indicator,Honeyguide Greenbul,LC
22713131,92140,Bulbuls,Criniger ndussumensis,White-bearded Greenbul,LC
22712882,92430,Bulbuls,Pyrrhurus scandens,Leaf-love,LC
22713158,92450,Bulbuls,Setornis criniger,Hook-billed Bulbul,VU
22712702,93560,Bulbuls,Euptilotus eutilotus,Puff-backed Bulbul,NT
22715439,94130,Leaf-warblers,Phylloscopus montis,Yellow-breasted Warbler,LC
22714359,94690,Bush-warblers,Tesia everetti,Russet-capped Tesia,LC
22735017,95580,Old World Warblers,Curruca sarda,Marmora's Warbler,LC
103880882,95840,Parrotbills and allies,Paradoxornis ruficeps,White-breasted Parrotbill,LC
22735612,95850,Parrotbills and allies,Paradoxornis bakeri,Rufous-headed Parrotbill,LC
22716734,96110,White-eyes and Yuhinas,Yuhina humilis,Burmese Yuhina,LC
22714327,96380,White-eyes and Yuhinas,Heleia muelleri,Spot-breasted White-eye,LC
22714071,96440,White-eyes and Yuhinas,Zosterops nigrorum,Yellowish White-eye,LC
22714027,96470,White-eyes and Yuhinas,Zosterops erythropleurus,Chestnut-flanked White-eye,LC
22713949,96650,White-eyes and Yuhinas,Zosterops kulalensis,Kulal White-eye,NT
103891215,96670,White-eyes and Yuhinas,Zosterops kikuyuensis,Kikuyu White-eye,LC
22728605,96920,White-eyes and Yuhinas,Zosterops nehrkorni,Sangihe White-eye,CR
22714107,96930,White-eyes and Yuhinas,Zosterops consobrinorum,Pale-bellied White-eye,LC
232735179,96940,White-eyes and Yuhinas,Zosterops atriceps,Cream-throated White-eye,LC
232736915,96950,White-eyes and Yuhinas,Zosterops dehaani,Morotai White-eye,NT
22714159,97260,White-eyes and Yuhinas,Zosterops novaeguineae,New Guinea White-eye,LC
103894706,98340,Scimitar-babblers and allies,Mixornis flavicollis,Grey-cheeked Tit-babbler,LC
22716302,98360,Scimitar-babblers and allies,Mixornis kelleyi,Grey-faced Tit-babbler,LC
22716627,98620,Ground babblers,Schoeniparus dubius,Rusty-capped Fulvetta,LC
22716593,98640,Ground babblers,Schoeniparus cinereus,Yellow-throated Fulvetta,LC
22715795,98920,Ground babblers,Pellorneum celebense,Sulawesi Babbler,LC
22715744,100590,Laughingthrushes and allies,Trochalopteron henrici,Brown-cheeked Laughingthrush,LC
22735060,101150,Treecreepers,Certhia familiaris,Eurasian Treecreeper,LC
103889265,102540,Wrens,Thryophilus sernai,Antioquia Wren,VU
22710896,103150,Starlings,Spodiopsar cineraceus,White-cheeked Starling,LC
103878613,103990,Starlings,Mino dumontii,Yellow-faced Myna,LC
22710482,104230,Starlings,Aplonis zelandica,Rusty-winged Starling,LC
22711035,104500,Mockingbirds and thrashers,Mimus saturninus,Chalk-browed Mockingbird,LC
22720109,120860,Finches,Crithagra koliensis,Papyrus Canary,LC
22731359,121110,Finches,Crithagra striolata,Streaky Seedeater,LC
22720362,121720,Finches,Spinus atriceps,Black-capped Siskin,LC
22720990,121960,Old World Buntings,Emberiza melanocephala,Black-headed Bunting,LC
22720891,122000,Old World Buntings,Emberiza koslowi,Tibetan Bunting,LC
22721007,122270,Old World Buntings,Emberiza pallasi,Pallas's Bunting,LC
22724017,124490,New World blackbirds,Psarocolius bifasciatus,Olive Oropendola,LC
22724090,124760,New World blackbirds,Icterus leucopteryx,Jamaican Oriole,LC
22724108,124780,New World blackbirds,Icterus gularis,Altamira Oriole,LC
22724087,124790,New World blackbirds,Icterus nigrogularis,Yellow Oriole,LC
22721667,126130,New World warblers,Setophaga magnolia,Magnolia Warbler,LC
103804320,127240,Cardinals,Granatellus francescae,Tres Marias Chat,NT
22722669,127810,Tanagers,Iridosornis analis,Yellow-throated Tanager,LC
22736352,128360,Tanagers,Paroaria gularis,Red-capped Cardinal,LC
22723012,129480,Tanagers,Cyanerpes cyaneus,Red-legged Honeycreeper,LC
22723762,130040,Tanagers,Platyspiza crassirostris,Vegetarian Finch,LC
103816948,130600,Tanagers,Sporophila torqueola,Cinnamon-rumped Seedeater,LC
22686467,12760,Swifts,Cypseloides senex,Great Dusky Swift,LC
22711983,84120,Tits and chickadees,Baeolophus bicolor,Tufted Titmouse,LC
22678073,50,Rheas,Rhea americana,Greater Rhea,NT
22678081,60,Rheas,Rhea pennata,Lesser Rhea,LC
22693807,27780,Plovers,Charadrius forbesi,Forbes's Plover,LC
22679555,1680,Guineafowl,Numida meleagris,Helmeted Guineafowl,LC
22679110,1770,New World quails,Ptilopachus petrosus,Stone Partridge,LC
45093155,1830,New World quails,Colinus leucopogon,Spot-bellied Bobwhite,LC
22679630,1940,New World quails,Odontophorus gujanensis,Marbled Wood-quail,LC
22679663,2000,New World quails,Odontophorus melanonotus,Dark-backed Wood-quail,LC
22679035,2240,"Pheasants, Partridges, Turkeys, Grouse",Arborophila rufipectus,Sichuan Partridge,VU
22679050,2250,"Pheasants, Partridges, Turkeys, Grouse",Arborophila gingica,Collared Partridge,NT
22679057,2270,"Pheasants, Partridges, Turkeys, Grouse",Arborophila cambodiana,Chestnut-headed Partridge,NT
22679044,2320,"Pheasants, Partridges, Turkeys, Grouse",Arborophila javanica,Chestnut-bellied Partridge,LC
22679063,2350,"Pheasants, Partridges, Turkeys, Grouse",Arborophila ardens,Hainan Partridge,VU
22728242,2460,"Pheasants, Partridges, Turkeys, Grouse",Rhizothera dulitensis,Dulit Partridge,DD
22679131,2510,"Pheasants, Partridges, Turkeys, Grouse",Galloperdix spadicea,Red Spurfowl,LC
22679430,2540,"Pheasants, Partridges, Turkeys, Grouse",Afropavo congensis,Congo Peafowl,NT
22679435,2550,"Pheasants, Partridges, Turkeys, Grouse",Pavo cristatus,Indian Peafowl,LC
200035703,2600,"Pheasants, Partridges, Turkeys, Grouse",Rheinardia ocellata,Annamite Crested Argus,CR
22679398,2630,"Pheasants, Partridges, Turkeys, Grouse",Polyplectron napoleonis,Palawan Peacock-Pheasant,VU
22679393,2650,"Pheasants, Partridges, Turkeys, Grouse",Polyplectron schleiermacheri,Bornean Peacock-Pheasant,EN
22678927,2720,"Pheasants, Partridges, Turkeys, Grouse",Margaroperdix madagarensis,Madagascar Partridge,LC
22678952,2770,"Pheasants, Partridges, Turkeys, Grouse",Coturnix pectoralis,Stubble Quail,LC
22678661,2840,"Pheasants, Partridges, Turkeys, Grouse",Tetraogallus caucasicus,Caucasian Snowcock,LC
22678698,2920,"Pheasants, Partridges, Turkeys, Grouse",Alectoris philbyi,Philby's Partridge,LC
22679002,3010,"Pheasants, Partridges, Turkeys, Grouse",Perdicula argoondah,Rock Bush-quail,LC
22678799,3050,"Pheasants, Partridges, Turkeys, Grouse",Pternistis hartlaubi,Hartlaub's Spurfowl,LC
22678811,3070,"Pheasants, Partridges, Turkeys, Grouse",Pternistis icterorhynchus,Heuglin's Spurfowl,LC
22678831,3120,"Pheasants, Partridges, Turkeys, Grouse",Pternistis natalensis,Natal Spurfowl,LC
22678843,3160,"Pheasants, Partridges, Turkeys, Grouse",Pternistis griseostriatus,Grey-striped Spurfowl,LC
22679875,4830,"Ducks, Geese, Swans",Anser fabalis,Bean Goose,LC
22679881,4850,"Ducks, Geese, Swans",Anser albifrons,Greater White-fronted Goose,LC
22680405,4920,"Ducks, Geese, Swans",Somateria mollissima,Common Eider,NT
22680441,4940,"Ducks, Geese, Swans",Melanitta perspicillata,Surf Scoter,LC
22680418,5130,"Ducks, Geese, Swans",Camptorhynchus labradorius,Labrador Duck,EX
22679975,5160,"Ducks, Geese, Swans",Chloephaga picta,Upland Goose,LC
22679978,5170,"Ducks, Geese, Swans",Chloephaga hybrida,Kelp Goose,LC
22680029,5200,"Ducks, Geese, Swans",Radjah radjah,Radjah Shelduck,LC
45953631,5330,"Ducks, Geese, Swans",Sarkidiornis melanotos,Knob-billed Duck,LC
22680111,5410,"Ducks, Geese, Swans",Chenonetta jubata,Maned Duck,LC
22680339,5470,"Ducks, Geese, Swans",Marmaronetta angustirostris,Marbled Duck,NT
22680064,5480,"Ducks, Geese, Swans",Asarcornis scutulata,White-winged Duck,CR
22680351,5500,"Ducks, Geese, Swans",Netta peposaca,Rosy-billed Pochard,LC
22680354,5510,"Ducks, Geese, Swans",Netta erythrophthalma,Southern Pochard,LC
22680358,5520,"Ducks, Geese, Swans",Aythya ferina,Common Pochard,VU
22680391,5610,"Ducks, Geese, Swans",Aythya fuligula,Tufted Duck,LC
22680402,5630,"Ducks, Geese, Swans",Aythya affinis,Lesser Scaup,LC
22680052,5660,"Ducks, Geese, Swans",Tachyeres patachonicus,Flying Steamerduck,LC
22680313,5730,"Ducks, Geese, Swans",Spatula querquedula,Garganey,LC
22680326,5750,"Ducks, Geese, Swans",Spatula puna,Puna Teal,LC
22680243,5790,"Ducks, Geese, Swans",Spatula rhynchotis,Australasian Shoveler,LC
22680247,5800,"Ducks, Geese, Swans",Spatula clypeata,Northern Shoveler,LC
22728303,6060,"Ducks, Geese, Swans",Anas chlorotis,Brown Teal,NT
22680301,6130,"Ducks, Geese, Swans",Anas acuta,Northern Pintail,LC
22680306,6140,"Ducks, Geese, Swans",Anas eatoni,Southern Pintail,LC
22680321,6170,"Ducks, Geese, Swans",Anas crecca,Common Teal,LC
22696602,6420,Grebes,Podiceps cristatus,Great Crested Grebe,LC
22696615,6450,Grebes,Podiceps andinus,Colombian Grebe,EX
22696628,6490,Grebes,Podiceps gallardoi,Hooded Grebe,CR
22696631,6510,Grebes,Aechmophorus occidentalis,Western Grebe,LC
22690942,8110,"Pigeons, Doves",Zentrygon goldmani,Russet-crowned Quail-Dove,NT
22733956,8120,"Pigeons, Doves",Zenaida asiatica,White-winged Dove,LC
22690774,8230,"Pigeons, Doves",Columbina passerina,Common Ground Dove,LC
22690779,8240,"Pigeons, Doves",Columbina minuta,Plain-breasted Ground Dove,LC
22690784,8260,"Pigeons, Doves",Columbina talpacoti,Ruddy Ground Dove,LC
22690829,8330,"Pigeons, Doves",Metriopelia ceciliae,Bare-faced Ground Dove,LC
22690849,8370,"Pigeons, Doves",Uropelia campestris,Long-tailed Ground Dove,LC
22690661,8400,"Pigeons, Doves",Henicophaps albifrons,New Guinea Bronzewing,LC
22690664,8410,"Pigeons, Doves",Henicophaps foersteri,New Britain Bronzewing,VU
22691005,8460,"Pigeons, Doves",Gallicolumba menagei,Sulu Bleeding-heart,CR
22691014,8470,"Pigeons, Doves",Gallicolumba tristigmata,Sulawesi Ground Dove,LC
22691030,8550,"Pigeons, Doves",Pampusana erythroptera,Polynesian Ground Dove,CR
22691071,8590,"Pigeons, Doves",Pampusana canifrons,Palau Ground Dove,EN
22691042,8620,"Pigeons, Doves",Pampusana stairi,Shy Ground Dove,LC
22691052,8630,"Pigeons, Doves",Pampusana ferruginea,Tanna Ground Dove,EX
22690692,8680,"Pigeons, Doves",Geophaps scripta,Squatter Pigeon,LC
22690719,8780,"Pigeons, Doves",Geopelia placida,Peaceful Dove,LC
22690716,8790,"Pigeons, Doves",Geopelia maugeus,Barred Dove,LC
22728031,8830,"Pigeons, Doves",Otidiphaps aruensis,White-naped Pheasant-pigeon,VU
22725258,8850,"Pigeons, Doves",Otidiphaps cervicalis,Grey-naped Pheasant-pigeon,LC
22691865,8890,"Pigeons, Doves",Goura cristata,Western Crowned-pigeon,VU
22734732,8950,"Pigeons, Doves",Caloenas maculata,Liverpool Pigeon,EX
22690059,8960,"Pigeons, Doves",Raphus cucullatus,Dodo,EX
22691890,8980,"Pigeons, Doves",Didunculus strigirostris,Tooth-billed Pigeon,CR
60543526,9130,"Pigeons, Doves",Phapitreron maculipectus,Grey-breasted Brown-dove,NT
22691137,9220,"Pigeons, Doves",Treron vernans,Pink-necked Green-pigeon,LC
22725554,9250,"Pigeons, Doves",Treron affinis,Grey-fronted Green-pigeon,LC
22691165,9310,"Pigeons, Doves",Treron griseicauda,Grey-cheeked Green-pigeon,LC
22691178,9320,"Pigeons, Doves",Treron teysmannii,Sumba Green-pigeon,NT
22691170,9330,"Pigeons, Doves",Treron floris,Flores Green-pigeon,VU
22691203,9360,"Pigeons, Doves",Treron phoenicopterus,Yellow-footed Green-pigeon,LC
22691212,9370,"Pigeons, Doves",Treron waalia,Bruce's Green-pigeon,LC
22728176,9380,"Pigeons, Doves",Treron griveaudi,Comoro Green-pigeon,EN
22691252,9440,"Pigeons, Doves",Treron apicauda,Pin-tailed Green-pigeon,LC
22691257,9450,"Pigeons, Doves",Treron oxyurus,Sumatran Green-pigeon,NT
22691269,9460,"Pigeons, Doves",Treron seimundi,Yellow-vented Green-pigeon,LC
22691283,9480,"Pigeons, Doves",Treron sieboldii,White-bellied Green-pigeon,LC
22691634,9600,"Pigeons, Doves",Ducula carola,Spotted Imperial-pigeon,VU
22725573,9630,"Pigeons, Doves",Ducula oenothorax,Enggano Imperial-pigeon,NT
45447765,9640,"Pigeons, Doves",Ducula perspicillata,Spectacled Imperial-pigeon,LC
22691653,9660,"Pigeons, Doves",Ducula concinna,Blue-tailed Imperial-pigeon,LC
22691658,9670,"Pigeons, Doves",Ducula pacifica,Pacific Imperial-pigeon,LC
22691663,9680,"Pigeons, Doves",Ducula oceanica,Micronesian Imperial-pigeon,VU
22689639,11330,Potoos,Nyctibius aethereus,Long-tailed Potoo,LC
22689646,11350,Potoos,Nyctibius griseus,Common Potoo,LC
22689656,11390,Nightjars,Eurostopodus argus,Spotted Nightjar,LC
22725660,11400,Nightjars,Eurostopodus mystacalis,White-throated Nightjar,LC
22689675,11450,Nightjars,Eurostopodus papuensis,Papuan Nightjar,LC
22689690,11470,Nightjars,Lyncornis macrotis,Great Eared-nightjar,LC
22689685,11480,Nightjars,Lyncornis temminckii,Malay Eared-nightjar,LC
22689701,11510,Nightjars,Chordeiles pusillus,Least Nighthawk,LC
22729172,11550,Nightjars,Chordeiles rupestris,Sand-colored Nighthawk,LC
22689826,11680,Nightjars,Eleothreptus candicans,White-winged Nightjar,VU
22690029,11750,Nightjars,Hydropsalis climacocerca,Ladder-tailed Nightjar,LC
22689823,11770,Nightjars,Hydropsalis cayennensis,White-tailed Nightjar,LC
22689773,11850,Nightjars,Nyctiphrynus ocellatus,Ocellated Poorwill,LC
22689809,11900,Nightjars,Antrostomus noctitherus,Puerto Rican Nightjar,VU
22689801,11920,Nightjars,Antrostomus ridgwayi,Buff-collared Nightjar,LC
22689792,11930,Nightjars,Antrostomus salvini,Tawny-collared Nightjar,LC
22726346,12030,Nightjars,Caprimulgus phalaena,Palau Nightjar,LC
22689906,12080,Nightjars,Caprimulgus mahrattensis,Sykes's Nightjar,LC
22725716,12140,Nightjars,Caprimulgus andamanicus,Andaman Nightjar,LC
22689993,12170,Nightjars,Caprimulgus concretus,Bonaparte's Nightjar,VU
22689997,12180,Nightjars,Caprimulgus pulchellus,Salvadori's Nightjar,LC
22689940,12190,Nightjars,Caprimulgus donaldsoni,Donaldson Smith's Nightjar,LC
22730103,12210,Nightjars,Caprimulgus poliocephalus,Montane Nightjar,LC
22689981,12270,Nightjars,Caprimulgus stellatus,Star-spotted Nightjar,LC
22689559,12510,Owlet-nightjars,Aegotheles savesi,New Caledonian Owlet-nightjar,CR
22728459,12530,Owlet-nightjars,Aegotheles tatei,Starry Owlet-nightjar,LC
22689555,12550,Owlet-nightjars,Aegotheles cristatus,Australian Owlet-nightjar,LC
22686900,12670,Treeswifts,Hemiprocne comata,Whiskered Treeswift,LC
22726352,14230,Hummingbirds,Phaethornis mexicanus,Mexican Hermit,LC
22686946,14260,Hummingbirds,Phaethornis malaris,Great-billed Hermit,LC
22736463,14310,Hummingbirds,Phaethornis aethopygus,Tapajos Hermit,VU
22730147,14350,Hummingbirds,Phaethornis striigularis,Stripe-throated Hermit,LC
22726661,14360,Hummingbirds,Phaethornis griseogularis,Grey-chinned Hermit,LC
22686973,14410,Hummingbirds,Phaethornis augusti,Sooty-capped Hermit,LC
22686949,14430,Hummingbirds,Phaethornis eurynome,Scale-throated Hermit,LC
22687035,14520,Hummingbirds,Doryfera ludovicae,Green-fronted Lancebill,LC
22726824,14540,Hummingbirds,Schistes albogularis,Western Wedge-billed Hummingbird,LC
22687106,14610,Hummingbirds,Colibri delphinae,Brown Violetear,LC
22688119,14630,Hummingbirds,Heliactin bilophus,Horned Sungem,LC
22687160,14710,Hummingbirds,Chrysolampis mosquitus,Ruby-topaz Hummingbird,LC
22687125,14750,Hummingbirds,Anthracothorax prevostii,Green-breasted Mango,LC
22687151,14820,Hummingbirds,Eulampis jugularis,Purple-throated Carib,LC
60860042,14860,Hummingbirds,Heliangelus spencei,Merida Sunangel,LC
22687893,14890,Hummingbirds,Heliangelus exortis,Tourmaline Sunangel,LC
22687901,14920,Hummingbirds,Heliangelus regalis,Royal Sunangel,NT
22687857,14980,Hummingbirds,Sephanoides sephaniodes,Green-backed Firecrown,LC
22687863,14990,Hummingbirds,Sephanoides fernandensis,Juan Fernandez Firecrown,CR
22687196,15080,Hummingbirds,Lophornis brachylophus,Short-crested Coquette,CR
22726682,15120,Hummingbirds,Lophornis chalybeus,Festive Coquette,LC
22687762,15270,Hummingbirds,Oreotrochilus chimborazo,Ecuadorian Hillstar,LC
200250452,15280,Hummingbirds,Oreotrochilus cyanolaemus,Blue-throated Hillstar,CR
22687971,15360,Hummingbirds,Lesbia victoriae,Black-tailed Trainbearer,LC
22688036,15440,Hummingbirds,Chalcostigma herrani,Rainbow-bearded Thornbill,LC
22687342,17070,Hummingbirds,Chlorostilbon gibsoni,Red-billed Emerald,LC
22687321,17080,Hummingbirds,Chlorostilbon lucidus,Glittering-bellied Emerald,LC
22687359,17110,Hummingbirds,Chlorostilbon alice,Green-tailed Emerald,LC
22687310,17130,Hummingbirds,Chlorostilbon assimilis,Garden Emerald,LC
22687428,17180,Hummingbirds,Basilinna leucotis,White-eared Hummingbird,LC
22725761,17260,Hummingbirds,Stephanoxis loddigesii,Purple-crowned Plovercrest,LC
22687069,17350,Hummingbirds,Campylopterus hyperythrus,Rufous-breasted Sabrewing,LC
22687078,17400,Hummingbirds,Campylopterus ensipennis,White-tailed Sabrewing,NT
219586279,17450,Hummingbirds,Chalybura buffonii,White-vented Plumeleteer,LC
22687643,17570,Hummingbirds,Microchera chionura,White-tailed Emerald,LC
22687635,17620,Hummingbirds,Eupherusa cyanophrys,Oaxaca Hummingbird,EN
22687632,17630,Hummingbirds,Eupherusa eximia,Stripe-tailed Hummingbird,LC
22687491,17660,Hummingbirds,Leucippus fallax,Buffy Hummingbird,LC
22687497,17680,Hummingbirds,Thaumasius taczanowskii,Spot-throated Hummingbird,LC
22687577,17790,Hummingbirds,Saucerottia cyanocephala,Azure-crowned Hummingbird,LC
22687599,17820,Hummingbirds,Saucerottia edward,Snowy-bellied Hummingbird,LC
22687593,17870,Hummingbirds,Saucerottia tobaci,Copper-rumped Hummingbird,LC
22733646,18090,Hummingbirds,Chrysuronia humboldtii,Humboldt's Hummingbird,LC
22726714,18160,Hummingbirds,Chionomesa bartletti,Spot-vented Emerald,LC
22687509,18210,Hummingbirds,Elliotomyia chionogaster,White-bellied Hummingbird,LC
22687556,18250,Hummingbirds,Polyerata decora,Charming Hummingbird,LC
22687513,18260,Hummingbirds,Chlorestes candida,White-bellied Emerald,LC
22734038,19970,Cuckoos,Hierococcyx hyperythrus,Northern Hawk-Cuckoo,LC
22734054,19980,Cuckoos,Hierococcyx pectoralis,Philippine Hawk-Cuckoo,LC
22692215,20170,"Rails, Gallinules, Coots",Sarothrura pulchra,White-spotted Flufftail,LC
22692223,20190,"Rails, Gallinules, Coots",Sarothrura rufa,Red-chested Flufftail,LC
22692245,20240,"Rails, Gallinules, Coots",Sarothrura ayresi,White-winged Flufftail,CR
22692288,20310,"Rails, Gallinules, Coots",Rallicula rubra,Chestnut Forest Rail,LC
22692314,20370,"Rails, Gallinules, Coots",Rallina fasciata,Red-legged Crake,LC
22692317,20380,"Rails, Gallinules, Coots",Rallina eurizonoides,Slaty-legged Crake,LC
22692270,20390,"Rails, Gallinules, Coots",Coturnicops exquisitus,Swinhoe's Rail,LC
22692320,20430,"Rails, Gallinules, Coots",Rufirallus castaneiceps,Chestnut-headed Crake,LC
22692349,20490,"Rails, Gallinules, Coots",Laterallus exilis,Grey-breasted Crake,LC
22692358,20510,"Rails, Gallinules, Coots",Laterallus tuerosi,Junin Rail,EN
22692366,20520,"Rails, Gallinules, Coots",Laterallus spilonota,Galapagos Rail,VU
22692374,20540,"Rails, Gallinules, Coots",Laterallus xenopterus,Rufous-faced Crake,VU
22692687,20560,"Rails, Gallinules, Coots",Laterallus spilopterus,Dot-winged Crake,NT
22725167,20700,"Rails, Gallinules, Coots",Rallus indicus,Eastern Water Rail,LC
22692504,20720,"Rails, Gallinules, Coots",Rallus madagascariensis,Madagascar Rail,VU
22692509,20800,"Rails, Gallinules, Coots",Lewinia mirifica,Brown-banded Rail,DD
22692521,20810,"Rails, Gallinules, Coots",Lewinia pectoralis,Lewin's Rail,LC
22692412,20950,"Rails, Gallinules, Coots",Hypotaenidia okinawae,Okinawa Rail,EN
22692421,20970,"Rails, Gallinules, Coots",Hypotaenidia insignis,New Britain Rail,NT
22692425,21070,"Rails, Gallinules, Coots",Hypotaenidia philippensis,Buff-banded Rail,LC
22692450,21080,"Rails, Gallinules, Coots",Hypotaenidia pacifica,Tahiti Rail,EX
22692543,21120,"Rails, Gallinules, Coots",Crex crex,Corncrake,LC
22692690,21370,"Rails, Gallinules, Coots",Porzana albicollis,Ash-throated Crake,LC
22692663,21450,"Rails, Gallinules, Coots",Zapornia parva,Little Crake,LC
22692693,21510,"Rails, Gallinules, Coots",Zapornia sandwichensis,Hawaiian Rail,EX
22728757,21520,"Rails, Gallinules, Coots",Zapornia nigra,Miller's Rail,EX
22692705,21540,"Rails, Gallinules, Coots",Zapornia tabuensis,Spotless Crake,LC
22692640,21600,"Rails, Gallinules, Coots",Amaurornis phoenicurus,White-breasted Waterhen,LC
22698314,23470,Albatrosses,Diomedea epomophora,Southern Royal Albatross,VU
22728318,23490,Albatrosses,Diomedea antipodensis,Antipodean Albatross,EN
22698310,23500,Albatrosses,Diomedea amsterdamensis,Amsterdam Albatross,EN
22698431,23590,Albatrosses,Phoebetria fusca,Sooty Albatross,EN
22698365,23630,Albatrosses,Phoebastria immutabilis,Laysan Albatross,NT
22698398,23670,Albatrosses,Thalassarche chrysostoma,Grey-headed Albatross,EN
22729604,23710,Albatrosses,Thalassarche cauta,Shy Albatross,NT
22729609,23720,Albatrosses,Thalassarche steadi,White-capped Albatross,NT
22697852,23790,"Petrels, Shearwaters",Macronectes giganteus,Southern Giant Petrel,LC
104062546,23870,"Petrels, Shearwaters",Pachyptila salvini,Salvin's Prion,LC
22697970,23960,"Petrels, Shearwaters",Pterodroma leucoptera,White-winged Petrel,VU
22697987,23970,"Petrels, Shearwaters",Pterodroma brevipes,Collared Petrel,VU
22697984,24010,"Petrels, Shearwaters",Pterodroma pycrofti,Pycroft's Petrel,VU
22697954,24030,"Petrels, Shearwaters",Pterodroma nigripennis,Black-winged Petrel,LC
22697949,24040,"Petrels, Shearwaters",Pterodroma axillaris,Chatham Islands Petrel,VU
22698012,24090,"Petrels, Shearwaters",Pterodroma heraldica,Herald Petrel,LC
22698035,24120,"Petrels, Shearwaters",Pterodroma baraui,Barau's Petrel,EN
22736135,24230,"Petrels, Shearwaters",Pterodroma deserta,Desertas Petrel,VU
22698084,24260,"Petrels, Shearwaters",Pterodroma incerta,Atlantic Petrel,EN
22698159,24350,"Petrels, Shearwaters",Procellaria cinerea,Grey Petrel,NT
22728437,24370,"Petrels, Shearwaters",Procellaria conspicillata,Spectacled Petrel,VU
22698182,24420,"Petrels, Shearwaters",Ardenna bulleri,Buller's Shearwater,VU
45061132,24490,"Petrels, Shearwaters",Calonectris diomedea,Scopoli's Shearwater,LC
22732244,24500,"Petrels, Shearwaters",Calonectris borealis,Cory's Shearwater,LC
22733979,24550,"Petrels, Shearwaters",Puffinus subalaris,Galapagos Shearwater,LC
22698252,24570,"Petrels, Shearwaters",Puffinus huttoni,Hutton's Shearwater,EN
22698267,24640,"Petrels, Shearwaters",Puffinus persicus,Persian Shearwater,LC
22696898,26730,Cormorants,Poikilocarbo gaimardi,Red-legged Cormorant,NT
22696802,26950,Cormorants,Phalacrocorax nigrogularis,Socotra Cormorant,VU
22696766,26960,Cormorants,Phalacrocorax neglectus,Bank Cormorant,EN
22696779,26970,Cormorants,Phalacrocorax fuscicollis,Indian Cormorant,LC
22696705,27090,Darters,Anhinga rufa,African Darter,LC
22696719,27110,Darters,Anhinga novaehollandiae,Australasian Darter,LC
45111544,27140,Thick-knees,Burhinus indicus,Indian Thick-knee,LC
22693589,27170,Thick-knees,Burhinus capensis,Spotted Thick-knee,LC
22693644,27300,Oystercatchers,Haematopus palliatus,American Oystercatcher,LC
22693627,27320,Oystercatchers,Haematopus moquini,African Oystercatcher,LC
22693613,27330,Oystercatchers,Haematopus ostralegus,Eurasian Oystercatcher,NT
22727969,27490,"Avocets, Stilts",Himantopus himantopus,Black-winged Stilt,LC
22693735,27590,Plovers,Pluvialis fulva,Pacific Golden Plover,LC
22693906,27630,Plovers,Eudromias morinellus,Eurasian Dotterel,LC
62290750,27650,Plovers,Charadrius obscurus,Southern Red-breasted Plover,CR
22693777,27710,Plovers,Charadrius vociferus,Killdeer,NT
22727487,27800,Plovers,Charadrius alexandrinus,Kentish Plover,LC
22693836,27850,Plovers,Charadrius peronii,Malay Plover,NT
22693814,27860,Plovers,Charadrius pallidus,Chestnut-banded Plover,LC
230026276,27920,Plovers,Charadrius atrifrons,Tibetan Sandplover,LC
22694043,28160,Plovers,Vanellus coronatus,Crowned Lapwing,LC
22694005,28180,Plovers,Vanellus melanocephalus,Spot-breasted Lapwing,LC
22694048,28190,Plovers,Vanellus superciliosus,Brown-chested Lapwing,LC
22693962,28220,Plovers,Vanellus macropterus,Javan Lapwing,CR(PE)
22693967,28230,Plovers,Vanellus tricolor,Banded Lapwing,LC
22725241,28250,Plovers,Vanellus novaehollandiae,Black-shouldered Lapwing,LC
22694078,28290,Plovers,Vanellus resplendens,Andean Lapwing,LC
22693042,28370,Seedsnipes,Thinocorus orbignyianus,Grey-breasted Seedsnipe,LC
22693543,28450,Jacanas,Hydrophasianus chirurgus,Pheasant-tailed Jacana,LC
22694428,30190,"Gulls, Terns, Skimmers",Larus genei,Slender-billed Gull,LC
22694384,30200,"Gulls, Terns, Skimmers",Larus brunnicephalus,Brown-headed Gull,LC
22694303,30360,"Gulls, Terns, Skimmers",Larus hemprichii,Sooty Gull,LC
22694313,30380,"Gulls, Terns, Skimmers",Larus audouinii,Audouin's Gull,VU
22694279,30400,"Gulls, Terns, Skimmers",Larus pacificus,Pacific Gull,LC
22694317,30440,"Gulls, Terns, Skimmers",Larus delawarensis,Ring-billed Gull,LC
22694308,30450,"Gulls, Terns, Skimmers",Larus canus,Mew Gull,LC
22694340,30460,"Gulls, Terns, Skimmers",Larus livens,Yellow-footed Gull,LC
22694362,30570,"Gulls, Terns, Skimmers",Larus schistisagus,Slaty-backed Gull,LC
22694324,30600,"Gulls, Terns, Skimmers",Larus marinus,Great Black-backed Gull,LC
22694716,30780,"Gulls, Terns, Skimmers",Onychoprion aleuticus,Aleutian Tern,VU
22694666,30830,"Gulls, Terns, Skimmers",Sternula saundersi,Saunders's Tern,LC
22694673,30840,"Gulls, Terns, Skimmers",Sternula antillarum,Least Tern,LC
22694679,30850,"Gulls, Terns, Skimmers",Sternula superciliaris,Yellow-billed Tern,LC
22694699,30880,"Gulls, Terns, Skimmers",Sternula balaenarum,Damara Tern,LC
22694791,30890,"Gulls, Terns, Skimmers",Phaetusa simplex,Large-billed Tern,LC
62026481,30900,"Gulls, Terns, Skimmers",Gelochelidon nilotica,Common Gull-billed Tern,LC
62026537,30910,"Gulls, Terns, Skimmers",Gelochelidon macrotarsa,Australian Gull-billed Tern,LC
22694524,30920,"Gulls, Terns, Skimmers",Hydroprogne caspia,Caspian Tern,LC
22694834,30930,"Gulls, Terns, Skimmers",Larosterna inca,Inca Tern,NT
22694750,30940,"Gulls, Terns, Skimmers",Chlidonias albostriatus,Black-fronted Tern,EN
22694782,30960,"Gulls, Terns, Skimmers",Chlidonias leucopterus,White-winged Tern,LC
22694607,31000,"Gulls, Terns, Skimmers",Sterna striata,White-fronted Tern,NT
22694705,31040,"Gulls, Terns, Skimmers",Sterna repressa,White-cheeked Tern,LC
22694251,31180,Skuas,Stercorarius longicaudus,Long-tailed Jaeger,LC
62289571,31230,Skuas,Catharacta antarctica,Brown Skua,LC
22694210,31240,Skuas,Catharacta chilensis,Chilean Skua,LC
22694924,31280,Auks,Cerorhinca monocerata,Rhinoceros Auklet,LC
22694875,31390,Auks,Brachyramphus brevirostris,Kittlitz's Murrelet,NT
22694864,31420,Auks,Cepphus columba,Pigeon Guillemot,LC
62101215,31470,Auks,Synthliboramphus hypoleucus,Guadalupe Murrelet,EN
22694856,31510,Auks,Pinguinus impennis,Great Auk,EX
22694847,31530,Auks,Uria lomvia,Thick-billed Murre,LC
22727641,31550,Barn-owls,Phodilus badius,Oriental Bay-owl,LC
22688441,31660,Barn-owls,Tyto inexspectata,Minahasa Masked-owl,LC
219587216,33420,Typical Owls,Otus manadensis,Sulawesi Scops-owl,LC
62290488,33430,Typical Owls,Otus mendeni,Banggai Scops-owl,NT
22689535,33810,Typical Owls,Asio capensis,Marsh Owl,LC
22689501,33830,Typical Owls,Pseudoscops grammicus,Jamaican Owl,LC
22688637,33850,Typical Owls,Psiloscops flammeolus,Flammulated Owl,LC
22688747,33860,Typical Owls,Megascops kennicottii,Western Screech-owl,LC
22688790,33920,Typical Owls,Megascops roboratus,Peruvian Screech-owl,LC
22688840,33970,Typical Owls,Megascops petersoni,Cinnamon Screech-owl,LC
61767847,34000,Typical Owls,Megascops guatemalae,Guatemalan Screech-owl,LC
22733712,34020,Typical Owls,Megascops hoyi,Yungas Screech-owl,LC
22731897,34030,Typical Owls,Megascops atricapilla,Black-capped Screech-owl,LC
22688903,34050,Typical Owls,Megascops albogularis,White-throated Screech-owl,LC
22688891,34120,Typical Owls,Gymnasio nudipes,Puerto Rican Owl,LC
22688883,34130,Typical Owls,Margarobyas lawrencii,Bare-legged Owl,LC
22689061,34170,Typical Owls,Strix seloputo,Spotted Wood-owl,LC
22689100,34270,Typical Owls,Strix hylophila,Rusty-barred Owl,LC
22733306,34280,Typical Owls,Strix chacoensis,Chaco Owl,NT
22689166,34320,Typical Owls,Strix woodfordii,African Wood-owl,LC
22689173,34370,Typical Owls,Jubula lettii,Maned Owl,LC
22688938,34430,Typical Owls,Bubo ascalaphus,Pharaoh Eagle-owl,LC
22688980,34510,Typical Owls,Bubo shelleyi,Shelley's Eagle-owl,VU
22689007,34570,Typical Owls,Bubo blakistoni,Blakiston's Eagle-owl,VU
22689024,34660,Typical Owls,Ketupa ketupu,Buffy Fish-owl,LC
22689038,34680,Typical Owls,Scotopelia ussheri,Rufous Fishing-owl,VU
22697630,34750,New World vultures,Cathartes burrovianus,Lesser Yellow-headed Vulture,LC
22694938,34830,Osprey,Pandion haliaetus,Osprey,LC
22695033,34880,Kites,Elanus axillaris,Black-shouldered Kite,LC
22695028,34910,Kites,Elanus caeruleus,Black-winged Kite,LC
22695017,35100,"Hawks, Eagles",Elanoides forficatus,Swallow-tailed Kite,LC
22694995,35120,"Hawks, Eagles",Pernis ptilorhynchus,Oriental Honey-buzzard,LC
22695669,36790,"Hawks, Eagles",Accipiter bicolor,Bicolored Hawk,LC
22695710,37010,"Hawks, Eagles",Urotriorchis macrourus,Long-tailed Hawk,LC
22695105,37030,"Hawks, Eagles",Haliaeetus sanfordi,Sanford's Sea-eagle,VU
22695115,37040,"Hawks, Eagles",Haliaeetus vocifer,African Fish-eagle,LC
22695091,37120,"Hawks, Eagles",Haliastur sphenurus,Whistling Kite,LC
181568721,37150,"Hawks, Eagles",Milvus migrans,Black Kite,LC
22695718,37240,"Hawks, Eagles",Butastur teesa,White-eyed Buzzard,LC
22695726,37260,"Hawks, Eagles",Butastur indicus,Grey-faced Buzzard,LC
22695838,37320,"Hawks, Eagles",Parabuteo unicinctus,Harris's Hawk,LC
22695745,37350,"Hawks, Eagles",Buteogallus schistaceus,Slate-colored Hawk,LC
22735514,37360,"Hawks, Eagles",Buteogallus anthracinus,Common Black Hawk,LC
22735287,37370,"Hawks, Eagles",Buteogallus gundlachii,Cuban Black Hawk,NT
22695763,37400,"Hawks, Eagles",Buteogallus lacernulatus,White-necked Hawk,NT
22695906,37470,"Hawks, Eagles",Geranoaetus albicaudatus,White-tailed Hawk,LC
22695789,37510,"Hawks, Eagles",Pseudastur occidentalis,Grey-backed Hawk,VU
22695795,37520,"Hawks, Eagles",Pseudastur polionotus,Mantled Hawk,NT
22695760,37550,"Hawks, Eagles",Leucopternis kuhli,White-browed Hawk,LC
22727773,37570,"Hawks, Eagles",Buteo plagiatus,Grey Hawk,LC
22695883,37600,"Hawks, Eagles",Buteo lineatus,Red-shouldered Hawk,LC
22695897,37640,"Hawks, Eagles",Buteo brachyurus,Short-tailed Hawk,LC
22695909,37660,"Hawks, Eagles",Buteo galapagoensis,Galapagos Hawk,VU
22732232,37760,"Hawks, Eagles",Buteo japonicus,Japanese Buzzard,LC
22734099,37770,"Hawks, Eagles",Buteo refectus,Himalayan Buzzard,LC
22736562,37810,"Hawks, Eagles",Buteo rufinus,Long-legged Buzzard,LC
22683784,37860,Mousebirds,Colius castanotus,Red-backed Mousebird,LC
22683796,37890,Mousebirds,Urocolius indicus,Red-faced Mousebird,LC
22730186,37980,Trogons,Apalharpactes mackloti,Sumatran Trogon,LC
22682845,38000,Trogons,Harpactes orrhophaeus,Cinnamon-rumped Trogon,VU
22682830,38020,Trogons,Harpactes fasciatus,Malabar Trogon,LC
22682857,38050,Trogons,Harpactes wardi,Ward's Trogon,LC
22682735,38120,Trogons,Pharomachrus fulgidus,White-tipped Quetzal,LC
22682744,38150,Trogons,Euptilotis neoxenus,Eared Quetzal,LC
22682751,38170,Trogons,Temnotrogon roseigaster,Hispaniolan Trogon,LC
22682771,38200,Trogons,Trogon comptus,Choco Trogon,LC
22736256,38210,Trogons,Trogon mesurus,Ecuadorian Trogon,LC
61688072,38300,Trogons,Trogon aurantius,Northern Surucua Trogon,LC
22680697,44400,Woodpeckers,Picumnus aurifrons,Bar-breasted Piculet,LC
22680700,44410,Woodpeckers,Picumnus pumilus,Orinoco Piculet,LC
22680706,44420,Woodpeckers,Picumnus lafresnayi,Lafresnaye's Piculet,LC
22680717,44450,Woodpeckers,Picumnus sclateri,Ecuadorian Piculet,LC
22680723,44470,Woodpeckers,Picumnus spilogaster,White-bellied Piculet,LC
22680750,44540,Woodpeckers,Picumnus temminckii,Ochre-collared Piculet,LC
22680714,44560,Woodpeckers,Picumnus fuscus,Rusty-necked Piculet,LC
232769053,44580,Woodpeckers,Picumnus limae,Ochraceous Piculet,LC
22680777,44630,Woodpeckers,Picumnus granadensis,Greyish Piculet,LC
22681572,44720,Woodpeckers,Hemicircus canente,Heart-spotted Woodpecker,LC
22726548,44900,Woodpeckers,Chrysocolaptes guttacristatus,Greater Flameback,LC
61517196,45020,Woodpeckers,Dinopium benghalense,Black-rumped Flameback,LC
61517218,45030,Woodpeckers,Dinopium psarodes,Lesser Sri Lanka Flameback,LC
22727206,45100,Woodpeckers,Meiglyptes grammithorax,Buff-rumped Woodpecker,LC
22727198,45110,Woodpeckers,Meiglyptes tristis,White-rumped Woodpecker,EN
22680883,45200,Woodpeckers,Campethera punctuligera,Fine-spotted Woodpecker,LC
22680914,45280,Woodpeckers,Campethera maculosa,Little Green Woodpecker,LC
22725022,45460,Woodpeckers,Picus viridis,Eurasian Green Woodpecker,LC
22681237,45550,Woodpeckers,Piculus leucolaemus,White-throated Woodpecker,LC
22681234,45560,Woodpeckers,Piculus litae,Lita Woodpecker,LC
22681240,45570,Woodpeckers,Piculus flavigula,Yellow-throated Woodpecker,LC
22681243,45580,Woodpeckers,Piculus chrysochloros,Golden-green Woodpecker,LC
22726398,45690,Woodpeckers,Colaptes atriceps,Black-crowned Woodpecker,LC
22726434,45700,Woodpeckers,Colaptes cinereicapillus,Northern Andean Flicker,LC
22726426,45710,Woodpeckers,Colaptes rupicola,Southern Andean Flicker,LC
22681297,45720,Woodpeckers,Colaptes pitius,Chilean Flicker,LC
22726441,45730,Woodpeckers,Colaptes campestris,Campo Flicker,LC
22681250,45760,Woodpeckers,Colaptes auricularis,Grey-crowned Woodpecker,LC
22681269,45790,Woodpeckers,Colaptes atricollis,Black-necked Woodpecker,LC
22681344,45880,Woodpeckers,Celeus flavus,Cream-colored Woodpecker,LC
22726489,46060,Woodpeckers,Hylatomus lineatus,Lineated Woodpecker,LC
22726497,46070,Woodpeckers,Hylatomus fuscipennis,Dusky-winged Woodpecker,LC
22681373,46080,Woodpeckers,Hylatomus schulzii,Black-bodied Woodpecker,NT
22681575,46090,Woodpeckers,Mulleripicus fulvus,Ashy Woodpecker,LC
22681379,46150,Woodpeckers,Dryocopus hodgei,Andaman Woodpecker,VU
22680828,46320,Woodpeckers,Melanerpes flavifrons,Yellow-fronted Woodpecker,LC
22733737,46340,Woodpeckers,Melanerpes pulcher,Beautiful Woodpecker,LC
22680816,46350,Woodpeckers,Melanerpes pucherani,Black-cheeked Woodpecker,LC
22680834,46370,Woodpeckers,Melanerpes striatus,Hispaniolan Woodpecker,LC
22680837,46380,Woodpeckers,Melanerpes radiolatus,Jamaican Woodpecker,LC
22680850,46410,Woodpeckers,Melanerpes rubricapillus,Red-crowned Woodpecker,LC
22680856,46460,Woodpeckers,Melanerpes carolinus,Red-bellied Woodpecker,LC
22727137,46490,Woodpeckers,Picoides tridactylus,Three-toed Woodpecker,LC
22681064,46580,Woodpeckers,Picoides moluccensis,Sunda Pygmy Woodpecker,LC
22680959,46650,Woodpeckers,Dendropicos abyssinicus,Abyssinian Woodpecker,LC
22730264,46680,Woodpeckers,Dendropicos gabonensis,Gabon Woodpecker,LC
22680982,46700,Woodpeckers,Dendropicos namaquus,Bearded Woodpecker,LC
61553308,46840,Woodpeckers,Dryobates cathpharius,Scarlet-breasted Woodpecker,LC
22681161,46910,Woodpeckers,Leuconotopicus stricklandi,Strickland's Woodpecker,LC
22681212,46950,Woodpeckers,Veniliornis kirkii,Red-rumped Woodpecker,LC
22681139,46990,Woodpeckers,Veniliornis lignarius,Striped Woodpecker,LC
22681187,47040,Woodpeckers,Veniliornis dignus,Yellow-vented Woodpecker,LC
22681190,47050,Woodpeckers,Veniliornis nigriceps,Bar-bellied Woodpecker,LC
22681136,47210,Woodpeckers,Dendrocopos himalayensis,Himalayan Woodpecker,LC
22692205,47260,Seriemas,Cariama cristata,Red-legged Seriema,LC
22696267,47280,"Falcons, Caracaras",Herpetotheres cachinnans,Laughing Falcon,LC
22733700,47320,"Falcons, Caracaras",Micrastur mintoni,Cryptic Forest-falcon,NT
22696264,47420,"Falcons, Caracaras",Phalcoboenus chimango,Chimango Caracara,LC
22696238,47430,"Falcons, Caracaras",Phalcoboenus carunculatus,Carunculated Caracara,LC
22696241,47440,"Falcons, Caracaras",Phalcoboenus megalopterus,Mountain Caracara,LC
22696244,47450,"Falcons, Caracaras",Phalcoboenus albogularis,White-throated Caracara,LC
22696226,47480,"Falcons, Caracaras",Daptrius ater,Black Caracara,LC
22728296,49040,Parrots,Amazona lilacina,Lilacine Amazon,CR
22731595,49050,Parrots,Amazona diadema,Diademed Amazon,LC
22686226,49070,Parrots,Amazona xantholora,Yellow-lored Amazon,LC
22686282,49080,Parrots,Amazona dufresniana,Blue-cheeked Amazon,NT
22686288,49090,Parrots,Amazona rhodocorytha,Red-browed Amazon,VU
22686387,49120,Parrots,Amazona versicolor,Saint Lucia Amazon,VU
22686342,49140,Parrots,Amazona auropalliata,Yellow-naped Amazon,CR
22686332,49170,Parrots,Amazona aestiva,Turquoise-fronted Amazon,NT
22686363,49210,Parrots,Amazona kawalli,White-faced Amazon,LC
22685926,49320,Parrots,Forpus passerinus,Green-rumped Parrotlet,LC
22686416,49440,Parrots,Deroptyus accipitrinus,Red-fan Parrot,LC
22685783,49450,Parrots,Pyrrhura cruentata,Ochre-marked Parakeet,VU
22685793,49470,Parrots,Pyrrhura frontalis,Maroon-bellied Parakeet,LC
22685797,49480,Parrots,Pyrrhura lepida,Pearly Parakeet,VU
45421208,49540,Parrots,Pyrrhura leucotis,White-eared Parakeet,VU
45422369,49600,Parrots,Pyrrhura snethlageae,Madeira Parakeet,LC
45426696,49670,Parrots,Pyrrhura pacifica,Choco Parakeet,LC
155070695,49690,Parrots,Pyrrhura melanura,Maroon-tailed Parakeet,LC
22685885,49760,Parrots,Pyrrhura hoffmanni,Sulphur-winged Parakeet,LC
22685516,49870,Parrots,Anodorhynchus hyacinthinus,Hyacinth Macaw,VU
22685772,49910,Parrots,Rhynchopsitta terrisi,Maroon-fronted Parrot,EN
45418540,49930,Parrots,Eupsittula nana,Jamaican Parakeet,NT
22685739,49940,Parrots,Eupsittula canicularis,Orange-fronted Parakeet,VU
22685732,49990,Parrots,Aratinga weddellii,Dusky-headed Parakeet,LC
62233372,50010,Parrots,Aratinga solstitialis,Sun Parakeet,EN
22685542,50140,Parrots,Ara glaucogularis,Blue-throated Macaw,CR
22685577,50210,Parrots,Ara severus,Chestnut-fronted Macaw,LC
22685755,50290,Parrots,Leptosittaca branickii,Golden-plumed Parakeet,LC
62296899,50360,Parrots,Psittacara holochlorus,Green Parakeet,LC
62293270,50390,Parrots,Psittacara frontatus,Cordilleran Parakeet,NT
22685672,50410,Parrots,Psittacara erythrogenys,Red-masked Parakeet,NT
62292583,50570,Parrots,Coracopsis sibilans,Comoro Parrot,NT
22685135,50600,Parrots,Northiella haematogaster,Bluebonnet,LC
22685410,52070,Parrots,Loriculus tener,Bismarck Hanging-parrot,LC
22685422,52090,Parrots,Loriculus pusillus,Yellow-throated Hanging-parrot,NT
22685428,52100,Parrots,Loriculus flosculus,Flores Hanging-parrot,VU
22685346,52200,Parrots,Agapornis fischeri,Fischer's Lovebird,NT
22685001,52320,Parrots,Prioniturus mada,Buru Racquet-tail,LC
22684960,52340,Parrots,Prioniturus waterstradti,Mindanao Racquet-tail,NT
45419296,52510,Parrots,Geoffroyus heteroclitus,Song Parrot,LC
45419311,52520,Parrots,Geoffroyus hyacinthinus,Rennell Parrot,LC
22685016,52580,Parrots,Tanygnathus gramineus,Black-lored Parrot,VU
22727609,52610,Parrots,Psittinus abbotti,Simeulue Parrot,NT
22685500,52680,Parrots,Psittacula derbiana,Lord Derby's Parakeet,LC
22685508,52690,Parrots,Psittacula caniceps,Nicobar Parakeet,NT
22685441,52720,Parrots,Alexandrinus krameri,Rose-ringed Parakeet,LC
22685465,52740,Parrots,Alexandrinus exsul,Rodrigues Parakeet,EX
22685489,52770,Parrots,Nicopsitta columboides,Malabar Parakeet,LC
22728847,52800,Parrots,Lophopsittacus mauritianus,Broad-billed Parrot,EX
22698671,53290,Pittas,Pitta angolensis,African Pitta,LC
22698681,53300,Pittas,Pitta brachyura,Indian Pitta,LC
103656903,53370,Pittas,Pitta sordida,Western Hooded Pitta,LC
103656907,53380,Pittas,Pitta novaeguineae,Eastern Hooded Pitta,LC
22698700,53410,Pittas,Pitta versicolor,Noisy Pitta,LC
22698777,53560,Asities,Neodrepanis hypoxantha,Yellow-bellied Sunbird-asity,VU
103656920,53600,Typical Broadbills,Cymbirhynchus macrorhynchos,Black-and-red Broadbill,LC
103656929,53630,Typical Broadbills,Serilophus lunatus,Silver-breasted Broadbill,LC
22698711,53750,African and green broadbills,Smithornis sharpei,Grey-headed Broadbill,LC
22698715,53760,African and green broadbills,Smithornis rufolateralis,Rufous-sided Broadbill,LC
22698750,53770,African and green broadbills,Calyptomena viridis,Green Broadbill,NT
22701355,53890,Typical Antbirds,Neoctantes niger,Black Bushbird,LC
103657355,53930,Typical Antbirds,Epinecrophylla haematonota,Rufous-backed Stipplethroat,LC
22701358,54020,Typical Antbirds,Clytoctantes alixii,Recurve-billed Bushbird,EN
103657300,54060,Typical Antbirds,Formicivora grisea,Southern White-fringed Antwren,LC
22735914,54110,Typical Antbirds,Formicivora grantsaui,Sincora Antwren,VU
22701436,54210,Typical Antbirds,Myrmotherula sclateri,Sclater's Antwren,LC
22724407,54380,Typical Antbirds,Myrmotherula snowi,Alagoas Antwren,CR
22701540,54410,Typical Antbirds,Myrmotherula assimilis,Leaden Antwren,LC
22701352,54600,Typical Antbirds,Megastictus margaritatus,Pearly Antshrike,LC
22701378,54620,Typical Antbirds,Dysithamnus mentalis,Plain Antvireo,LC
22701381,54630,Typical Antbirds,Dysithamnus striaticeps,Streak-crowned Antvireo,NT
22701397,54680,Typical Antbirds,Dysithamnus plumbeus,Plumbeous Antvireo,VU
22729474,54700,Typical Antbirds,Herpsilochmus pileatus,Bahia Antwren,NT
103657630,54720,Typical Antbirds,Herpsilochmus praedictus,Predicted Antwren,LC
22701552,54740,Typical Antbirds,Herpsilochmus motacilloides,Creamy-bellied Antwren,LC
22701580,54830,Typical Antbirds,Herpsilochmus longirostris,Large-billed Antwren,LC
103657707,54850,Typical Antbirds,Herpsilochmus scapularis,Northern Rufous-winged Antwren,LC
103657703,54860,Typical Antbirds,Herpsilochmus rufimarginatus,Southern Rufous-winged Antwren,LC
22701251,54920,Typical Antbirds,Taraba major,Great Antshrike,LC
22701229,54930,Typical Antbirds,Hypoedaleus guttatus,Spot-backed Antshrike,LC
22701235,54960,Typical Antbirds,Mackenziaena severa,Tufted Antshrike,LC
22701269,55030,Typical Antbirds,Sakesphorus luctuosus,Glossy Antshrike,LC
103657725,55070,Typical Antbirds,Thamnophilus subfasciatus,Northern Rufous-capped Antshrike,LC
22733844,55120,Typical Antbirds,Thamnophilus palliatus,Chestnut-backed Antshrike,LC
103660209,56610,Typical Antbirds,Myrmornis torquata,Southern Wing-banded Antbird,LC
22724765,56620,Typical Antbirds,Myrmornis stictoptera,Northern Wing-banded Antbird,LC
103660237,56650,Typical Antbirds,Thamnistes anabatinus,Western Russet Antshrike,LC
103660322,56680,Gnateaters,Conopophaga aurita,Chestnut-belted Gnateater,LC
22703403,56730,Gnateaters,Conopophaga roberti,Hooded Gnateater,LC
22703234,56810,Gnateaters,Pittasoma rufopileatum,Rufous-crowned Pittasoma,LC
22703252,56910,Antpittas,Grallaria alleni,Moustached Antpitta,VU
22703259,56940,Antpittas,Grallaria haplonota,Plain-backed Antpitta,LC
22703262,56950,Antpittas,Grallaria dignissima,Ochre-striped Antpitta,LC
22724628,57040,Antpittas,Grallaria ridgelyi,Jocotoco Antpitta,EN
22703311,57100,Antpittas,Grallaria przewalskii,Rusty-tinged Antpitta,LC
22703317,57120,Antpittas,Grallaria erythroleuca,Red-and-white Antpitta,LC
103660400,57130,Antpittas,Grallaria saltuensis,Perija Antpitta,NT
103660431,57180,Antpittas,Grallaria atuensis,Atuen Antpitta,LC
22736345,57190,Antpittas,Grallaria fenwickorum,Urrao Antpitta,CR
22703330,57210,Antpittas,Grallaria erythrotis,Rufous-faced Antpitta,LC
22703343,57300,Antpittas,Myrmothera fulviventris,White-lored Antpitta,LC
22729072,57320,Antpittas,Myrmothera dives,Thicket Antpitta,LC
22703378,57380,Antpittas,Grallaricula loricata,Scallop-breasted Antpitta,NT
22703392,57390,Antpittas,Grallaricula cucullata,Hooded Antpitta,NT
22703381,57400,Antpittas,Grallaricula peruviana,Peruvian Antpitta,NT
22703384,57410,Antpittas,Grallaricula ochraceifrons,Ochre-fronted Antpitta,VU
22703437,57540,Tapaculos,Scelorchilus rubecula,Chucao Tapaculo,LC
22703446,57550,Tapaculos,Liosceles thoracicus,Rusty-belted Tapaculo,LC
22703483,57640,Tapaculos,Myornis senilis,Ash-colored Tapaculo,LC
22730438,57670,Tapaculos,Scytalopus latrans,Blackish Tapaculo,LC
103660951,57680,Tapaculos,Scytalopus gettyae,Junin Tapaculo,NT
22734687,57740,Tapaculos,Scytalopus pachecoi,Planalto Tapaculo,LC
22733272,57800,Tapaculos,Scytalopus micropterus,Long-tailed Tapaculo,LC
22734661,57870,Tapaculos,Scytalopus rodriguezi,Magdalena Tapaculo,EN
22733261,57990,Tapaculos,Scytalopus altirostris,Neblina Tapaculo,LC
22733286,58010,Tapaculos,Scytalopus urubambae,Vilcabamba Tapaculo,LC
22729298,58020,Tapaculos,Scytalopus simonsi,Puna Tapaculo,LC
22729275,58040,Tapaculos,Scytalopus acutirostris,Tschudi's Tapaculo,LC
22729286,58060,Tapaculos,Scytalopus fuscus,Dusky Tapaculo,LC
22736477,58080,Tapaculos,Scytalopus canus,Paramillo Tapaculo,NT
22703206,58220,Ground-antbirds,Formicarius nigricapillus,Black-headed Antthrush,LC
22703215,58260,Ground-antbirds,Chamaeza nobilis,Striated Antthrush,LC
103661252,58360,Ovenbirds,Sclerurus scansor,Rufous-breasted Leaftosser,LC
103661256,58370,Ovenbirds,Sclerurus cearensis,Ceara Leaftosser,VU
22701991,58420,Ovenbirds,Geositta punensis,Puna Miner,LC
22701974,58430,Ovenbirds,Geositta poeciloptera,Campo Miner,VU
22702006,58440,Ovenbirds,Geositta crassirostris,Thick-billed Miner,LC
22701994,58480,Ovenbirds,Geositta saxicolina,Dark-winged Miner,LC
103661274,58560,Ovenbirds,Sittasomus griseicapillus,Eastern Olivaceous Woodcreeper,LC
22703049,58670,Ovenbirds,Nasica longirostris,Long-billed Woodcreeper,LC
22703058,58780,Ovenbirds,Hylexetastes perrotii,Red-billed Woodcreeper,LC
22703068,58840,Ovenbirds,Xiphocolaptes albicollis,White-throated Woodcreeper,LC
22703063,58850,Ovenbirds,Xiphocolaptes promeropirhynchus,Strong-billed Woodcreeper,LC
22703076,58870,Ovenbirds,Xiphocolaptes major,Great Rufous Woodcreeper,LC
22703112,58900,Ovenbirds,Xiphorhynchus obsoletus,Striped Woodcreeper,LC
103669772,58920,Ovenbirds,Xiphorhynchus fuscus,Lesser Woodcreeper,LC
103669951,58950,Ovenbirds,Xiphorhynchus beauperthuysii,Line-crowned Woodcreeper,LC
103670009,58960,Ovenbirds,Xiphorhynchus chunchotambo,Tschudi's Woodcreeper,LC
22703121,58970,Ovenbirds,Xiphorhynchus elegans,Elegant Woodcreeper,LC
103670131,59010,Ovenbirds,Xiphorhynchus guttatoides,Lafresnaye's Woodcreeper,LC
103670271,59040,Ovenbirds,Xiphorhynchus erythropygius,Northern Spotted Woodcreeper,LC
22703191,59170,Ovenbirds,Campylorhamphus pusillus,Brown-billed Scythebill,LC
103670340,59200,Ovenbirds,Campylorhamphus probatus,Tapajos Scythebill,LC
103670637,59280,Ovenbirds,Lepidocolaptes fuscicapillus,Dusky-capped Woodcreeper,LC
22702295,62260,Ovenbirds,Synallaxis courseni,Apurimac Spinetail,NT
22701188,62330,Manakins,Neopelma aurifrons,Wied's Tyrant-manakin,NT
22701178,62350,Manakins,Neopelma sulphureiventer,Sulphur-bellied Tyrant-manakin,LC
22701161,62420,Manakins,Heterocercus flavivertex,Yellow-crested Manakin,LC
22701106,62450,Manakins,Manacus aurantiacus,Orange-collared Manakin,LC
22701112,62470,Manakins,Manacus manacus,White-bearded Manakin,LC
22701115,62540,Manakins,Machaeropterus pyrocephalus,Fiery-capped Manakin,LC
155190014,62550,Manakins,Machaeropterus eckelberryi,Painted Manakin,LC
103676467,62630,Manakins,Cryptopipo litae,Choco Manakin,LC
103676429,62640,Manakins,Cryptopipo holochlora,Green Manakin,LC
22701062,62750,Manakins,Lepidothrix coeruleocapilla,Cerulean-capped Manakin,LC
22728410,62820,Manakins,Antilophia bokermanni,Araripe Manakin,CR
22701077,62860,Manakins,Chiroxiphia pareola,Blue-backed Manakin,LC
22700803,62900,Cotingas,Pipreola chlorolepidota,Fiery-throated Fruiteater,LC
22700794,62960,Cotingas,Pipreola jucunda,Orange-breasted Fruiteater,LC
22700782,63010,Cotingas,Pipreola riefferii,Green-and-black Fruiteater,LC
22700831,63030,Cotingas,Snowornis subalaris,Grey-tailed Piha,LC
22700974,63070,Cotingas,Rupicola peruvianus,Andean Cock-of-the-rock,LC
22729326,63180,Cotingas,Doliornis sclateri,Bay-vented Cotinga,NT
22700753,63200,Cotingas,Ampelion rubrocristatus,Red-crested Cotinga,LC
22700718,63310,Cotingas,Lipaugus ater,Black-and-gold Cotinga,LC
22700856,63350,Cotingas,Lipaugus vociferans,Screaming Piha,LC
22700847,63380,Cotingas,Lipaugus uropygialis,Scimitar-winged Piha,VU
22700957,63390,Cotingas,Procnias albus,White Bellbird,LC
22700946,63400,Cotingas,Procnias tricarunculatus,Three-wattled Bellbird,VU
22700968,63410,Cotingas,Procnias nudicollis,Bare-throated Bellbird,NT
22700886,63480,Cotingas,Cotinga maculata,Banded Cotinga,CR
22700907,63570,Cotingas,Carpodectes antoniae,Yellow-billed Cotinga,NT
22699659,63630,Tityras and allies,Onychorhynchus swainsoni,Atlantic Royal Flycatcher,VU
22698922,65150,Tyrant-flycatchers,Hemitriccus nidipendulus,Hangnest Tody-tyrant,LC
22698937,65170,Tyrant-flycatchers,Hemitriccus inornatus,Pelzeln's Tody-tyrant,LC
22698949,65200,Tyrant-flycatchers,Hemitriccus cinnamomeipectus,Cinnamon-breasted Tody-tyrant,LC
22698834,65260,Tyrant-flycatchers,Poecilotriccus ruficeps,Rufous-crowned Tody-flycatcher,LC
22699000,65330,Tyrant-flycatchers,Poecilotriccus fumifrons,Smoky-fronted Tody-flycatcher,LC
22699035,65420,Tyrant-flycatchers,Todirostrum nigriceps,Black-headed Tody-flycatcher,LC
22699680,65480,Tyrant-flycatchers,Nephelomyias pulcher,Handsome Flycatcher,LC
22699730,65510,Tyrant-flycatchers,Pyrrhomyias cinnamomeus,Cinnamon Flycatcher,LC
22699743,65520,Tyrant-flycatchers,Hirundinea bellicosa,Swallow Flycatcher,LC
22699135,65550,Tyrant-flycatchers,Zimmerius cinereicapilla,Red-billed Tyrannulet,LC
104009008,65600,Tyrant-flycatchers,Zimmerius petersi,Venezuelan Tyrannulet,LC
22735786,65630,Tyrant-flycatchers,Zimmerius albigularis,Choco Tyrannulet,LC
103681074,65820,Tyrant-flycatchers,Euscarthmus fulviceps,Tawny-fronted Pygmy-tyrant,LC
22699177,65880,Tyrant-flycatchers,Camptostoma imberbe,Northern Beardless Tyrannulet,LC
22699182,65890,Tyrant-flycatchers,Camptostoma obsoletum,Southern Beardless Tyrannulet,LC
22699289,65910,Tyrant-flycatchers,Elaenia cristata,Plain-crested Elaenia,LC
22699283,65920,Tyrant-flycatchers,Elaenia gigas,Mottle-backed Elaenia,LC
22699304,65930,Tyrant-flycatchers,Elaenia dayi,Great Elaenia,LC
103681177,65950,Tyrant-flycatchers,Elaenia obscura,Highland Elaenia,LC
22699274,65980,Tyrant-flycatchers,Elaenia parvirostris,Small-billed Elaenia,LC
22699265,66000,Tyrant-flycatchers,Elaenia spectabilis,Large Elaenia,LC
22699271,66070,Tyrant-flycatchers,Elaenia albiceps,White-crested Elaenia,LC
103681452,66110,Tyrant-flycatchers,Elaenia fallax,Large Jamaican Elaenia,LC
22699227,66160,Tyrant-flycatchers,Tyrannulus elatus,Yellow-crowned Tyrannulet,LC
22729451,66200,Tyrant-flycatchers,Myiopagis olallai,Foothill Elaenia,LC
22699230,66210,Tyrant-flycatchers,Myiopagis gaimardii,Forest Elaenia,LC
22699239,66220,Tyrant-flycatchers,Myiopagis subplacens,Pacific Elaenia,LC
22699086,66360,Tyrant-flycatchers,Phyllomyias reiseri,Reiser's Tyrannulet,LC
22699110,66410,Tyrant-flycatchers,Phyllomyias plumbeiceps,Plumbeous-crowned Tyrannulet,LC
22699191,66510,Tyrant-flycatchers,Nesotriccus ridgwayi,Cocos Tyrannulet,VU
22699316,66530,Tyrant-flycatchers,Mecocerculus poecilocercus,White-tailed Tyrannulet,LC
22699313,66560,Tyrant-flycatchers,Mecocerculus leucophrys,White-throated Tyrannulet,LC
22699773,68310,Tyrant-flycatchers,Xenotriccus callizonus,Belted Flycatcher,LC
22699776,68320,Tyrant-flycatchers,Xenotriccus mexicanus,Pileated Flycatcher,LC
22700334,68340,Tyrant-flycatchers,Attila phoenicurus,Rufous-tailed Attila,LC
22700337,68350,Tyrant-flycatchers,Attila cinnamomeus,Cinnamon Attila,LC
22700340,68360,Tyrant-flycatchers,Attila torridus,Ochraceous Attila,NT
22700346,68380,Tyrant-flycatchers,Attila bolivianus,White-eyed Attila,LC
22700350,68390,Tyrant-flycatchers,Attila rufus,Grey-hooded Attila,LC
22700476,68430,Tyrant-flycatchers,Ramphotrigon ruficauda,Rufous-tailed Flatbill,LC
22700321,68480,Tyrant-flycatchers,Machetornis rixosa,Cattle Tyrant,LC
22700583,68600,Tyrant-flycatchers,Myiozetetes cayanensis,Rusty-margined Flycatcher,LC
22700589,68620,Tyrant-flycatchers,Myiozetetes granadensis,Grey-capped Flycatcher,LC
22700552,68660,Tyrant-flycatchers,Conopias trivirgatus,Three-striped Flycatcher,LC
22700609,68680,Tyrant-flycatchers,Phelpsia inornata,White-bearded Flycatcher,LC
22700520,68690,Tyrant-flycatchers,Empidonomus varius,Variegated Flycatcher,LC
22700491,68750,Tyrant-flycatchers,Tyrannus vociferans,Cassin's Kingbird,LC
22700509,68790,Tyrant-flycatchers,Tyrannus dominicensis,Grey Kingbird,LC
22700365,68880,Tyrant-flycatchers,Casiornis fuscus,Ash-throated Casiornis,LC
103682304,68890,Tyrant-flycatchers,Sirystes albogriseus,Choco Sirystes,LC
22700421,68980,Tyrant-flycatchers,Myiarchus phaeocephalus,Sooty-crowned Flycatcher,LC
22700452,69050,Tyrant-flycatchers,Myiarchus stolidus,Stolid Flycatcher,LC
22700436,69100,Tyrant-flycatchers,Myiarchus tyrannulus,Brown-crested Flycatcher,LC
22703624,69220,Bowerbirds,Ailuroedus crassirostris,Green Catbird,LC
22703651,69270,Bowerbirds,Amblyornis macgregoriae,MacGregor's Bowerbird,LC
22703676,69320,Bowerbirds,Sericulus chrysocephalus,Regent Bowerbird,LC
22736077,69330,Bowerbirds,Sericulus ardens,Flame Bowerbird,LC
22703679,69370,Bowerbirds,Ptilonorhynchus violaceus,Satin Bowerbird,LC
22703694,69410,Bowerbirds,Chlamydera nuchalis,Great Bowerbird,LC
22703574,69450,Australasian Treecreepers,Climacteris erythrops,Red-browed Treecreeper,LC
22703577,69480,Australasian Treecreepers,Climacteris picumnus,Brown Treecreeper,LC
22703709,69510,Fairy-wrens,Clytomyias insignis,Orange-crowned Fairywren,LC
22703776,69690,Fairy-wrens,Stipiturus mallee,Mallee Emu-wren,EN
22732155,69750,Fairy-wrens,Amytornis merrotsyi,Short-tailed Grasswren,NT
22704122,71440,Honeyeaters,Oreornis chrysogenys,Orange-cheeked Honeyeater,LC
22703996,71450,Honeyeaters,Meliphaga aruensis,Puff-backed Honeyeater,LC
22704016,71470,Honeyeaters,Meliphaga lewinii,Lewin's Honeyeater,LC
22704002,71570,Honeyeaters,Microptilotis vicina,Tagula Honeyeater,LC
22704067,71640,Honeyeaters,Stomiopera unicolor,White-gaped Honeyeater,LC
22704064,71650,Honeyeaters,Stomiopera flava,Yellow Honeyeater,LC
22704046,71670,Honeyeaters,Bolemoreus hindwoodi,Eungella Honeyeater,NT
22704454,71690,Honeyeaters,Anthochaera lunulata,Western Wattlebird,LC
22704466,71720,Honeyeaters,Anthochaera carunculata,Red Wattlebird,LC
22704061,71760,Honeyeaters,Gavicalis virescens,Singing Honeyeater,LC
22704058,71770,Honeyeaters,Gavicalis fasciogularis,Mangrove Honeyeater,LC
22704037,71870,Honeyeaters,Caligavis subfrenata,Black-throated Honeyeater,LC
22704079,71880,Honeyeaters,Lichenostomus cratitius,Purple-gaped Honeyeater,LC
22704076,71890,Honeyeaters,Lichenostomus melanops,Yellow-tufted Honeyeater,LC
22704260,71960,Honeyeaters,Melionyx nouhuysi,Short-bearded Honeyeater,LC
22704268,71980,Honeyeaters,Melidectes ochromelas,Cinnamon-browed Melidectes,LC
22704276,72000,Honeyeaters,Melidectes belfordi,Belford's Melidectes,LC
22704499,72070,Pardalotes,Pardalotus striatus,Striated Pardalote,LC
22705414,72080,Thornbills,Pachycare flavogriseum,Goldenface,LC
22704714,72270,Thornbills,Gerygone ruficollis,Brown-breasted Gerygone,LC
22704721,72290,Thornbills,Gerygone fusca,Western Gerygone,LC
22704593,72340,Thornbills,Pyrrholaemus brunneus,Redthroat,LC
22704523,72430,Thornbills,Origma murina,Rusty Mouse-warbler,LC
22704582,72470,Thornbills,Aethomyias spilodera,Pale-billed Scrubwren,LC
22704573,72490,Thornbills,Aethomyias perspicillatus,Buff-faced Scrubwren,LC
104008462,72560,Thornbills,Sericornis beccarii,Tropical Scrubwren,LC
22705330,74280,Whipbirds and wedgebills,Psophodes nigrogularis,Western Whipbird,LC
22705327,74290,Whipbirds and wedgebills,Psophodes olivaceus,Eastern Whipbird,LC
22705339,74310,Whipbirds and wedgebills,Psophodes cristatus,Chirruping Wedgebill,LC
22705290,74450,Vireos,Hylophilus pectoralis,Ashy-headed Greenlet,LC
22705286,74490,Vireos,Hylophilus semicinereus,Grey-chested Greenlet,LC
103693705,74500,Vireos,Hylophilus thoracicus,Rio de Janeiro Greenlet,LC
103693709,74510,Vireos,Hylophilus griseiventris,Lemon-chested Greenlet,LC
22705130,74550,Vireos,Vireolanius melitophrys,Chestnut-sided Shrike-vireo,LC
22705213,74660,Vireos,Pachysylvia hypochrysea,Golden Greenlet,LC
22705297,74690,Vireos,Pachysylvia muscicapina,Buff-cheeked Greenlet,LC
22705306,74710,Vireos,Pachysylvia semibrunnea,Rufous-naped Greenlet,LC
22705293,74720,Vireos,Vireo sclateri,Tepui Vireo,LC
22735122,74750,Vireos,Vireo gilvus,Warbling Vireo,LC
22705254,74800,Vireos,Vireo altiloquus,Black-whiskered Vireo,LC
22705237,74840,Vireos,Vireo flavifrons,Yellow-throated Vireo,LC
22705228,74870,Vireos,Vireo cassinii,Cassin's Vireo,LC
22705234,74890,Vireos,Vireo solitarius,Blue-headed Vireo,LC
22705219,74920,Vireos,Vireo nanus,Flat-billed Vireo,LC
22705156,74930,Vireos,Vireo bellii,Bell's Vireo,LC
22705153,74950,Vireos,Vireo brevipennis,Slaty Vireo,LC
22705179,74970,Vireos,Vireo nelsoni,Dwarf Vireo,LC
22705203,74990,Vireos,Vireo caribaeus,San Andres Vireo,VU
22705194,75000,Vireos,Vireo bairdi,Cozumel Vireo,NT
103694110,75070,Cuckooshrikes,Pericrocotus erythropygius,White-bellied Minivet,LC
22706763,75130,Cuckooshrikes,Pericrocotus miniatus,Sunda Minivet,LC
22706747,75150,Cuckooshrikes,Pericrocotus lansbergei,Flores Minivet,LC
22706466,75280,Cuckooshrikes,Coracina maxima,Ground Cuckooshrike,LC
22706516,75300,Cuckooshrikes,Coracina boyeri,Boyer's Cuckooshrike,LC
103694213,75370,Cuckooshrikes,Coracina panayensis,Visayan Cuckooshrike,LC
103694485,75520,Cuckooshrikes,Ceblepyris cinereus,Madagascar Cuckooshrike,LC
22706553,75530,Cuckooshrikes,Ceblepyris graueri,Grauer's Cuckooshrike,LC
22706543,75550,Cuckooshrikes,Ceblepyris caesius,Grey Cuckooshrike,LC
22706690,75580,Cuckooshrikes,Campephaga petiti,Petit's Cuckooshrike,LC
22707722,77440,Bush-shrikes,Malaconotus lagdeni,Lagden's Bushshrike,NT
22707747,77460,Bush-shrikes,Malaconotus alius,Uluguru Bushshrike,EN
22707477,77490,Bush-shrikes,Dryoscopus sabini,Sabine's Puffback,LC
22707505,77560,Bush-shrikes,Tchagra australis,Brown-crowned Tchagra,LC
22707510,77570,Bush-shrikes,Tchagra jamesi,Three-streaked Tchagra,LC
22707678,77630,Bush-shrikes,Chlorophoneus kupeensis,Mount Kupe Bushshrike,EN
22707656,77660,Bush-shrikes,Chlorophoneus olivaceus,Olive Bushshrike,LC
22707647,77680,Bush-shrikes,Chlorophoneus sulfureopectus,Orange-breasted Bushshrike,LC
22707606,77690,Bush-shrikes,Laniarius leucorhynchus,Lowland Sooty Boubou,LC
103706204,77710,Bush-shrikes,Laniarius holomelas,Albertine Sooty Boubou,LC
22707518,77770,Bush-shrikes,Laniarius ruficeps,Red-naped Bushshrike,LC
22707571,77810,Bush-shrikes,Laniarius ferrugineus,Southern Boubou,LC
22707580,77850,Bush-shrikes,Laniarius erythrogaster,Black-headed Gonolek,LC
22707623,77960,Bush-shrikes,Rhodophoneus cruentus,Rosy-patched Bushshrike,LC
22707701,77980,Bush-shrikes,Telophorus dohertyi,Doherty's Bushshrike,LC
103707799,78030,Silktails,Lamprolia klinesmithi,Natewa Silktail,VU
22706809,78270,Fantails,Rhipidura diluta,Brown-capped Fantail,LC
22706831,78300,Fantails,Rhipidura leucothorax,White-bellied Thicket-fantail,LC
22706784,78370,Fantails,Rhipidura phoenicura,Rufous-tailed Fantail,LC
22706900,78390,Fantails,Rhipidura rufidorsa,Rufous-backed Fantail,LC
103710458,78480,Fantails,Rhipidura rufifrons,Rufous Fantail,LC
22706839,78540,Fantails,Rhipidura hyperythra,Chestnut-bellied Fantail,LC
103710807,78590,Fantails,Rhipidura layardi,Fiji Streaked Fantail,LC
22706875,78640,Fantails,Rhipidura personata,Kadavu Fantail,NT
22735745,78670,Fantails,Rhipidura fuliginosa,New Zealand Fantail,LC
229728866,78800,Drongos,Dicrurus ludwigii,Square-tailed Drongo,LC
22706961,78880,Drongos,Dicrurus macrocercus,Black Drongo,LC
22706970,78910,Drongos,Dicrurus annectens,Crow-billed Drongo,LC
22706976,78930,Drongos,Dicrurus remifer,Lesser Racquet-tailed Drongo,LC
232589675,78950,Drongos,Dicrurus hottentottus,Hair-crested Drongo,LC
22704995,80500,Shrikes,Lanius tigrinus,Tiger Shrike,LC
22705029,80600,Shrikes,Lanius schach,Long-tailed Shrike,LC
22705042,80650,Shrikes,Lanius ludovicianus,Loggerhead Shrike,NT
22729533,80700,Shrikes,Lanius meridionalis,Iberian Grey Shrike,VU
22705061,80750,Shrikes,Lanius dorsalis,Taita Fiscal,LC
22705066,80760,Shrikes,Lanius somalicus,Somali Fiscal,LC
103719284,80960,Crows and jays,Dendrocitta occipitalis,Sumatran Treepie,LC
22736049,80970,Crows and jays,Dendrocitta cinerascens,Bornean Treepie,LC
22705852,81000,Crows and jays,Dendrocitta bayleii,Andaman Treepie,VU
22705787,81040,Crows and jays,Urocissa ornata,Sri Lanka Blue Magpie,VU
22705806,81080,Crows and jays,Urocissa whiteheadi,White-winged Magpie,NT
103723684,81220,Crows and jays,Garrulus glandarius,Eurasian Jay,LC
103726922,81230,Crows and jays,Garrulus bispecularis,Plain-crowned Jay,LC
22706007,81480,Crows and jays,Corvus jamaicensis,Jamaican Crow,NT
22706013,81490,Crows and jays,Corvus leucognaphalus,White-necked Crow,VU
22705996,81530,Crows and jays,Corvus imparatus,Tamaulipas Crow,LC
22706081,81570,Crows and jays,Corvus crassirostris,Thick-billed Raven,LC
22706068,81590,Crows and jays,Corvus corax,Common Raven,LC
103727509,81730,Crows and jays,Corvus violaceus,Violet Crow,LC
22705963,81740,Crows and jays,Corvus validus,Long-billed Crow,LC
22705944,81750,Crows and jays,Corvus moneduloides,New Caledonian Crow,LC
22733499,81840,Crows and jays,Corvus tasmanicus,Forest Raven,LC
22705708,82240,Crows and jays,Cyanocorax coeruleus,Azure Jay,NT
103753407,83690,Australasian robins,Heteromyias albispecularis,Arfak Robin,LC
22704849,83760,Australasian robins,Eopsaltria australis,Eastern Yellow Robin,LC
22704846,83800,Australasian robins,Tregellasia capito,Pale-yellow Robin,LC
22704886,83830,Australasian robins,Peneothello sigillata,White-winged Robin,LC
22709596,83950,Fairy Flycatcher and allies,Culicicapa ceylonensis,Grey-headed Canary-flycatcher,LC
22707052,83980,Fairy Flycatcher and allies,Elminia albonotata,White-tailed Crested-flycatcher,LC
22711998,84030,Tits and chickadees,Sylviparus modestus,Yellow-browed Tit,LC
22711780,84100,Tits and chickadees,Periparus rubidiventris,Rufous-vented Tit,LC
22711969,84110,Tits and chickadees,Baeolophus wollweberi,Bridled Titmouse,LC
103761508,84260,Tits and chickadees,Poecile hyrcanus,Caspian Tit,LC
22735364,84310,Tits and chickadees,Poecile weigoldicus,Sichuan Tit,LC
22711708,84320,Tits and chickadees,Poecile carolinensis,Carolina Chickadee,LC
22711732,84350,Tits and chickadees,Poecile sclateri,Mexican Chickadee,LC
22711767,84380,Tits and chickadees,Poecile rufescens,Chestnut-backed Chickadee,LC
22735985,84430,Tits and chickadees,Cyanistes cyanus,Azure Tit,LC
22711924,84640,Tits and chickadees,Machlolophus nuchalis,White-naped Tit,NT
22711864,84690,Tits and chickadees,Melaniparus pallidiventris,Cinnamon-breasted Tit,LC
22732625,84710,Tits and chickadees,Melaniparus carpi,Carp's Tit,LC
22731092,84730,Tits and chickadees,Melaniparus leucomelas,Dark-eyed Black Tit,LC
22711889,84760,Tits and chickadees,Melaniparus griseiventris,Miombo Tit,LC
22711632,84880,Penduline-tits,Remiz consobrinus,Chinese Penduline-tit,LC
22711639,84930,Penduline-tits,Anthoscopus punctifrons,Sennar Penduline-tit,LC
22711660,84960,Penduline-tits,Anthoscopus flavifrons,Forest Penduline-tit,LC
22711679,84990,Penduline-tits,Anthoscopus minutus,Cape Penduline-tit,LC
22717270,85030,Larks,Alaemon hamertoni,Lesser Hoopoe-lark,LC
22735884,85070,Larks,Certhilauda subcoronata,Karoo Long-billed Lark,LC
22717137,85170,Larks,Pinarocorys nigricans,Dusky Lark,LC
22714948,86820,Cisticolas and allies,Artisornis metopias,Red-capped Forest-warbler,LC
22713703,86840,Cisticolas and allies,Oreolais pulcher,Black-collared Apalis,LC
22713708,86850,Cisticolas and allies,Oreolais ruwenzorii,Rwenzori Apalis,LC
22713663,86860,Cisticolas and allies,Oreophilais robertsi,Briar Warbler,NT
22728413,86890,Cisticolas and allies,Apalis flavigularis,Yellow-throated Apalis,NT
22713714,86910,Cisticolas and allies,Apalis thoracica,Bar-throated Apalis,LC
22713746,86960,Cisticolas and allies,Apalis personata,Black-faced Apalis,LC
22713815,87010,Cisticolas and allies,Apalis chirindensis,Chirinda Apalis,VU
22713796,87020,Cisticolas and allies,Apalis porphyrolaema,Chestnut-throated Apalis,LC
277301637,87080,Cisticolas and allies,Apalis karamojae,Karamoja Apalis,VU
22730909,87120,Cisticolas and allies,Apalis cinerea,Grey Apalis,LC
22713697,87240,Cisticolas and allies,Spiloptila clamans,Cricket Warbler,LC
22715015,87250,Cisticolas and allies,Poliolais lopezi,White-tailed Warbler,LC
22713876,87260,Cisticolas and allies,Calamonastes simplex,Grey Wren-warbler,LC
103773990,87270,Cisticolas and allies,Calamonastes undosus,Miombo Wren-warbler,LC
22713899,87470,Cisticolas and allies,Euryptila subcinnamomea,Cinnamon-breasted Warbler,LC
22713842,87500,Cisticolas and allies,Hypergerus atriceps,Oriole Warbler,LC
22713283,87540,Cisticolas and allies,Cisticola lateralis,Whistling Cisticola,LC
22730835,87580,Cisticolas and allies,Cisticola chubbi,Chubb's Cisticola,LC
103775575,87630,Cisticolas and allies,Cisticola bailunduensis,Huambo Cisticola,LC
22713333,87640,Cisticolas and allies,Cisticola chiniana,Rattling Cisticola,LC
22713401,87660,Cisticolas and allies,Cisticola njombe,Churring Cisticola,LC
22713340,87670,Cisticolas and allies,Cisticola cinereolus,Ashy Cisticola,LC
22713365,87690,Cisticolas and allies,Cisticola rufilatus,Tinkling Cisticola,LC
22713383,87710,Cisticolas and allies,Cisticola lais,Wailing Cisticola,LC
22713459,87920,Cisticolas and allies,Cisticola melanurus,Black-tailed Cisticola,LC
22713515,87960,Cisticolas and allies,Cisticola aridulus,Desert Cisticola,LC
103776400,88010,Cisticolas and allies,Cisticola cinnamomeus,Pale-crowned Cisticola,LC
22713564,88230,Cisticolas and allies,Prinia crinigera,Striated Prinia,LC
103776661,88250,Cisticolas and allies,Prinia atrogularis,Black-throated Prinia,LC
22715497,89920,Grasshopper-warblers and grassbirds,Poodytes albolimbatus,Fly River Grassbird,VU
22715517,89930,Grasshopper-warblers and grassbirds,Poodytes carteri,Spinifexbird,LC
22715501,89940,Grasshopper-warblers and grassbirds,Poodytes gramineus,Little Grassbird,LC
103795115,90040,Grasshopper-warblers and grassbirds,Cincloramphus macrurus,Papuan Grassbird,LC
22715529,90060,Grasshopper-warblers and grassbirds,Cincloramphus grosvenori,New Britain Thicketbird,VU
103798488,90080,Grasshopper-warblers and grassbirds,Cincloramphus turipavae,Guadalcanal Thicketbird,NT
22714564,90170,Grasshopper-warblers and grassbirds,Bradypterus brunneus,Brown Emu-tail,LC
22714480,90190,Grasshopper-warblers and grassbirds,Bradypterus sylvaticus,Knysna Warbler,NT
22714461,90240,Grasshopper-warblers and grassbirds,Bradypterus carpalis,White-winged Swamp-warbler,LC
22724375,90260,Grasshopper-warblers and grassbirds,Bradypterus bangwaensis,Bangwa Warbler,LC
22714503,90280,Grasshopper-warblers and grassbirds,Bradypterus cinnamomeus,Cinnamon Bracken-warbler,LC
22714545,90360,Grasshopper-warblers and grassbirds,Elaphrornis palliseri,Sri Lanka Warbler,NT
22712165,90510,Swallows and martins,Cheramoeca leucosterna,White-backed Swallow,LC
22712491,90680,Swallows and martins,Delichon dasypus,Asian House Martin,LC
104006414,90920,Swallows and martins,Hirundo tahitica,Tahiti Swallow,LC
22712294,90930,Swallows and martins,Hirundo neoxena,Welcome Swallow,LC
22712252,90970,Swallows and martins,Hirundo rustica,Barn Swallow,LC
22712266,91000,Swallows and martins,Hirundo aethiopica,Ethiopian Swallow,LC
22712324,91010,Swallows and martins,Hirundo leucosoma,Pied-winged Swallow,LC
22712230,91140,Swallows and martins,Ptyonoprogne obsoleta,Pale Rock Martin,LC
104005790,91150,Swallows and martins,Ptyonoprogne rufigula,Red-throated Rock Martin,LC
103815402,91220,Swallows and martins,Riparia paludicola,African Plain Martin,LC
103815494,91230,Swallows and martins,Riparia cowani,Madagascar Plain Martin,LC
103815539,91240,Swallows and martins,Riparia chinensis,Asian Plain Martin,LC
103815961,91260,Swallows and martins,Riparia riparia,Collared Sand Martin,LC
22712068,91370,Swallows and martins,Tachycineta leucorrhoa,White-rumped Swallow,LC
22731728,91410,Swallows and martins,Progne murphyi,Peruvian Martin,NT
22731986,91420,Swallows and martins,Progne modesta,Galapagos Martin,EN
22712104,91440,Swallows and martins,Progne dominicensis,Caribbean Martin,LC
22712101,91450,Swallows and martins,Progne cryptoleuca,Cuban Martin,LC
103838632,92970,Bulbuls,Hypsipetes affinis,Seram Golden Bulbul,LC
22713253,92980,Bulbuls,Hypsipetes thompsoni,White-headed Bulbul,LC
22712600,93040,Bulbuls,Spizixos semitorques,Collared Finchbill,LC
22712607,93050,Bulbuls,Alcurus striatus,Striated Bulbul,LC
103826151,93080,Bulbuls,Rubigula flaviventris,Black-crested Bulbul,LC
103827210,93100,Bulbuls,Rubigula montis,Bornean Bulbul,LC
22712695,93220,Bulbuls,Pycnonotus cafer,Red-vented Bulbul,LC
22712681,93240,Bulbuls,Pycnonotus xanthopygos,White-spectacled Bulbul,LC
103833944,93310,Bulbuls,Pycnonotus davisoni,Pale-eyed Bulbul,LC
155219571,93430,Bulbuls,Pycnonotus pseudosimplex,Cream-eyed Bulbul,LC
22732052,93670,Leaf-warblers,Phylloscopus yunnanensis,Chinese Leaf-warbler,LC
22734364,93740,Leaf-warblers,Phylloscopus proregulus,Pallas's Leaf-warbler,LC
22715249,93860,Leaf-warblers,Phylloscopus neglectus,Plain Leaf-warbler,LC
22715430,93920,Leaf-warblers,Phylloscopus intermedius,White-spectacled Warbler,LC
22732750,93950,Leaf-warblers,Phylloscopus tephrocephalus,Grey-crowned Warbler,LC
22715380,94000,Leaf-warblers,Phylloscopus cebuensis,Lemon-throated Leaf-warbler,LC
22715194,94070,Leaf-warblers,Phylloscopus laetus,Red-faced Woodland-warbler,LC
103845379,94110,Leaf-warblers,Phylloscopus sumatrensis,Sumatran Warbler,LC
22715369,94250,Leaf-warblers,Phylloscopus cantator,Yellow-vented Warbler,LC
22734273,94300,Leaf-warblers,Phylloscopus goodsoni,Hartert's Leaf-warbler,LC
216917007,94330,Leaf-warblers,Phylloscopus sarasinorum,Lompobattang Leaf-warbler,NT
103866018,94350,Leaf-warblers,Phylloscopus misoriensis,Biak Leaf-warbler,NT
155224052,94380,Leaf-warblers,Phylloscopus rotiensis,Rote Leaf-warbler,NT
22715412,94390,Leaf-warblers,Phylloscopus amoenus,Kolombangara Leaf-warbler,NT
22715363,94400,Leaf-warblers,Phylloscopus hainanus,Hainan Leaf-warbler,VU
22734251,94420,Leaf-warblers,Phylloscopus intensior,White-tailed Leaf-warbler,LC
22716813,96010,Parrotbills and allies,Suthora zappeyi,Grey-hooded Parrotbill,LC
22716740,96040,White-eyes and Yuhinas,Parayuhina diademata,White-collared Yuhina,LC
22734618,96070,White-eyes and Yuhinas,Staphida torqueola,Indochinese Yuhina,LC
22716210,96160,White-eyes and Yuhinas,Dasycrotapha speciosa,Flame-templed Babbler,NT
22716207,96190,White-eyes and Yuhinas,Sterrhoptilus capitalis,Rusty-crowned Babbler,LC
22714282,96270,White-eyes and Yuhinas,Cleptornis marchei,Golden White-eye,EN
22714319,96320,White-eyes and Yuhinas,Heleia squamifrons,Pygmy White-eye,LC
103889951,96560,White-eyes and Yuhinas,Zosterops semiflavus,Marianne White-eye,EX
22713904,96610,White-eyes and Yuhinas,Zosterops melanocephalus,Mount Cameroon Speirops,NT
103891241,96660,White-eyes and Yuhinas,Zosterops eurycricotus,Kilimanjaro White-eye,LC
103889267,96740,White-eyes and Yuhinas,Zosterops flavilateralis,Kenya White-eye,LC
22713953,96760,White-eyes and Yuhinas,Zosterops winifredae,South Pare White-eye,NT
103889860,96820,White-eyes and Yuhinas,Zosterops maderaspatanus,Madagascar White-eye,LC
22713944,96830,White-eyes and Yuhinas,Zosterops mayottensis,Chestnut-sided White-eye,LC
216915583,96870,White-eyes and Yuhinas,Zosterops chloris,Lemon-bellied White-eye,LC
22714119,96890,White-eyes and Yuhinas,Zosterops atrifrons,Black-crowned White-eye,LC
22714110,96900,White-eyes and Yuhinas,Zosterops anomalus,Black-ringed White-eye,LC
22732863,96960,White-eyes and Yuhinas,Zosterops stalkeri,Seram White-eye,LC
22714163,97010,White-eyes and Yuhinas,Zosterops luteus,Australian Yellow White-eye,LC
22714176,97030,White-eyes and Yuhinas,Zosterops vellalavella,Vella Lavella White-eye,NT
22714338,97090,White-eyes and Yuhinas,Zosterops lacertosus,Sanford's White-eye,NT
22714131,97130,White-eyes and Yuhinas,Zosterops meeki,Tagula White-eye,NT
22714140,97140,White-eyes and Yuhinas,Zosterops mysorensis,Biak White-eye,NT
103892086,97160,White-eyes and Yuhinas,Zosterops rendovae,Grey-throated White-eye,LC
22714267,97170,White-eyes and Yuhinas,Zosterops oleagineus,Yap Olive White-eye,NT
103892693,97190,White-eyes and Yuhinas,Zosterops cinereus,Kosrae White-eye,LC
22714168,97340,White-eyes and Yuhinas,Zosterops griseotinctus,Louisiade White-eye,LC
230024402,97350,White-eyes and Yuhinas,Zosterops paruhbesar,Wangi-Wangi White-eye,EN
22714234,97410,White-eyes and Yuhinas,Zosterops inornatus,Large Lifou White-eye,LC
22714223,97440,White-eyes and Yuhinas,Zosterops strenuus,Robust White-eye,EX
103872163,103590,Starlings,Lamprotornis violacior,Cunene Long-tailed Starling,LC
22710821,103610,Starlings,Lamprotornis unicolor,Ashy Starling,LC
22710716,103630,Starlings,Lamprotornis splendidus,Splendid Starling,LC
22710804,103690,Starlings,Lamprotornis fischeri,Fischer's Starling,LC
22710682,103730,Starlings,Lamprotornis chalcurus,Bronze-tailed Starling,LC
22710689,103750,Starlings,Lamprotornis chalybaeus,Greater Blue-eared Starling,LC
22710654,103820,Starlings,Hylopsar purpureiceps,Purple-headed Starling,LC
22710647,103830,Starlings,Hylopsar cupreocauda,Copper-tailed Starling,NT
22710968,103930,Starlings,Goodfellowia miranda,Apo Myna,NT
103878806,104060,Starlings,Gracula venerata,Tenggara Hill Myna,EN
22710997,104100,Starlings,Enodes erythrophris,Fiery-browed Starling,LC
22710562,104140,Starlings,Aplonis mystacea,Yellow-eyed Starling,LC
22710522,104160,Starlings,Aplonis crassa,Tanimbar Starling,NT
22710544,104270,Starlings,Aplonis mysolensis,Moluccan Starling,LC
22710505,104310,Starlings,Aplonis tabuensis,Polynesian Starling,LC
22710496,104330,Starlings,Aplonis corvina,Kosrae Starling,EX
22734867,104350,Starlings,Aplonis ulietensis,Raiatea Starling,EX
22711032,104570,Mockingbirds and thrashers,Mimus gundlachii,Bahama Mockingbird,LC
22711053,104590,Mockingbirds and thrashers,Mimus parvulus,Galapagos Mockingbird,LC
22711078,104610,Mockingbirds and thrashers,Mimus melanotis,San Cristobal Mockingbird,NT
22711096,104620,Mockingbirds and thrashers,Oreoscoptes montanus,Sage Thrasher,LC
22711099,104650,Mockingbirds and thrashers,Toxostoma rufum,Brown Thrasher,LC
22711102,104660,Mockingbirds and thrashers,Toxostoma longirostre,Long-billed Thrasher,LC
22708553,104730,Thrushes,Sialia mexicana,Western Bluebird,LC
22708556,104750,Thrushes,Sialia currucoides,Mountain Bluebird,LC
22708559,104850,Thrushes,Myadestes myadestinus,Kamao,EX
103879258,104990,Thrushes,Zoothera mollissima,Alpine Thrush,LC
103879287,105010,Thrushes,Zoothera salimalii,Himalayan Forest Thrush,LC
22708378,105040,Thrushes,Zoothera everetti,Everett's Thrush,NT
103879831,105150,Thrushes,Zoothera atrigena,Bougainville Thrush,NT
22708621,105330,Thrushes,Entomodestes leucotis,White-eared Solitaire,LC
22708670,105400,Thrushes,Hylocichla mustelina,Wood Thrush,LC
22708643,105480,Thrushes,Catharus frantzii,Ruddy-capped Nightingale-thrush,LC
22708631,105500,Thrushes,Catharus aurantiirostris,Orange-billed Nightingale-thrush,LC
22710153,105620,Thrushes,Cochoa azurea,Javan Cochoa,VU
22708382,105630,Thrushes,Geokichla sibirica,Siberian Thrush,LC
22708342,105710,Thrushes,Geokichla schistacea,Slaty-backed Thrush,NT
22732956,105750,Thrushes,Geokichla leucolaema,Enggano Thrush,NT
22733672,105770,Thrushes,Geokichla joiceyi,Seram Thrush,NT
22708443,105820,Thrushes,Geokichla camaronensis,Black-eared Ground-thrush,LC
22708450,105830,Thrushes,Geokichla princei,Grey Ground-thrush,LC
22734111,105950,Thrushes,Turdus abyssinicus,Abyssinian Thrush,LC
22708740,105960,Thrushes,Turdus helleri,Taita Thrush,EN
22708905,106060,Thrushes,Turdus obsoletus,Pale-vented Thrush,LC
22708942,106080,Thrushes,Turdus albicollis,White-necked Thrush,LC
22708931,106120,Thrushes,Turdus haplochrous,Unicolored Thrush,NT
103888627,106130,Thrushes,Turdus sanchezorum,Varzea Thrush,LC
22708919,106140,Thrushes,Turdus nudigenis,Spectacled Thrush,LC
22708735,106160,Thrushes,Turdus ludoviciae,Somali Thrush,LC
103888967,106210,Thrushes,Turdus olivaceus,Olive Thrush,LC
22708844,106280,Thrushes,Turdus nigrescens,Sooty Thrush,LC
22734203,106320,Thrushes,Turdus rufopalliatus,Rufous-backed Thrush,LC
22708869,106340,Thrushes,Turdus reevei,Plumbeous-backed Thrush,LC
22708879,106350,Thrushes,Turdus fulviventris,Chestnut-bellied Thrush,LC
22708858,106400,Thrushes,Turdus nigriceps,Andean Slaty Thrush,LC
22708863,106410,Thrushes,Turdus subalaris,Eastern Slaty Thrush,LC
22708772,106580,Thrushes,Turdus boulboul,Grey-winged Blackbird,LC
22708793,106640,Thrushes,Turdus obscurus,Eyebrowed Thrush,LC
22708786,106700,Thrushes,Turdus kessleri,White-backed Thrush,LC
103892028,106710,Thrushes,Turdus maximus,Tibetan Blackbird,LC
103892088,106760,Thrushes,Turdus naumanni,Naumann's Thrush,LC
103892167,106790,Thrushes,Turdus ruficollis,Rufous-throated Thrush,LC
22709022,107010,Old World Flycatchers and Chats,Alethe castanea,Fire-crested Alethe,LC
22709891,107060,Old World Flycatchers and Chats,Tychaedon quadrivirgata,Bearded Scrub-robin,LC
22709900,107070,Old World Flycatchers and Chats,Tychaedon barbata,Miombo Scrub-robin,LC
22709967,107100,Old World Flycatchers and Chats,Cercotrichas podobe,Black Scrub-robin,LC
103893432,107170,Old World Flycatchers and Chats,Copsychus saularis,Oriental Magpie-robin,LC
22710023,107180,Old World Flycatchers and Chats,Copsychus fulicatus,Indian Robin,LC
22709204,107310,Old World Flycatchers and Chats,Muscicapa sibirica,Dark-sided Flycatcher,LC
22709223,107320,Old World Flycatchers and Chats,Muscicapa ferruginea,Ferruginous Flycatcher,LC
22709239,107420,Old World Flycatchers and Chats,Muscicapa aquatica,Swamp Flycatcher,LC
22709280,107430,Old World Flycatchers and Chats,Muscicapa cassini,Cassin's Flycatcher,LC
22709226,107480,Old World Flycatchers and Chats,Artomyias ussheri,Ussher's Flycatcher,LC
22709044,107510,Old World Flycatchers and Chats,Bradornis mariquensis,Marico Flycatcher,LC
22709303,107650,Old World Flycatchers and Chats,Humblotia flavirostris,Humblot's Flycatcher,VU
22709113,107660,Old World Flycatchers and Chats,Sigelus silens,Fiscal Flycatcher,LC
103758091,107850,Old World Flycatchers and Chats,Cyanoptila cumatilis,Zappey's Flycatcher,NT
103761453,107970,Old World Flycatchers and Chats,Eumyias stresemanni,Sumba Warbling-flycatcher,NT
22709494,107980,Old World Flycatchers and Chats,Eumyias hyacinthinus,Timor Warbling-flycatcher,LC
22709156,108060,Old World Flycatchers and Chats,Cyornis umbratilis,Grey-chested Jungle-flycatcher,NT
22709502,108110,Old World Flycatchers and Chats,Cyornis ruckii,Rück's Blue Flycatcher,CR
103761873,108280,Old World Flycatchers and Chats,Cyornis rubeculoides,Blue-throated Blue Flycatcher,LC
103762270,108320,Old World Flycatchers and Chats,Cyornis djampeanus,Tanahjampea Blue Flycatcher,NT
103762543,108450,Old World Flycatchers and Chats,Dessonornis mbuluensis,Mbulu Robin-chat,LC
22709770,108550,Old World Flycatchers and Chats,Cossyphicula roberti,White-bellied Robin-chat,LC
22709803,108610,Old World Flycatchers and Chats,Cossypha cyanocampter,Blue-shouldered Robin-chat,LC
22709815,108620,Old World Flycatchers and Chats,Cossypha semirufa,Rüppell's Robin-Chat,LC
22709853,108680,Old World Flycatchers and Chats,Cossypha albicapillus,White-crowned Robin-chat,LC
103763077,108690,Old World Flycatchers and Chats,Stiphrornis erythrothorax,Orange-breasted Forest-robin,LC
22735640,108710,Old World Flycatchers and Chats,Stiphrornis pyrrholaemus,Olive-backed Forest-robin,LC
22709870,108780,Old World Flycatchers and Chats,Cichladusa ruficauda,Rufous-tailed Palm-thrush,LC
103766866,108890,Old World Flycatchers and Chats,Sheppardia poensis,Short-tailed Akalat,LC
22709172,108970,Old World Flycatchers and Chats,Vauriella gularis,Eyebrowed Jungle-flycatcher,LC
103866595,109100,Old World Flycatchers and Chats,Brachypteryx montana,Javan Shortwing,LC
22709758,109240,Old World Flycatchers and Chats,Irania gutturalis,White-throated Robin,LC
103768594,109330,Old World Flycatchers and Chats,Calliope tschebaiewi,Chinese Rubythroat,LC
22710123,109480,Old World Flycatchers and Chats,Enicurus scouleri,Little Forktail,LC
22710129,109510,Old World Flycatchers and Chats,Enicurus ruficapillus,Chestnut-naped Forktail,NT
22708313,109620,Old World Flycatchers and Chats,Myophonus robinsoni,Malay Whistling-thrush,NT
103769227,109690,Old World Flycatchers and Chats,Ficedula narcissina,Narcissus Flycatcher,LC
103769434,109700,Old World Flycatchers and Chats,Ficedula owstoni,Ryukyu Flycatcher,LC
22709331,109710,Old World Flycatchers and Chats,Ficedula mugimaki,Mugimaki Flycatcher,LC
22709334,109720,Old World Flycatchers and Chats,Ficedula erithacus,Slaty-backed Flycatcher,LC
22709406,109780,Old World Flycatchers and Chats,Ficedula superciliaris,Ultramarine Flycatcher,LC
22716127,111340,Elachura,Elachura formosa,Spotted Elachura,LC
22715933,111390,Spot-throat and allies,Kakamega poliothorax,Grey-chested Kakamega,LC
103775167,111410,Fairy-bluebirds,Irena tweeddalii,Palawan Fairy-bluebird,NT
22732267,111440,Leafbirds,Chloropsis media,Sumatran Leafbird,EN
22704947,111470,Leafbirds,Chloropsis palawanensis,Yellow-throated Leafbird,LC
22734342,111490,Leafbirds,Chloropsis aurifrons,Golden-fronted Leafbird,LC
22704969,111500,Leafbirds,Chloropsis venusta,Blue-masked Leafbird,NT
22732257,111510,Leafbirds,Chloropsis jerdoni,Jerdon's Leafbird,LC
103775266,111520,Leafbirds,Chloropsis hardwickii,Orange-bellied Leafbird,LC
22732262,111540,Leafbirds,Chloropsis kinabaluensis,Bornean Leafbird,LC
22717451,111610,Flowerpeckers,Prionochilus olivaceus,Olive-backed Flowerpecker,LC
22717466,111630,Flowerpeckers,Prionochilus thoracicus,Scarlet-breasted Flowerpecker,NT
22717460,111660,Flowerpeckers,Prionochilus plateni,Palawan Flowerpecker,LC
22717487,111670,Flowerpeckers,Dicaeum melanozanthum,Yellow-bellied Flowerpecker,LC
22717484,111680,Flowerpeckers,Dicaeum chrysorrheum,Yellow-vented Flowerpecker,LC
22717503,111770,Flowerpeckers,Dicaeum bicolor,Bicoloured Flowerpecker,LC
22717519,111790,Flowerpeckers,Dicaeum trigonostigma,Orange-bellied Flowerpecker,LC
22717516,111820,Flowerpeckers,Dicaeum retrocinctum,Scarlet-collared Flowerpecker,NT
22717497,111850,Flowerpeckers,Dicaeum nigrilore,Olive-capped Flowerpecker,LC
103776140,111880,Flowerpeckers,Dicaeum minullum,Plain Flowerpecker,LC
22717531,111890,Flowerpeckers,Dicaeum pygmaeum,Pygmy Flowerpecker,LC
216915934,111950,Flowerpeckers,Dicaeum sanguinolentum,Javan Flowerpecker,LC
22717587,112000,Flowerpeckers,Dicaeum trochileum,Scarlet-headed Flowerpecker,LC
22717572,112040,Flowerpeckers,Dicaeum monticolum,Black-sided Flowerpecker,LC
103778239,112140,Flowerpeckers,Dicaeum ignicolle,Aru Flowerpecker,LC
103777963,112150,Flowerpeckers,Dicaeum hirundinaceum,Mistletoebird,LC
22717546,112160,Flowerpeckers,Dicaeum geelvinkianum,Red-capped Flowerpecker,LC
103778625,112290,Sunbirds,Arachnothera longirostra,Little Spiderhunter,LC
103778923,112310,Sunbirds,Arachnothera flammifera,Orange-tufted Spiderhunter,LC
22718115,112340,Sunbirds,Arachnothera chrysogenys,Yellow-eared Spiderhunter,LC
22717626,112430,Sunbirds,Chalcoparia singalensis,Ruby-cheeked Sunbird,LC
22717606,112480,Sunbirds,Anthreptes anchietae,Anchieta's Sunbird,LC
103792612,112500,Sunbirds,Anthreptes malacensis,Brown-throated Sunbird,LC
22717663,112610,Sunbirds,Anthreptes rubritorques,Banded Sunbird,VU
22717705,112700,Sunbirds,Anabathmis reichenbachii,Reichenbach's Sunbird,LC
22717695,112740,Sunbirds,Anthobaphes violacea,Orange-breasted Sunbird,LC
22719688,117180,Waxbills,Poephila acuticauda,Long-tailed Finch,LC
103818044,117210,Waxbills,Taeniopygia castanotis,Australian Zebra Finch,LC
22719703,117260,Waxbills,Erythrura viridifacies,Green-faced Parrotfinch,LC
22719707,117270,Waxbills,Erythrura tricolor,Tricoloured Parrotfinch,LC
22719721,117300,Waxbills,Erythrura papuana,Papuan Parrotfinch,LC
22719729,117330,Waxbills,Erythrura pealii,Fiji Parrotfinch,LC
22719988,117380,Whydahs and Indigobirds,Vidua macroura,Pin-tailed Whydah,LC
22720020,117400,Whydahs and Indigobirds,Vidua obtusa,Broad-tailed Paradise-whydah,LC
103818534,117420,Whydahs and Indigobirds,Vidua interjecta,Exclamatory Paradise-whydah,LC
22719982,117440,Whydahs and Indigobirds,Vidua regia,Shaft-tailed Whydah,LC
22719940,117520,Whydahs and Indigobirds,Vidua raricola,Jambandu Indigobird,LC
22719936,117550,Whydahs and Indigobirds,Vidua chalybeata,Village Indigobird,LC
22718171,117620,Old World Sparrows,Passer ammodendri,Saxaul Sparrow,LC
22718206,117770,Old World Sparrows,Passer rufocinctus,Kenya Sparrow,LC
22718243,117800,Old World Sparrows,Passer gongonensis,Parrot-billed Sparrow,LC
22718310,117970,Old World Sparrows,Carpospiza brachydactyla,Pale Sparrow,LC
22718333,118090,Old World Sparrows,Pyrgilauda davidiana,Small Snowfinch,LC
22714344,118120,Old World Sparrows,Hypocryptadius cinnamomeus,Cinnamon Ibon,LC
22718553,118170,Pipits and Wagtails,Anthus gustavi,Pechora Pipit,LC
22718550,118190,Pipits and Wagtails,Anthus hodgsoni,Olive-backed Pipit,LC
22718560,118200,Pipits and Wagtails,Anthus cervinus,Red-throated Pipit,LC
22718575,118220,Pipits and Wagtails,Anthus rubescens,Buff-bellied Pipit,LC
22718556,118230,Pipits and Wagtails,Anthus pratensis,Meadow Pipit,LC
22718606,118300,Pipits and Wagtails,Anthus chacoensis,Pampas Pipit,LC
22718588,118360,Pipits and Wagtails,Anthus antarcticus,South Georgia Pipit,LC
22718582,118380,Pipits and Wagtails,Anthus nilghiriensis,Nilgiri Pipit,VU
103821482,118450,Pipits and Wagtails,Anthus nyassae,Woodland Pipit,LC
22718501,118490,Pipits and Wagtails,Anthus campestris,Tawny Pipit,LC
22718489,118510,Pipits and Wagtails,Anthus vaalensis,Buffy Pipit,LC
22718497,118530,Pipits and Wagtails,Anthus melindae,Malindi Pipit,LC
22718419,118700,Pipits and Wagtails,Macronyx flavicollis,Abyssinian Longclaw,NT
22718409,118710,Pipits and Wagtails,Macronyx fuelleborni,Fülleborn's Longclaw,LC
22718414,118720,Pipits and Wagtails,Macronyx capensis,Cape Longclaw,LC
22718428,118740,Pipits and Wagtails,Macronyx aurantiigula,Pangani Longclaw,LC
22718423,118750,Pipits and Wagtails,Macronyx ameliae,Rosy-throated Longclaw,LC
22718444,118780,Pipits and Wagtails,Hemimacronyx chloris,Yellow-breasted Pipit,VU
22718397,118810,Pipits and Wagtails,Motacilla clara,Mountain Wagtail,LC
22718392,118850,Pipits and Wagtails,Motacilla cinerea,Grey Wagtail,LC
22729485,118890,Pipits and Wagtails,Motacilla samveasnae,Mekong Wagtail,NT
22718360,118900,Pipits and Wagtails,Motacilla grandis,Japanese Wagtail,LC
103822640,119170,Finches,Fringilla polatzeki,Gran Canaria Blue Chaffinch,EN
22720041,119180,Finches,Fringilla montifringilla,Brambling,LC
22722790,119240,Finches,Chlorophonia callophrys,Golden-browed Chlorophonia,LC
22722697,119260,Finches,Euphonia plumbea,Plumbeous Euphonia,LC
22722724,119350,Finches,Euphonia laniirostris,Thick-billed Euphonia,LC
22722750,119450,Finches,Euphonia gouldi,Olive-backed Euphonia,LC
22722760,119480,Finches,Euphonia minuta,White-vented Euphonia,LC
22722769,119510,Finches,Euphonia rufiventris,Rufous-bellied Euphonia,LC
22720699,119580,Finches,Mycerobas carnipes,White-winged Grosbeak,LC
22720712,119600,Finches,Hesperiphona abeillei,Hooded Grosbeak,LC
22720681,119610,Finches,Coccothraustes coccothraustes,Hawfinch,LC
22720818,119670,Finches,Paroreomyza montana,Maui Alauahio,EN
22720809,119680,Finches,Oreomystis bairdi,Akikiki,CR
22720728,119690,Finches,Telespiza cantans,Laysan Finch,VU
22728825,119730,Finches,Chloridops kona,Kona Grosbeak,EX
22720742,119740,Finches,Loxioides bailleui,Palila,CR
22720738,119760,Finches,Dysmorodrepanis munroi,Lanai Hookbill,EX
103823250,119770,Finches,Akialoa stejnegeri,Kauai Akialoa,EX
103823616,119850,Finches,Hemignathus hanapepe,Kauai Nukupuu,EX
103823664,119870,Finches,Hemignathus affinis,Maui Nukupuu,EX
22720784,119920,Finches,Viridonia sagittirostris,Greater Amakihi,EX
103823991,119980,Finches,Loxops coccineus,Hawaii Akepa,EN
22720855,120090,Finches,Palmeria dolei,Akohekohe,CR
22720840,120100,Finches,Ciridops anna,Ula-ai-hawane,EX
22720622,120130,Finches,Carpodacus ferreorostris,Bonin Grosbeak,EX
22720604,120140,Finches,Carpodacus rhodochlamys,Red-mantled Rosefinch,LC
22720416,121780,Finches,Spinus dominicensis,Antillean Siskin,LC
22720398,121820,Finches,Spinus xanthogastrus,Yellow-bellied Siskin,LC
22721025,121890,Longspurs,Rhynchophanes mccownii,Thick-billed Longspur,LC
22721046,121910,Longspurs,Plectrophenax hyperboreus,McKay's Bunting,LC
22720982,121940,Old World Buntings,Emberiza affinis,Brown-rumped Bunting,LC
22720916,122070,Old World Buntings,Emberiza hortulana,Ortolan Bunting,LC
22720881,122120,Old World Buntings,Emberiza leucocephalos,Pine Bunting,LC
22720944,122160,Old World Buntings,Emberiza capensis,Cape Bunting,LC
103767684,122210,Old World Buntings,Emberiza goslingi,Grey-throated Bunting,LC
103767669,122220,Old World Buntings,Emberiza tahapisi,Cinnamon-breasted Bunting,LC
22720957,122350,Old World Buntings,Emberiza chrysophrys,Yellow-browed Bunting,LC
22721162,122410,New World sparrows,Spizella passerina,Chipping Sparrow,LC
22721049,122520,New World sparrows,Calamospiza melanocorys,Lark Bunting,LC
22721248,122530,New World sparrows,Rhynchospiza stolzmanni,Tumbes Sparrow,LC
216917259,122540,New World sparrows,Rhynchospiza strigiceps,Chaco Sparrow,LC
22721392,122650,New World sparrows,Arremonops rufivirgatus,Olive Sparrow,LC
22721398,122660,New World sparrows,Arremonops chloronotus,Green-backed Sparrow,LC
22722167,122760,New World sparrows,Chlorospingus tacarcunae,Tacarcuna Chlorospingus,LC
22722172,122770,New World sparrows,Chlorospingus inornatus,Pirre Chlorospingus,LC
22722203,122830,New World sparrows,Chlorospingus canigularis,Ashy-throated Chlorospingus,LC
22721572,122860,New World sparrows,Arremon castaneiceps,Olive Finch,NT
22721533,122880,New World sparrows,Arremon virenticeps,Green-striped Brushfinch,LC
103771596,122990,New World sparrows,Arremon axillaris,Yellow-mandibled Sparrow,LC
103771714,123030,New World sparrows,Arremon abeillei,Black-capped Sparrow,LC
22721307,123120,New World sparrows,Pipilo ocai,Collared Towhee,LC
22721563,123210,New World sparrows,Pselliophorus luteoviridis,Yellow-green Brushfinch,VU
22721429,123220,New World sparrows,Atlapetes pileatus,Rufous-capped Brushfinch,LC
22724111,124830,New World blackbirds,Icterus pustulatus,Streak-backed Oriole,LC
22735310,124880,New World blackbirds,Icterus icterus,Venezuelan Troupial,LC
22735315,124890,New World blackbirds,Icterus croconotus,Orange-backed Troupial,LC
22724150,124980,New World blackbirds,Icterus bonana,Martinique Oriole,VU
22724209,125150,New World blackbirds,Agelaius xanthomus,Yellow-shouldered Blackbird,EN
22724191,125170,New World blackbirds,Agelaius phoeniceus,Red-winged Blackbird,LC
22724294,125290,New World blackbirds,Ptiloxena atroviolacea,Cuban Blackbird,LC
22724311,125360,New World blackbirds,Quiscalus major,Boat-tailed Grackle,LC
22724308,125370,New World blackbirds,Quiscalus mexicanus,Great-tailed Grackle,LC
22724265,125440,New World blackbirds,Amblyramphus holosericeus,Scarlet-headed Blackbird,LC
22724277,125470,New World blackbirds,Gnorimopsar chopi,Chopi Blackbird,LC
103794964,125480,New World blackbirds,Agelaioides badius,Greyish Baywing,LC
22724200,125550,New World blackbirds,Chrysomus icterocephalus,Yellow-hooded Blackbird,LC
22721618,125690,New World warblers,Vermivora chrysoptera,Golden-winged Warbler,NT
22721758,125710,New World warblers,Mniotilta varia,Black-and-white Warbler,LC
22721624,125770,New World warblers,Leiothlypis celata,Orange-crowned Warbler,LC
22721633,125780,New World warblers,Leiothlypis crissalis,Colima Warbler,LC
22721636,125790,New World warblers,Leiothlypis luciae,Lucy's Warbler,LC
22721818,125830,New World warblers,Oporornis agilis,Connecticut Warbler,LC
22721854,125980,New World warblers,Geothlypis nelsoni,Hooded Yellowthroat,LC
22721746,126040,New World warblers,Setophaga pharetra,Arrowhead Warbler,LC
22721876,126050,New World warblers,Setophaga citrina,Hooded Warbler,LC
22721722,126070,New World warblers,Setophaga kirtlandii,Kirtland's Warbler,NT
22721639,126100,New World warblers,Setophaga americana,Northern Parula,LC
22721664,126170,New World warblers,Setophaga pensylvanica,Chestnut-sided Warbler,LC
22721673,126190,New World warblers,Setophaga caerulescens,Black-throated Blue Warbler,LC
22723828,127750,Cardinals,Caryothraustes poliogaster,Black-faced Grosbeak,LC
22723904,127890,Tanagers,Pseudosaltator rufiventris,Rufous-bellied Mountain-tanager,LC
22722549,127960,Tanagers,Sporathraupis cyanocephala,Blue-capped Tanager,LC
22722150,127980,Tanagers,Chlorornis riefferii,Grass-green Tanager,LC
22722611,128000,Tanagers,Cnemathraupis aureodorsalis,Golden-backed Mountain-tanager,NT
103845698,128020,Tanagers,Anisognathus flavinucha,Bolivian Mountain-tanager,LC
103845767,128060,Tanagers,Anisognathus igniventris,Fire-bellied Mountain-tanager,LC
103845906,128120,Tanagers,Chlorochrysa calliparaea,Orange-eared Tanager,LC
103845936,128130,Tanagers,Chlorochrysa fulgentissima,Blue-throated Tanager,LC
22722558,128170,Tanagers,Bangsia arcaei,Blue-and-gold Tanager,NT
22722584,128190,Tanagers,Bangsia edwardsi,Moss-backed Tanager,LC
22722576,128200,Tanagers,Bangsia rothschildi,Golden-chested Tanager,LC
22723140,128220,Tanagers,Lophospingus griseocristatus,Grey-crested Finch,LC
22721587,128320,Tanagers,Paroaria dominicana,Red-cowled Cardinal,LC
22736357,128330,Tanagers,Paroaria nigrogenis,Masked Cardinal,LC
22722875,128390,Tanagers,Tangara rufigula,Rufous-throated Tanager,LC
22722816,128460,Tanagers,Tangara palmeri,Grey-and-gold Tanager,LC
22722527,128470,Tanagers,Tangara episcopus,Blue-grey Tanager,LC
22722531,128490,Tanagers,Tangara glaucocolpa,Glaucous Tanager,LC
22722540,128520,Tanagers,Tangara ornata,Golden-chevroned Tanager,LC
22722546,128530,Tanagers,Tangara palmarum,Palm Tanager,LC
103848169,128540,Tanagers,Tangara argentea,Black-headed Tanager,LC
103848213,128550,Tanagers,Tangara whitelyi,Black-hooded Tanager,LC
22722946,128580,Tanagers,Tangara argyrofenges,Straw-backed Tanager,VU
22722924,128740,Tanagers,Tangara dowii,Spangle-cheeked Tanager,LC
22722927,128750,Tanagers,Tangara fucosa,Green-naped Tanager,LC
22722909,128780,Tanagers,Tangara labradorides,Metallic-green Tanager,LC
22722878,128790,Tanagers,Tangara gyrola,Bay-headed Tanager,LC
22722823,128910,Tanagers,Tangara fastuosa,Seven-colored Tanager,VU
22722833,128940,Tanagers,Tangara desmaresti,Brassy-breasted Tanager,LC
103849764,128980,Tanagers,Tangara brasiliensis,White-bellied Tanager,LC
22722958,129000,Tanagers,Tangara callophrys,Opal-crowned Tanager,LC
22722117,129150,Tanagers,Orchesticus abeillei,Brown Tanager,NT
22735320,130660,Tanagers,Sporophila murallae,Caqueta Seedeater,LC
22723437,130680,Tanagers,Sporophila luctuosa,Black-and-white Seedeater,LC
22723451,130690,Tanagers,Sporophila caerulescens,Double-collared Seedeater,LC
22723532,130770,Tanagers,Sporophila atrirostris,Black-billed Seed-finch,LC
22723406,130780,Tanagers,Sporophila schistacea,Slate-colored Seedeater,LC
22723414,130810,Tanagers,Sporophila plumbea,Plumbeous Seedeater,LC
103818544,130950,Tanagers,Sporophila iberaensis,Ibera Seedeater,NT
22723495,130970,Tanagers,Sporophila hypochroma,Rufous-rumped Seedeater,NT
22723509,131000,Tanagers,Sporophila melanogaster,Black-bellied Seedeater,NT
103819218,131150,Tanagers,Cnemoscopus chrysogaster,Golden-bellied Tanager,LC
22722245,131180,Tanagers,Pseudospingus xanthophthalmus,Drab Hemispingus,LC
22723219,131190,Tanagers,Poospiza boliviana,Bolivian Warbling-finch,LC
22723269,131260,Tanagers,Poospiza garleppi,Cochabamba Mountain-finch,NT
22722236,131270,Tanagers,Poospiza goeringi,Slaty-backed Hemispingus,NT
22722239,131280,Tanagers,Poospiza rufosuperciliaris,Rufous-browed Hemispingus,LC
22722226,131310,Tanagers,Kleinothraupis reyi,Grey-capped Hemispingus,NT
103823410,131390,Tanagers,Sphenopsis piurae,Piura Hemispingus,LC
22722251,131450,Tanagers,Thlypopsis pyrrhocoma,Chestnut-headed Tanager,LC
22722130,131520,Tanagers,Cypsnagra hirundinacea,White-rumped Tanager,LC
22723028,131550,Tanagers,Urothraupis stolzmanni,Black-backed Bush Tanager,LC
22723033,131560,Tanagers,Nephelornis oneilli,Pardusco,LC
22736273,131570,Tanagers,Microspingus lateralis,Buff-breasted Warbling-finch,LC
22722105,131760,Tanagers,Conirostrum rufum,Rufous-browed Conebill,LC
22723346,131830,Tanagers,Sicalis flaveola,Saffron Finch,LC
103838548,131880,Tanagers,Sicalis mendozae,Monte Yellow-finch,LC
103838515,131890,Tanagers,Sicalis olivascens,Greenish Yellow-finch,LC
22735943,132000,Tanagers,Nesospiza acunhae,Inaccessible Island Finch,VU
22735345,132010,Tanagers,Nesospiza questi,Nightingale Island Finch,VU
22734223,35440,"Hawks, Eagles",Circaetus pectoralis,Black-chested Snake-eagle,LC
22695271,35450,"Hawks, Eagles",Circaetus cinereus,Brown Snake-eagle,LC
22695185,35520,"Hawks, Eagles",Necrosyrtes monachus,Hooded Vulture,CR
22695215,35530,"Hawks, Eagles",Gyps himalayensis,Himalayan Griffon,NT
22695021,35640,"Hawks, Eagles",Macheiramphus alcinus,Bat Hawk,LC
22696007,35650,"Hawks, Eagles",Harpyopsis novaeguineae,Papuan Eagle,VU
22696172,35730,"Hawks, Eagles",Nisaetus lanceolatus,Sulawesi Hawk-eagle,LC
45015567,35740,"Hawks, Eagles",Nisaetus philippensis,North Philippine Hawk-eagle,EN
22696022,35900,"Hawks, Eagles",Clanga pomarina,Lesser Spotted Eagle,LC
22696033,35930,"Hawks, Eagles",Aquila rapax,Tawny Eagle,VU
22696048,35960,"Hawks, Eagles",Aquila heliaca,Eastern Imperial Eagle,VU
22696064,35990,"Hawks, Eagles",Aquila audax,Wedge-tailed Eagle,LC
22696067,36000,"Hawks, Eagles",Aquila verreauxii,Verreaux's Eagle,LC
22695060,36170,"Hawks, Eagles",Harpagus bidentatus,Double-toothed Kite,LC
61709172,36210,"Hawks, Eagles",Circus spilothorax,Papuan Harrier,LC
22695363,36220,"Hawks, Eagles",Circus approximans,Swamp Harrier,LC
22727733,36290,"Hawks, Eagles",Circus cyaneus,Hen Harrier,LC
22695453,36380,"Hawks, Eagles",Accipiter poliogaster,Grey-bellied Goshawk,NT
22695462,36390,"Hawks, Eagles",Accipiter trivirgatus,Crested Goshawk,LC
22695508,36480,"Hawks, Eagles",Accipiter francesiae,Frances's Sparrowhawk,LC
22695535,36570,"Hawks, Eagles",Accipiter albogularis,Pied Goshawk,LC
22695538,36590,"Hawks, Eagles",Accipiter rufitorques,Fiji Goshawk,LC
22695544,36600,"Hawks, Eagles",Accipiter henicogrammus,Moluccan Goshawk,NT
22695605,36700,"Hawks, Eagles",Accipiter brachyurus,New Britain Sparrowhawk,VU
22682791,38350,Trogons,Trogon mexicanus,Mountain Trogon,LC
22682638,38490,Hornbills,Bucorvus leadbeateri,Southern Ground-hornbill,VU
22682632,38500,Hornbills,Bucorvus abyssinicus,Northern Ground-hornbill,VU
22682409,38550,Hornbills,Lophoceros hemprichii,Hemprich's Hornbill,LC
22725956,38710,Hornbills,Horizocerus cassini,Eastern Long-tailed Hornbill,LC
22727013,38720,Hornbills,Horizocerus granti,Eastern Dwarf Hornbill,LC
22682627,38740,Hornbills,Ceratogymna elata,Yellow-casqued Hornbill,VU
22682570,38760,Hornbills,Bycanistes brevis,Silvery-cheeked Hornbill,LC
22682609,38790,Hornbills,Bycanistes albotibialis,White-thighed Hornbill,LC
22731946,38930,Hornbills,Anorrhinus tickelli,Tickell's Brown Hornbill,NT
22682441,38980,Hornbills,Anthracoceros malayanus,Black Hornbill,VU
22682433,39000,Hornbills,Anthracoceros coronatus,Malabar Pied Hornbill,NT
22682517,39070,Hornbills,Rhabdotorrhinus waldeni,Rufous-headed Hornbill,EN
22682494,39080,Hornbills,Penelopides panini,Visayan Hornbill,EN
61623294,39090,Hornbills,Penelopides affinis,Mindanao Hornbill,LC
22682491,39100,Hornbills,Penelopides mindorensis,Mindoro Hornbill,EN
22728670,39220,Hoopoes,Upupa antaios,Saint Helena Hoopoe,EX
22683661,39330,Bee-eaters,Nyctyornis amictus,Red-bearded Bee-eater,LC
22683680,39370,Bee-eaters,Merops bulocki,Red-throated Bee-eater,LC
22725876,39460,Bee-eaters,Merops orientalis,Asian Green Bee-eater,LC
22725900,39480,Bee-eaters,Merops viridis,Blue-throated Bee-eater,LC
22683744,39510,Bee-eaters,Merops superciliosus,Olive Bee-eater,LC
22683702,39560,Bee-eaters,Merops hirundineus,Swallow-tailed Bee-eater,LC
22683688,39600,Bee-eaters,Merops pusillus,Little Bee-eater,LC
22683670,39610,Bee-eaters,Merops gularis,Black Bee-eater,LC
22682892,39680,Rollers,Coracias naevius,Purple Roller,LC
22682937,39830,Ground-rollers,Geobiastes squamiger,Scaly Ground-roller,VU
22682955,39850,Ground-rollers,Atelornis pittoides,Pitta-like Ground-roller,LC
22683009,39870,Todies,Todus multicolor,Cuban Tody,LC
22683012,39880,Todies,Todus angustirostris,Narrow-billed Tody,LC
22683021,39890,Todies,Todus subulatus,Broad-billed Tody,LC
22683015,39910,Todies,Todus mexicanus,Puerto Rican Tody,LC
22682980,39920,Motmots,Hylomanes momotula,Tody Motmot,LC
61634649,39960,Motmots,Momotus lessonii,Blue-diademed Motmot,LC
22683156,40100,Kingfishers,Corythornis madagascariensis,Madagascar Pygmy-kingfisher,LC
22683112,40110,Kingfishers,Corythornis leucogaster,White-bellied Kingfisher,LC
61650582,40120,Kingfishers,Corythornis cristatus,Malachite Kingfisher,LC
22683106,40140,Kingfishers,Corythornis nais,Principe Kingfisher,LC
61655468,40190,Kingfishers,Ceyx mindanensis,South Philippine Dwarf-Kingfisher,LC
22683135,40200,Kingfishers,Ceyx erithaca,Black-backed Dwarf-kingfisher,NT
22726619,40270,Kingfishers,Ceyx dispar,Manus Dwarf-kingfisher,NT
22726625,40280,Kingfishers,Ceyx mulcatus,New Ireland Dwarf-kingfisher,LC
22726649,40320,Kingfishers,Ceyx nigromaxilla,Guadalcanal Dwarf-kingfisher,LC
22726655,40330,Kingfishers,Ceyx gentianus,San Cristobal Dwarf-kingfisher,LC
22726949,40340,Kingfishers,Ceyx cyanopectus,Northern Indigo-banded Kingfisher,LC
22683045,40390,Kingfishers,Ceyx azureus,Azure Kingfisher,LC
22683616,40610,Kingfishers,Megaceryle maxima,Giant Kingfisher,LC
22683652,40670,Kingfishers,Chloroceryle americana,Green Kingfisher,LC
22683230,40730,Kingfishers,Pelargopsis melanorhyncha,Great-billed Kingfisher,LC
22683234,40750,Kingfishers,Halcyon coromanda,Ruddy Kingfisher,LC
22725846,40760,Kingfishers,Halcyon smyrnensis,White-throated Kingfisher,LC
22683556,40910,Kingfishers,Actenoides princeps,Scaly-breasted Kingfisher,LC
22683566,41010,Kingfishers,Syma torotoro,Yellow-billed Kingfisher,LC
22683399,41120,Kingfishers,Todiramphus chloris,Collared Kingfisher,LC
22725862,41150,Kingfishers,Todiramphus cinnamominus,Guam Kingfisher,EW
22683422,41170,Kingfishers,Todiramphus saurophagus,Beach Kingfisher,LC
22683442,41180,Kingfishers,Todiramphus sanctus,Sacred Kingfisher,LC
22683479,41210,Kingfishers,Todiramphus tutus,Chattering Kingfisher,NT
22683465,41220,Kingfishers,Todiramphus ruficollaris,Mangaia Kingfisher,LC
22726899,41310,Kingfishers,Cittura sanghirensis,Sangihe Lilac Kingfisher,LC
22683577,41340,Kingfishers,Tanysiptera galatea,Common Paradise-kingfisher,LC
22683572,41380,Kingfishers,Tanysiptera hydrocharis,Little Paradise-kingfisher,DD
22683193,41460,Kingfishers,Dacelo leachii,Blue-winged Kookaburra,LC
22683199,41480,Kingfishers,Dacelo gaudichaud,Rufous-bellied Kookaburra,LC
22682180,41530,Jacamars,Brachygalba lugubris,Brown Jacamar,LC
22682177,41540,Jacamars,Brachygalba goeringi,Pale-headed Jacamar,LC
22682203,41610,Jacamars,Galbula galbula,Green-tailed Jacamar,LC
22682206,41640,Jacamars,Galbula pastazae,Coppery-chested Jacamar,LC
22682221,41670,Jacamars,Galbula dea,Paradise Jacamar,LC
22733874,41710,Puffbirds,Notharchus macrorhynchos,Guianan Puffbird,LC
22682240,41730,Puffbirds,Notharchus pectoralis,Black-breasted Puffbird,LC
22682249,41790,Puffbirds,Cyphos macrodactylus,Chestnut-capped Puffbird,LC
61999582,41870,Puffbirds,Hypnelus ruficollis,Russet-throated Puffbird,LC
22682295,41970,Puffbirds,Malacoptila mystacalis,Moustached Puffbird,LC
22682328,42080,Puffbirds,Monasa nigrifrons,Black-fronted Nunbird,LC
22682334,42100,Puffbirds,Monasa flavirostris,Yellow-billed Nunbird,LC
22682164,42120,Toucans,Ramphastos toco,Toco Toucan,LC
22727999,42130,Toucans,Ramphastos ambiguus,Yellow-throated Toucan,LC
22682129,42220,Toucans,Ramphastos dicolorus,Red-breasted Toucan,LC
22681984,42380,Toucans,Aulacorhynchus coeruleicinctis,Blue-banded Toucanet,LC
22682066,42560,Toucans,Andigena nigrirostris,Black-billed Mountain-toucan,LC
22726208,42700,Toucans,Pteroglossus sanguineus,Stripe-billed Araçari,LC
22728139,42780,Toucans,Pteroglossus sturmii,Western Red-necked Araçari,LC
22681908,42890,New World Barbets,Capito maculicoronatus,Spot-crowned Barbet,LC
22729471,42920,New World Barbets,Capito wallacei,Scarlet-banded Barbet,VU
45359950,42930,New World Barbets,Capito fitzpatricki,Sira Barbet,NT
22733719,42960,New World Barbets,Capito niger,Black-spotted Barbet,LC
22733724,42970,New World Barbets,Capito auratus,Gilded Barbet,LC
22726164,43000,New World Barbets,Eubucco aurantiicollis,Flame-throated Barbet,LC
22681956,43090,Prong-billed Barbets,Semnornis ramphastinus,Toucan Barbet,NT
22727057,43170,Asian Barbets,Caloramphus hayii,Malay Brown Barbet,NT
22681681,43190,Asian Barbets,Psilopogon haemacephalus,Coppersmith Barbet,LC
22681655,43340,Asian Barbets,Psilopogon pulcherrimus,Golden-naped Barbet,LC
22734438,43460,Asian Barbets,Psilopogon faber,Chinese Barbet,LC
22681646,43470,Asian Barbets,Psilopogon incognitus,Moustached Barbet,LC
61469908,43490,Asian Barbets,Psilopogon chersonesus,Turquoise-throated Barbet,LC
22735400,43500,Asian Barbets,Psilopogon annamensis,Annam Barbet,LC
22681703,43720,African barbets,Gymnobucco sladeni,Sladen's Barbet,LC
22681728,43780,African barbets,Stactolaema whytii,Whyte's Barbet,LC
22681754,43810,African barbets,Pogoniulus simplex,Eastern Green Tinkerbird,LC
22681765,43850,African barbets,Pogoniulus subsulphureus,Yellow-throated Tinkerbird,LC
22726068,43990,African barbets,Lybius leucocephalus,White-headed Barbet,LC
22726092,44070,African barbets,Pogonornis minor,Brown-faced Barbet,LC
22726102,44080,African barbets,Pogonornis macclounii,White-faced Barbet,LC
22681861,44090,African barbets,Pogonornis bidentatus,Double-toothed Barbet,LC
22681869,44110,African barbets,Pogonornis rolleti,Black-breasted Barbet,LC
22680634,44210,Honeyguides,Indicator willcocksi,Willcocks's Honeyguide,LC
22680612,44260,Honeyguides,Indicator variegatus,Scaly-throated Honeyguide,LC
22680620,44280,Honeyguides,Indicator archipelagicus,Malaysian Honeyguide,NT
22696368,47580,"Falcons, Caracaras",Falco newtoni,Malagasy Kestrel,LC
22696373,47590,"Falcons, Caracaras",Falco punctatus,Mauritius Kestrel,EN
22696395,47640,"Falcons, Caracaras",Falco sparverius,American Kestrel,LC
22696437,47730,"Falcons, Caracaras",Falco amurensis,Amur Falcon,LC
22696446,47750,"Falcons, Caracaras",Falco concolor,Sooty Falcon,VU
22696457,47770,"Falcons, Caracaras",Falco rufigularis,Bat Falcon,LC
22696516,47780,"Falcons, Caracaras",Falco deiroleucus,Orange-breasted Falcon,NT
22696354,47850,"Falcons, Caracaras",Falco berigora,Brown Falcon,LC
22696479,47860,"Falcons, Caracaras",Falco hypoleucos,Grey Falcon,VU
22696487,47880,"Falcons, Caracaras",Falco biarmicus,Lanner Falcon,LC
22696492,47890,"Falcons, Caracaras",Falco jugger,Laggar Falcon,NT
22696504,47920,"Falcons, Caracaras",Falco mexicanus,Prairie Falcon,LC
22684840,48010,New Zealand Parrots,Nestor meridionalis,New Zealand Kaka,VU
22684749,48040,Cockatoos,Calyptorhynchus lathami,Glossy Black-cockatoo,VU
22684733,48070,Cockatoos,Zanda latirostris,Carnaby's Black-cockatoo,EN
22684723,48080,Cockatoos,Probosciger aterrimus,Palm Cockatoo,NT
22684755,48090,Cockatoos,Callocephalon fimbriatum,Gang-gang Cockatoo,VU
22684758,48100,Cockatoos,Eolophus roseicapilla,Galah,LC
22684816,48130,Cockatoos,Cacatua pastinator,Western Corella,LC
22684813,48140,Cockatoos,Cacatua sanguinea,Little Corella,LC
22684800,48150,Cockatoos,Cacatua goffiniana,Tanimbar Corella,NT
22684795,48170,Cockatoos,Cacatua haematuropygia,Philippine Cockatoo,CR
22685308,48290,Parrots,Poicephalus flavifrons,Yellow-fronted Parrot,LC
22685317,48340,Parrots,Poicephalus cryptoxanthus,Brown-headed Parrot,LC
22685299,48350,Parrots,Poicephalus crassus,Niam-niam Parrot,LC
22686006,48390,Parrots,Touit batavicus,Lilac-tailed Parrotlet,LC
22686017,48410,Parrots,Touit costaricensis,Red-fronted Parrotlet,NT
22686029,48430,Parrots,Touit purpuratus,Sapphire-rumped Parrotlet,LC
22686037,48440,Parrots,Touit melanonotus,Brown-backed Parrotlet,NT
22685913,48490,Parrots,Bolborhynchus lineola,Barred Parakeet,LC
22685919,48500,Parrots,Bolborhynchus ferrugineifrons,Rufous-fronted Parakeet,VU
22686000,48530,Parrots,Nannopsittaca dachilleae,Amazonian Parrotlet,LC
45427286,48540,Parrots,Myiopsitta luchsi,Cliff Parakeet,NT
22685966,48610,Parrots,Brotogeris pyrrhoptera,Grey-cheeked Parakeet,VU
22685986,48640,Parrots,Brotogeris chrysoptera,Golden-winged Parakeet,LC
22729967,48720,Parrots,Pyrilia aurantiocephala,Bald Parrot,NT
22686163,48750,Parrots,Hapalopsittaca fuertesi,Indigo-winged Parrot,EN
45429607,48830,Parrots,Pionus menstruus,Blue-headed Parrot,LC
45429616,48840,Parrots,Pionus reichenowi,Blue-breasted Parrot,VU
22727636,48910,Parrots,Amazona bodini,Northern Festive Amazon,LC
22686231,48960,Parrots,Amazona agilis,Black-billed Amazon,EN
22686209,48980,Parrots,Amazona collaria,Yellow-billed Amazon,VU
22685145,50620,Parrots,Psephotellus dissimilis,Hooded Parrot,LC
22685104,50660,Parrots,Platycercus caledonicus,Green Rosella,LC
22685090,50760,Parrots,Barnardius zonarius,Australian Ringneck,LC
22685182,50840,Parrots,Cyanoramphus zealandicus,Black-fronted Parakeet,EX
22685226,50970,Parrots,Pezoporus wallicus,Ground Parrot,LC
22685197,51020,Parrots,Neophema elegans,Elegant Parrot,LC
22685200,51030,Parrots,Neophema petrophila,Rock Parrot,LC
22684683,51200,Parrots,Charmosyna rubronotata,Red-fronted Lorikeet,LC
22684686,51210,Parrots,Charmosyna placentis,Red-flanked Lorikeet,LC
22684693,51230,Parrots,Charmosyna amabilis,Red-throated Lorikeet,CR
22725349,51280,Parrots,Charmosyna stellae,Stella's Lorikeet,LC
22684717,51360,Parrots,Neopsittacus musschenbroekii,Yellow-billed Lorikeet,LC
22684720,51370,Parrots,Neopsittacus pullicauda,Orange-billed Lorikeet,LC
22684655,51390,Parrots,Glossopsitta pusilla,Little Lorikeet,LC
22684491,51500,Parrots,Chalcopsitta duivenbodei,Brown Lory,LC
22684506,51570,Parrots,Eos squamata,Violet-necked Lory,LC
22684515,51590,Parrots,Eos reticulata,Blue-streaked Lory,NT
22684519,51600,Parrots,Eos cyanogenia,Black-winged Lory,NT
22684524,51610,Parrots,Eos semilarvata,Blue-eared Lory,NT
22684548,51710,Parrots,Trichoglossus euteles,Olive-headed Lorikeet,LC
62114375,6470,Grebes,Podiceps occipitalis,Southern Silvery Grebe,LC
279198786,67160,Tyrant-flycatchers,Pyrocephalus nanus,Brujo Flycatcher,NT
279001760,52940,Pittas,Erythropitta celebensis,Sulawesi Pitta,LC
22728282,7800,"Pigeons, Doves",Geotrygon purpurata,Purple Quail-Dove,EN
22729909,7840,"Pigeons, Doves",Geotrygon leucometopia,White-fronted Quail-Dove,EN
22678576,870,Megapodes,Macrocephalon maleo,Maleo,CR
155246763,1430,"Guans, Chachalacas, Curassows",Ortalis squamata,Scaled Chachalaca,LC
22679655,1990,New World quails,Odontophorus hyperythrus,Chestnut Wood-quail,LC
22734742,2280,"Pheasants, Partridges, Turkeys, Grouse",Arborophila campbelli,Malay Partridge,LC
22725006,2570,"Pheasants, Partridges, Turkeys, Grouse",Argusianus argus,Great Argus,VU
22678819,3100,"Pheasants, Partridges, Turkeys, Grouse",Pternistis adspersus,Red-billed Spurfowl,LC
22679169,3670,"Pheasants, Partridges, Turkeys, Grouse",Tragopan temminckii,Temminck's Tragopan,LC
22679144,3690,"Pheasants, Partridges, Turkeys, Grouse",Ithaginis cruentus,Blood Pheasant,LC
22679480,4240,"Pheasants, Partridges, Turkeys, Grouse",Lyrurus tetrix,Black Grouse,LC
22679511,4290,"Pheasants, Partridges, Turkeys, Grouse",Tympanuchus phasianellus,Sharp-tailed Grouse,LC
22727750,4470,"Ducks, Geese, Swans",Oxyura jamaicensis,Ruddy Duck,LC
22679820,4510,"Ducks, Geese, Swans",Oxyura maccoa,Maccoa Duck,EN
22680455,5030,"Ducks, Geese, Swans",Bucephala clangula,Common Goldeneye,LC
22680015,5280,"Ducks, Geese, Swans",Tadorna variegata,Paradise Shelduck,LC
22680021,5290,"Ducks, Geese, Swans",Tadorna cristata,Crested Shelduck,CR
22680061,5310,"Ducks, Geese, Swans",Cairina moschata,Muscovy Duck,LC
22680370,5600,"Ducks, Geese, Swans",Aythya collaris,Ring-necked Duck,LC
154837304,21180,"Rails, Gallinules, Coots",Aramides albiventris,Russet-naped Wood-rail,LC
22692565,21200,"Rails, Gallinules, Coots",Aramides axillaris,Rufous-necked Wood-rail,LC
22692672,21480,"Rails, Gallinules, Coots",Zapornia palmeri,Laysan Rail,EX
22692660,21500,"Rails, Gallinules, Coots",Zapornia bicolor,Black-tailed Crake,LC
22728726,21700,"Rails, Gallinules, Coots",Porphyrio caerulescens,Reunion Gallinule,EX
22692913,21980,"Rails, Gallinules, Coots",Fulica atra,Eurasian Coot,LC
22692932,22020,"Rails, Gallinules, Coots",Fulica ardesiaca,Andean Coot,LC
22692067,22270,Cranes,Grus rubicunda,Brolga,LC
22692015,22480,Bustards,Houbaropsis bengalensis,Bengal Florican,CR
22727255,25070,Storks,Ciconia episcopus,Asian Woollyneck,NT
22697510,25230,"Ibises, Spoonbills",Threskiornis aethiopicus,African Sacred Ibis,LC
22697525,25270,"Ibises, Spoonbills",Threskiornis spinicollis,Straw-necked Ibis,LC
22697488,25320,"Ibises, Spoonbills",Geronticus eremita,Northern Bald Ibis,EN
22697444,25430,"Ibises, Spoonbills",Theristicus branickii,Andean Ibis,NT
22697219,25870,Herons,Nycticorax caledonicus,Nankeen Night Heron,LC
62286255,25890,Herons,Nyctanassa carcinocatactes,Bermuda Night Heron,EX
22696987,26220,Herons,Pilherodius pileatus,Capped Heron,LC
22697595,26430,Pelicans,Pelecanus rufescens,Pink-backed Pelican,LC
22696792,26920,Cormorants,Phalacrocorax carbo,Great Cormorant,LC
22696799,26930,Cormorants,Phalacrocorax capillatus,Japanese Cormorant,LC
22693597,27190,Thick-knees,Burhinus superciliaris,Peruvian Thick-knee,VU
22693604,27220,Thick-knees,Esacus recurvirostris,Great Thick-knee,NT
22735615,27810,Plovers,Charadrius dealbatus,White-faced Plover,LC
22693839,27830,Plovers,Charadrius javanicus,Javan Plover,LC
22693154,28620,"Sandpipers, Snipes, Phalaropes",Limosa haemastica,Hudsonian Godwit,VU
22693341,28650,"Sandpipers, Snipes, Phalaropes",Arenaria melanocephala,Black Turnstone,LC
22725924,39700,Rollers,Coracias affinis,Indochinese Roller,LC
22682905,39710,Rollers,Coracias temminckii,Purple-winged Roller,LC
22682860,39750,Rollers,Coracias garrulus,European Roller,LC
22729189,40000,Motmots,Momotus aequatorialis,Andean Motmot,LC
22683237,40790,Kingfishers,Halcyon badia,Chocolate-backed Kingfisher,LC
22683328,41080,Kingfishers,Todiramphus albonotatus,New Britain Kingfisher,NT
22682212,41630,Jacamars,Galbula cyanescens,Bluish-fronted Jacamar,LC
45359046,41930,Puffbirds,Malacoptila striata,Greater Crescent-chested Puffbird,LC
22727063,43050,New World Barbets,Eubucco versicolor,Blue-moustached Barbet,LC
22681597,43370,Asian Barbets,Psilopogon zeylanicus,Brown-headed Barbet,LC
22681808,43960,African barbets,Tricholaema melanocephala,Black-throated Barbet,LC
22680739,44520,Woodpeckers,Picumnus cirratus,White-barred Piculet,LC
22681546,44880,Woodpeckers,Blythipicus pyrrhotis,Bay Woodpecker,LC
22681562,45130,Woodpeckers,Meiglyptes tukki,Buff-necked Woodpecker,NT
22681459,45370,Woodpeckers,Picus awokera,Japanese Woodpecker,LC
22681447,45410,Woodpeckers,Picus viridanus,Streak-breasted Woodpecker,LC
22681331,45980,Woodpeckers,Celeus elegans,Chestnut Woodpecker,LC
22681072,46530,Woodpeckers,Picoides kizuki,Japanese Pygmy Woodpecker,LC
22681046,46540,Woodpeckers,Picoides maculatus,Philippine Pygmy Woodpecker,LC
22681068,46560,Woodpeckers,Picoides canicapillus,Grey-capped Woodpecker,LC
22681079,46810,Woodpeckers,Leiopicus auriceps,Brown-fronted Woodpecker,LC
22681114,46820,Woodpeckers,Leiopicus medius,Middle Spotted Woodpecker,LC
22696296,47350,"Falcons, Caracaras",Micrastur buckleyi,Buckley's Forest-falcon,LC
22696388,47620,"Falcons, Caracaras",Falco moluccensis,Spotted Kestrel,LC
22696391,47630,"Falcons, Caracaras",Falco cenchroides,Nankeen Kestrel,LC
22696402,47660,"Falcons, Caracaras",Falco alopex,Fox Kestrel,LC
22696500,47910,"Falcons, Caracaras",Falco rusticolus,Gyrfalcon,LC
22686136,48710,Parrots,Pyrilia caica,Caica Parrot,LC
22728701,49230,Parrots,Amazona violacea,Guadeloupe Amazon,EX
22733968,49520,Parrots,Pyrrhura griseipectus,Grey-breasted Parakeet,EN
22685891,49850,Parrots,Enicognathus leptorhynchus,Slender-billed Parakeet,LC
22685142,50610,Parrots,Psephotellus varius,Mulga Parrot,LC
22684564,51750,Parrots,Trichoglossus rubiginosus,Pohnpei Lorikeet,NT
22732102,52040,Parrots,Loriculus amabilis,Moluccan Hanging-parrot,LC
22684866,52860,Parrots,Micropsitta finschii,Green Pygmy-parrot,LC
22699839,67990,Tyrant-flycatchers,Empidonax flaviventris,Yellow-bellied Flycatcher,LC
22700569,68530,Tyrant-flycatchers,Myiodynastes bairdii,Baird's Flycatcher,LC
22700516,68810,Tyrant-flycatchers,Tyrannus cubensis,Giant Kingbird,EN
22700380,68860,Tyrant-flycatchers,Rhytipterna immunda,Pale-bellied Mourner,LC
22704027,70230,Honeyeaters,Guadalcanaria inexpectata,Guadalcanal Honeyeater,LC
103686033,70300,Honeyeaters,Foulehaio procerior,Kikau,LC
22704224,70530,Honeyeaters,Philemon argenticeps,Silver-crowned Friarbird,LC
22728820,73070,Old World Orioles,Turnagra tanagra,North Island Piopio,EX
103693208,73610,Quail-thrushes and Jewel-babblers,Cinclosoma marginatum,Western Quail-thrush,LC
103693676,74460,Vireos,Hylophilus viridiflavus,Yellow-green Greenlet,LC
22706489,75320,Cuckooshrikes,Coracina fortis,Buru Cuckooshrike,NT
103694177,75350,Cuckooshrikes,Coracina caledonica,South Melanesian Cuckooshrike,LC
22706302,76450,Woodswallows and Butcherbirds,Artamus fuscus,Ashy Woodswallow,LC
22708058,76650,Vangas and allies,Euryceros prevostii,Helmet Vanga,EN
22708024,76670,Vangas and allies,Xenopirostris xenopirostris,Lafresnaye's Vanga,NT
22707801,76790,Vangas and allies,Prionops scopifrons,Chestnut-fronted Helmetshrike,LC
22706769,76810,Vangas and allies,Hemipus picatus,Bar-winged Flycatcher-shrike,LC
22707858,77010,Batises and Wattle-eyes,Batis fratrum,Woodwards' Batis,LC
22707924,77310,Batises and Wattle-eyes,Platysteira cyanea,Brown-throated Wattle-eye,LC
22707440,77380,Ioras,Aegithina viridissima,Green Iora,NT
22707514,77580,Bush-shrikes,Tchagra tchagra,Southern Tchagra,LC
22706802,78140,Fantails,Rhipidura perlata,Spotted Fantail,LC
103708962,78160,Fantails,Rhipidura tenkatei,Roti Fantail,LC
22706913,78490,Fantails,Rhipidura kubaryi,Pohnpei Fantail,LC
22706987,79010,Drongos,Dicrurus montanus,Sulawesi Drongo,LC
22707400,79320,Monarch-flycatchers,Myiagra ruficollis,Broad-billed Flycatcher,LC
22707288,79570,Monarch-flycatchers,Symposiachrus everetti,White-tipped Monarch,EN
22708195,104780,Thrushes,Neocossyphus poensis,White-tailed Ant-thrush,LC
103887337,105910,Thrushes,Psophocichla litsitsirupa,Groundscraper Thrush,LC
22708712,106190,Thrushes,Turdus libonyana,Kurrichane Thrush,LC
22708684,106240,Thrushes,Turdus leucops,Pale-eyed Thrush,LC
22708955,106260,Thrushes,Turdus swalesi,La Selle Thrush,VU
22736111,106770,Thrushes,Turdus eunomus,Dusky Thrush,LC
22709909,107040,Old World Flycatchers and Chats,Tychaedon signata,Brown Scrub-robin,LC
22709355,107890,Old World Flycatchers and Chats,Anthipes solitaris,Rufous-browed Flycatcher,LC
22709426,107930,Old World Flycatchers and Chats,Eumyias thalassinus,Verditer Flycatcher,LC
22709445,107940,Old World Flycatchers and Chats,Eumyias panayensis,Turquoise Flycatcher,LC
22709117,107950,Old World Flycatchers and Chats,Eumyias additus,Buru Warbling-flycatcher,NT
103762997,108700,Old World Flycatchers and Chats,Stiphrornis xanthogaster,Yellow-breasted Forest-robin,LC
22709177,108990,Old World Flycatchers and Chats,Vauriella insignis,White-browed Jungle-flycatcher,LC
22709696,109280,Old World Flycatchers and Chats,Luscinia megarhynchos,Common Nightingale,LC
22709319,109840,Old World Flycatchers and Chats,Ficedula semitorquata,Semi-collared Flycatcher,LC
22710263,110670,Old World Flycatchers and Chats,Myrmecocichla monticola,Mountain Chat,LC
22708150,111230,Waxwings,Bombycilla japonica,Japanese Waxwing,NT
22718128,112350,Sunbirds,Arachnothera magna,Streaked Spiderhunter,LC
22718112,112360,Sunbirds,Arachnothera flavigaster,Spectacled Spiderhunter,LC
22717869,113200,Sunbirds,Cinnyris chalybeus,Southern Double-collared Sunbird,LC
103811282,114610,Weavers,Foudia aldabrana,Aldabra Fody,EN
22719645,116600,Waxbills,Paludipasser locustella,Locust Finch,LC
22718290,118010,Old World Sparrows,Gymnoris pyrgita,Yellow-spotted Bush-sparrow,LC
22718614,118550,Pipits and Wagtails,Anthus gutturalis,Alpine Pipit,LC
22718366,118840,Pipits and Wagtails,Motacilla aguimp,African Pied Wagtail,LC
22720756,120000,Finches,Chlorodrepanis stejnegeri,Kauai Amakihi,EN
216917740,120290,Finches,Carpodacus sibiricus,Siberian Long-tailed Rosefinch,LC
22720091,120830,Finches,Crithagra frontalis,Yellow-browed Citril,LC
22720098,120840,Finches,Crithagra hyposticta,East African Citril,LC
22678176,220,Tinamous,Crypturellus obsoletus,Brown Tinamou,LC
22678188,240,Tinamous,Crypturellus strigulosus,Brazilian Tinamou,LC
22729569,260,Tinamous,Crypturellus erythropus,Red-legged Tinamou,LC
22678217,270,Tinamous,Crypturellus noctivagus,Yellow-legged Tinamou,NT
22678185,300,Tinamous,Crypturellus transfasciatus,Pale-browed Tinamou,NT
22678194,320,Tinamous,Crypturellus kerriae,Choco Tinamou,NT
22678226,340,Tinamous,Crypturellus brevirostris,Rusty Tinamou,LC
22678235,360,Tinamous,Crypturellus casiquiare,Barred Tinamou,LC
22678259,520,Tinamous,Nothoprocta pentlandii,Andean Tinamou,LC
22678289,620,Tinamous,Eudromia elegans,Elegant Crested Tinamou,LC
22678294,630,Tinamous,Eudromia formosa,Quebracho Crested Tinamou,LC
22678111,670,"Cassowaries, Emus",Casuarius bennetti,Dwarf Cassowary,LC
22678117,690,"Cassowaries, Emus",Dromaius novaehollandiae,Common Emu,LC
45353580,750,Kiwis,Apteryx mantelli,North Island Brown Kiwi,VU
22678559,820,Megapodes,Aepypodius bruijnii,Waigeo Brushturkey,EN
22678583,890,Megapodes,Megapodius nicobariensis,Nicobar Scrubfowl,VU
22732420,920,Megapodes,Megapodius tenimberensis,Tanimbar Scrubfowl,VU
22734302,1000,Megapodes,Megapodius reinwardt,Orange-footed Scrubfowl,LC
22678446,1060,"Guans, Chachalacas, Curassows",Chamaepetes goudotii,Sickle-winged Guan,LC
22678367,1120,"Guans, Chachalacas, Curassows",Penelope marail,Marail Guan,LC
22678376,1160,"Guans, Chachalacas, Curassows",Penelope purpurascens,Crested Guan,NT
22678389,1190,"Guans, Chachalacas, Curassows",Penelope obscura,Dusky-legged Guan,LC
22678395,1210,"Guans, Chachalacas, Curassows",Penelope ochrogaster,Chestnut-bellied Guan,VU
22678429,1270,"Guans, Chachalacas, Curassows",Pipile jacutinga,Black-fronted Piping-guan,EN
22678440,1290,"Guans, Chachalacas, Curassows",Aburria aburri,Wattled Guan,LC
22678453,1300,"Guans, Chachalacas, Curassows",Oreophasis derbianus,Horned Guan,EN
22678308,1320,"Guans, Chachalacas, Curassows",Ortalis cinereiceps,Grey-headed Chachalaca,LC
22678312,1330,"Guans, Chachalacas, Curassows",Ortalis garrula,Chestnut-winged Chachalaca,LC
155238855,1410,"Guans, Chachalacas, Curassows",Ortalis guttata,Speckled Chachalaca,LC
22678521,1510,"Guans, Chachalacas, Curassows",Crax rubra,Great Curassow,VU
22678530,1530,"Guans, Chachalacas, Curassows",Crax daubentoni,Yellow-knobbed Curassow,NT
22678534,1540,"Guans, Chachalacas, Curassows",Crax alector,Black Curassow,LC
45090397,1640,"Guans, Chachalacas, Curassows",Pauxi unicornis,Horned Curassow,EN
45090459,1650,"Guans, Chachalacas, Curassows",Pauxi koepckeae,Sira Curassow,CR
22678855,3190,"Pheasants, Partridges, Turkeys, Grouse",Pternistis afer,Red-necked Spurfowl,LC
22678860,3200,"Pheasants, Partridges, Turkeys, Grouse",Pternistis swainsonii,Swainson's Spurfowl,LC
22728235,3260,"Pheasants, Partridges, Turkeys, Grouse",Pternistis atrifrons,Black-fronted Spurfowl,EN
22678728,3350,"Pheasants, Partridges, Turkeys, Grouse",Ortygornis pondicerianus,Grey Francolin,LC
22678733,3360,"Pheasants, Partridges, Turkeys, Grouse",Ortygornis gularis,Swamp Francolin,NT
22678744,3400,"Pheasants, Partridges, Turkeys, Grouse",Campocolinus schlegelii,Schlegel's Francolin,LC
22678756,3420,"Pheasants, Partridges, Turkeys, Grouse",Scleroptila streptophora,Ring-necked Francolin,LC
22679114,3510,"Pheasants, Partridges, Turkeys, Grouse",Bambusicola fytchii,Mountain Bamboo-partridge,LC
22725191,3520,"Pheasants, Partridges, Turkeys, Grouse",Bambusicola thoracicus,Chinese Bamboo-partridge,LC
22679199,3550,"Pheasants, Partridges, Turkeys, Grouse",Gallus gallus,Red Junglefowl,LC
22679209,3570,"Pheasants, Partridges, Turkeys, Grouse",Gallus lafayettii,Sri Lanka Junglefowl,LC
22678676,3590,"Pheasants, Partridges, Turkeys, Grouse",Tetraophasis obscurus,Chestnut-throated Partridge,LC
22679182,3610,"Pheasants, Partridges, Turkeys, Grouse",Lophophorus impejanus,Himalayan Monal,LC
22679192,3630,"Pheasants, Partridges, Turkeys, Grouse",Lophophorus lhuysii,Chinese Monal,VU
22679330,3720,"Pheasants, Partridges, Turkeys, Grouse",Syrmaticus humiae,Mrs Hume's Pheasant,VU
22679358,3770,"Pheasants, Partridges, Turkeys, Grouse",Chrysolophus amherstiae,Lady Amherst's Pheasant,LC
22732650,3790,"Pheasants, Partridges, Turkeys, Grouse",Phasianus versicolor,Green Pheasant,LC
22679217,3860,"Pheasants, Partridges, Turkeys, Grouse",Lophura leucomelanos,Kalij Pheasant,LC
22679220,3870,"Pheasants, Partridges, Turkeys, Grouse",Lophura nycthemera,Silver Pheasant,LC
22727411,3910,"Pheasants, Partridges, Turkeys, Grouse",Lophura erythrophthalma,Malay Crestless Fireback,CR
22678911,4040,"Pheasants, Partridges, Turkeys, Grouse",Perdix perdix,Grey Partridge,LC
22678919,4060,"Pheasants, Partridges, Turkeys, Grouse",Perdix hodgsoniae,Tibetan Partridge,LC
22679494,4100,"Pheasants, Partridges, Turkeys, Grouse",Tetrastes bonasia,Hazel Grouse,LC
22679473,4140,"Pheasants, Partridges, Turkeys, Grouse",Lagopus leucura,White-tailed Ptarmigan,LC
22679491,4230,"Pheasants, Partridges, Turkeys, Grouse",Tetrao urogalloides,Black-billed Capercaillie,LC
22679723,4320,Screamers,Anhima cornuta,Horned Screamer,LC
22679732,4350,Magpie Goose,Anseranas semipalmata,Magpie Goose,LC
22679746,4400,"Ducks, Geese, Swans",Dendrocygna bicolor,Fulvous Whistling-duck,LC
22679785,4440,"Ducks, Geese, Swans",Thalassornis leuconotus,White-backed Duck,LC
22679814,4520,"Ducks, Geese, Swans",Oxyura leucocephala,White-headed Duck,EN
22679843,4620,"Ducks, Geese, Swans",Cygnus atratus,Black Swan,LC
22679839,4630,"Ducks, Geese, Swans",Cygnus olor,Mute Swan,LC
22679946,4680,"Ducks, Geese, Swans",Branta bernicla,Brent Goose,LC
22679935,4720,"Ducks, Geese, Swans",Branta canadensis,Canada Goose,LC
22697398,6590,Flamingos,Phoenicoparrus jamesi,Puna Flamingo,NT
22696637,6600,Tropicbirds,Phaethon aethereus,Red-billed Tropicbird,LC
22696645,6620,Tropicbirds,Phaethon lepturus,White-tailed Tropicbird,LC
22690077,6700,"Pigeons, Doves",Columba leuconota,Snow Pigeon,LC
22690080,6710,"Pigeons, Doves",Columba guinea,Speckled Pigeon,LC
22690084,6720,"Pigeons, Doves",Columba albitorques,White-collared Pigeon,LC
22690097,6740,"Pigeons, Doves",Columba eversmanni,Yellow-eyed Pigeon,VU
22690092,6750,"Pigeons, Doves",Columba oliviae,Somali Pigeon,LC
22690117,6780,"Pigeons, Doves",Columba bollii,Dark-tailed Laurel-pigeon,LC
22690127,6800,"Pigeons, Doves",Columba unicincta,Afep Pigeon,LC
22690164,6860,"Pigeons, Doves",Columba albinucha,White-naped Pigeon,LC
22690178,6890,"Pigeons, Doves",Columba torringtoniae,Sri Lanka Woodpigeon,VU
22690195,6910,"Pigeons, Doves",Columba argentina,Silvery Pigeon,CR
22690218,6940,"Pigeons, Doves",Columba versicolor,Bonin Woodpigeon,EX
22690226,6980,"Pigeons, Doves",Columba pallidiceps,Yellow-legged Pigeon,VU
22690515,7140,"Pigeons, Doves",Streptopelia roseogrisea,African Collared-dove,LC
22690364,7260,"Pigeons, Doves",Nesoenas picturatus,Madagascar Turtle-dove,LC
22690549,7340,"Pigeons, Doves",Macropygia rufipennis,Andaman Cuckoo-Dove,LC
232610475,7360,"Pigeons, Doves",Macropygia cinnamomea,Enggano Cuckoo-Dove,NT
22690576,7430,"Pigeons, Doves",Macropygia ruficeps,Little Cuckoo-Dove,LC
22690584,7450,"Pigeons, Doves",Macropygia mackinlayi,Spot-breasted Cuckoo-Dove,LC
22690733,7580,"Pigeons, Doves",Ectopistes migratorius,Passenger Pigeon,EX
22690235,7610,"Pigeons, Doves",Patagioenas speciosa,Scaled Pigeon,LC
22690312,7730,"Pigeons, Doves",Patagioenas inornata,Plain Pigeon,NT
22690321,7740,"Pigeons, Doves",Patagioenas plumbea,Plumbeous Pigeon,LC
22690883,7940,"Pigeons, Doves",Leptotila jamaicensis,Caribbean Dove,LC
22690874,8010,"Pigeons, Doves",Leptotila wellsi,Grenada Dove,CR
22728963,8060,"Pigeons, Doves",Zentrygon lawrencii,Purplish-backed Quail-Dove,LC
22691680,9710,"Pigeons, Doves",Ducula rubricera,Red-knobbed Imperial-pigeon,LC
22728104,9730,"Pigeons, Doves",Ducula geelvinkiana,Geelvink Imperial-pigeon,LC
22691754,9860,"Pigeons, Doves",Ducula goliath,New Caledonian Imperial-pigeon,NT
22691765,9880,"Pigeons, Doves",Ducula melanochroa,Bismarck Imperial-pigeon,LC
22733554,9960,"Pigeons, Doves",Ducula spilorrhoa,Torresian Imperial-pigeon,LC
22691828,9970,"Pigeons, Doves",Ducula subflavescens,Yellowish Imperial-pigeon,NT
22691807,9980,"Pigeons, Doves",Ducula luctuosa,White Imperial-pigeon,LC
22725071,10170,"Pigeons, Doves",Ramphiculus epius,Maroon-chinned Fruit-dove,LC
22691554,10330,"Pigeons, Doves",Ptilinopus nainus,Dwarf Fruit-dove,LC
22691558,10350,"Pigeons, Doves",Ptilinopus melanospilus,Black-naped Fruit-dove,LC
22691539,10470,"Pigeons, Doves",Ptilinopus granulifrons,Carunculated Fruit-dove,VU
22691549,10540,"Pigeons, Doves",Ptilinopus insolitus,Knob-billed Fruit-dove,LC
22691425,10570,"Pigeons, Doves",Ptilinopus pulchellus,Beautiful Fruit-dove,LC
22691420,10590,"Pigeons, Doves",Ptilinopus coronulatus,Coroneted Fruit-dove,LC
22691495,10610,"Pigeons, Doves",Ptilinopus mercierii,Red-moustached Fruit-dove,EX
22691500,10620,"Pigeons, Doves",Ptilinopus dupetithouarsii,White-capped Fruit-dove,LC
22691445,10640,"Pigeons, Doves",Ptilinopus richardsii,Silver-capped Fruit-dove,LC
22691440,10680,"Pigeons, Doves",Ptilinopus greyi,Red-bellied Fruit-dove,LC
22732918,10870,"Pigeons, Doves",Hemiphaga chathamensis,Chatham Islands Pigeon,VU
22691837,10960,"Pigeons, Doves",Lopholaimus antarcticus,Topknot Pigeon,LC
22692990,11010,Sandgrouse,Pterocles exustus,Chestnut-bellied Sandgrouse,LC
22693005,11050,Sandgrouse,Pterocles coronatus,Crowned Sandgrouse,LC
22693021,11100,Sandgrouse,Pterocles quadricinctus,Four-banded Sandgrouse,LC
22689633,11130,Oilbird,Steatornis caripensis,Oilbird,LC
22689583,11160,Frogmouths,Podargus papuensis,Papuan Frogmouth,LC
22689607,11240,Frogmouths,Batrachostomus hodgsoni,Hodgson's Frogmouth,LC
22686453,12750,Swifts,Cypseloides fumigatus,Sooty Swift,LC
22686634,12840,Swifts,Mearnsia novaeguineae,Papuan Spinetail,LC
22686643,12860,Swifts,Zoonavena thomensis,Sao Tome Spinetail,LC
22686656,12890,Swifts,Telacanthura melanopygia,Black Spinetail,LC
22686661,12900,Swifts,Rhaphidura leucopygialis,Silver-rumped Spinetail,LC
22686701,12970,Swifts,Chaetura cinereiventris,Grey-rumped Swift,LC
22686709,13010,Swifts,Chaetura pelagica,Chimney Swift,VU
22733018,13030,Swifts,Chaetura meridionalis,Southern Swift,LC
22686552,13340,Swifts,Aerodramus papuensis,Papuan Swiftlet,DD
22686555,13370,Swifts,Aerodramus orientalis,Mayr's Swiftlet,DD
22686522,13380,Swifts,Aerodramus infuscatus,Moluccan Swiftlet,LC
22686610,13430,Swifts,Aerodramus maximus,Black-nest Swiftlet,LC
22686573,13480,Swifts,Aerodramus pelewensis,Palau Swiftlet,LC
22686507,13540,Swifts,Aerodramus elaphrus,Seychelles Swiftlet,VU
60847684,13550,Swifts,Aerodramus fuciphagus,Edible-nest Swiftlet,LC
22686747,13640,Swifts,Tachornis furcata,Pygmy Palm Swift,LC
22686882,13760,Swifts,Apus caffer,White-rumped Swift,LC
22686831,13860,Swifts,Apus berliozi,Forbes-Watson's Swift,LC
22686806,13870,Swifts,Apus unicolor,Plain Swift,LC
22686795,13880,Swifts,Apus alexandri,Cape Verde Swift,LC
22687100,14000,Hummingbirds,Florisuga fusca,Black Jacobin,LC
22687016,14020,Hummingbirds,Eutoxeres condamini,Buff-tailed Sicklebill,LC
22686903,14050,Hummingbirds,Glaucis aeneus,Bronzy Hermit,LC
22686911,14060,Hummingbirds,Glaucis hirsutus,Rufous-breasted Hermit,LC
22686934,14160,Hummingbirds,Phaethornis guy,Green Hermit,LC
22686937,14170,Hummingbirds,Phaethornis syrmatophorus,Tawny-bellied Hermit,LC
22733901,15630,Hummingbirds,Haplophaedia assimilis,Buff-thighed Puffleg,LC
22735457,15670,Hummingbirds,Eriocnemis isabellae,Gorgeted Puffleg,CR
22687922,15700,Hummingbirds,Eriocnemis godini,Turquoise-throated Puffleg,CR(PE)
61162365,15730,Hummingbirds,Eriocnemis sapphiropygia,Coppery-naped Puffleg,LC
22687791,15810,Hummingbirds,Aglaeactis castelnaudii,White-tufted Sunbeam,NT
22687798,15830,Hummingbirds,Aglaeactis pamela,Black-hooded Sunbeam,LC
22726720,15870,Hummingbirds,Coeligena torquata,Collared Inca,LC
22726764,15920,Hummingbirds,Coeligena albicaudata,Apurimac Starfrontlet,LC
22687847,15950,Hummingbirds,Coeligena iris,Rainbow Starfrontlet,LC
22687837,15980,Hummingbirds,Coeligena lutetiae,Buff-winged Starfrontlet,LC
22687804,16080,Hummingbirds,Pterophanes cyanopterus,Great Sapphirewing,LC
22687868,16090,Hummingbirds,Boissonneaua flavescens,Buff-tailed Coronet,LC
22687874,16110,Hummingbirds,Boissonneaua jardini,Velvet-purple Coronet,LC
22687749,16320,Hummingbirds,Hylonympha macrocerca,Scissor-tailed Hummingbird,EN
22688141,16380,Hummingbirds,Heliomaster squamosus,Stripe-breasted Starthroat,LC
22688144,16390,Hummingbirds,Heliomaster furcifer,Blue-tufted Starthroat,LC
22687408,16400,Hummingbirds,Panterpe insignis,Fiery-throated Hummingbird,LC
22687668,16430,Hummingbirds,Lampornis amethystinus,Amethyst-throated Mountain-gem,LC
22687664,16440,Hummingbirds,Lampornis clemenciae,Blue-throated Mountain-gem,LC
22687693,16520,Hummingbirds,Lamprolaima rhami,Garnet-throated Hummingbird,LC
22688178,16530,Hummingbirds,Tilmatura dupontii,Sparkling-tailed Woodstar,LC
22688257,16630,Hummingbirds,Chaetocercus bombus,Little Woodstar,NT
22688268,16640,Hummingbirds,Chaetocercus heliodor,Gorgeted Woodstar,LC
22688274,16650,Hummingbirds,Chaetocercus astreans,Santa Marta Woodstar,LC
22688290,16670,Hummingbirds,Chaetocercus jourdanii,Rufous-shafted Woodstar,LC
22688153,16680,Hummingbirds,Philodice bryantae,Magenta-throated Woodstar,LC
22688163,16690,Hummingbirds,Philodice mitchellii,Purple-throated Woodstar,LC
22688196,16750,Hummingbirds,Archilochus alexandri,Black-chinned Hummingbird,LC
22688199,16800,Hummingbirds,Calypte anna,Anna's Hummingbird,LC
22688232,16820,Hummingbirds,Selasphorus calliope,Calliope Hummingbird,LC
22688302,16880,Hummingbirds,Selasphorus flammula,Volcano Hummingbird,LC
22688308,16900,Hummingbirds,Selasphorus ardens,Glow-throated Hummingbird,EN
22687380,16970,Hummingbirds,Riccordia bicolor,Blue-headed Hummingbird,NT
22725775,17000,Hummingbirds,Cynanthus doubledayi,Turquoise-crowned Hummingbird,LC
22684160,18520,Cuckoos,Coua reynaudii,Red-fronted Coua,LC
22725447,18550,Cuckoos,Coua olivaceiceps,Olive-capped Coua,LC
22725463,18570,Cuckoos,Coua pyropyga,Chestnut-vented Coua,NT
22684306,18700,Cuckoos,Centropus unirufus,Rufous Coucal,LC
22684284,18780,Cuckoos,Centropus senegalensis,Senegal Coucal,LC
22684236,18820,Cuckoos,Centropus nigrorufus,Javan Coucal,VU
22684229,18830,Cuckoos,Centropus sinensis,Greater Coucal,LC
22684215,18910,Cuckoos,Centropus bernsteini,Black-billed Coucal,LC
22684209,18920,Cuckoos,Centropus phasianinus,Pheasant Coucal,LC
22725637,19000,Cuckoos,Ceuthmochares australis,Whistling Yellowbill,LC
22684110,19030,Cuckoos,Zanclostomus javanicus,Red-billed Malkoha,LC
22684095,19070,Cuckoos,Phaenicophaeus sumatranus,Chestnut-bellied Malkoha,NT
22684126,19120,Cuckoos,Dasylophus superciliosus,Red-crested Malkoha,LC
22683819,19180,Cuckoos,Clamator glandarius,Great Spotted Cuckoo,LC
22684309,19200,Cuckoos,Coccycua pumila,Dwarf Cuckoo,LC
61419028,19220,Cuckoos,Piaya mexicana,Mexican Squirrel-cuckoo,LC
61418830,19230,Cuckoos,Piaya cayana,Common Squirrel-cuckoo,LC
22684331,19260,Cuckoos,Coccyzus americanus,Yellow-billed Cuckoo,LC
22684417,19390,Cuckoos,Coccyzus vieilloti,Puerto Rican Lizard-cuckoo,LC
22728841,19410,Cuckoos,Nannococcyx psix,Saint Helena Cuckoo,EX
22684049,19440,Cuckoos,Eudynamys scolopaceus,Western Koel,LC
22684079,19500,Cuckoos,Scythrops novaehollandiae,Channel-billed Cuckoo,LC
22683973,19550,Cuckoos,Chalcites lucidus,Shining Bronze-cuckoo,LC
22683995,19560,Cuckoos,Chalcites meyerii,White-eared Bronze-cuckoo,LC
22684012,19610,Cuckoos,Chrysococcyx flavigularis,Yellow-throated Cuckoo,LC
22684021,19630,Cuckoos,Chrysococcyx cupreus,African Emerald Cuckoo,LC
22684026,19640,Cuckoos,Chrysococcyx caprius,Diederik Cuckoo,LC
22683932,19700,Cuckoos,Cacomantis castaneiventris,Chestnut-breasted Cuckoo,LC
22683909,19830,Cuckoos,Cercococcyx olivinus,Olive Long-tailed Cuckoo,LC
22728167,19870,Cuckoos,Surniculus lugubris,Square-tailed Drongo-cuckoo,LC
22734046,19950,Cuckoos,Hierococcyx nisicolor,Whistling Hawk-Cuckoo,LC
22728125,19960,Cuckoos,Hierococcyx fugax,Malay Hawk-Cuckoo,LC
62120190,21860,"Rails, Gallinules, Coots",Gallinula chloropus,Common Moorhen,LC
62120280,21870,"Rails, Gallinules, Coots",Gallinula galeata,Common Gallinule,LC
22692893,21930,"Rails, Gallinules, Coots",Tribonyx ventralis,Black-tailed Native-hen,LC
62274163,21940,"Rails, Gallinules, Coots",Tribonyx hodgenorum,Hodgen's Waterhen,EX
22692900,21950,"Rails, Gallinules, Coots",Tribonyx mortierii,Tasmanian Native-hen,LC
22692039,22190,Cranes,Balearica pavonina,Black Crowned Crane,VU
22692146,22300,Cranes,Grus grus,Common Crane,LC
22692151,22310,Cranes,Grus monacha,Hooded Crane,VU
22728245,22350,Bustards,Chlamydotis undulata,African Houbara,VU
22733562,22360,Bustards,Chlamydotis macqueenii,Asian Houbara,VU
22691905,22410,Bustards,Neotis denhami,Denham's Bustard,NT
22691920,22420,Bustards,Neotis heuglinii,Heuglin's Bustard,LC
22691928,22450,Bustards,Ardeotis kori,Kori Bustard,NT
22691932,22460,Bustards,Ardeotis nigriceps,Great Indian Bustard,CR
22691940,22470,Bustards,Ardeotis australis,Australian Bustard,LC
22691980,22540,Bustards,Heterotetrax rueppelii,Rüppell's Bustard,LC
22691991,22550,Bustards,Heterotetrax humilis,Little Brown Bustard,NT
22688410,22630,Turacos,Criniferoides leucogaster,White-bellied Go-away-bird,LC
22688415,22650,Turacos,Crinifer piscator,Western Plantain-eater,LC
22725405,22660,Turacos,Corythaixoides personatus,Brown-faced Go-away-bird,LC
22688396,22680,Turacos,Corythaixoides concolor,Grey Go-away-bird,LC
22688323,22720,Turacos,Tauraco schalowi,Schalow's Turaco,LC
22688365,22730,Turacos,Tauraco hartlaubi,Hartlaub's Turaco,LC
22688387,22860,Turacos,Musophaga violacea,Violet Turaco,NT
22697758,22950,Penguins,Pygoscelis adeliae,Adelie Penguin,LC
22734408,22990,Penguins,Eudyptes moseleyi,Northern Rockhopper Penguin,EN
22697800,23070,Penguins,Megadyptes antipodes,Yellow-eyed Penguin,EN
22698453,23170,Southern Storm-petrels,Pelagodroma marina,White-faced Storm-petrel,LC
22698465,23200,Southern Storm-petrels,Fregetta grallaria,White-bellied Storm-petrel,LC
22698471,23240,Southern Storm-petrels,Nesofregetta fuliginosa,Polynesian Storm-petrel,EN
132434704,23260,Northern Storm-petrels,Hydrobates jabejabe,Cape Verde Storm-petrel,LC
132341128,23270,Northern Storm-petrels,Hydrobates castro,Band-rumped Storm-petrel,LC
22698548,23290,Northern Storm-petrels,Hydrobates matsudairae,Matsudaira's Storm-petrel,VU
22698496,23330,Northern Storm-petrels,Hydrobates tethys,Wedge-rumped Storm-petrel,LC
132450926,23340,Northern Storm-petrels,Hydrobates socorroensis,Townsend's Storm-petrel,EN
22697913,24830,"Petrels, Shearwaters",Pseudobulweria becki,Beck's Petrel,CR
22698132,24850,"Petrels, Shearwaters",Bulweria bulwerii,Bulwer's Petrel,LC
155187257,24880,"Petrels, Shearwaters",Pelecanoides whenuahouensis,Whenua Hou Diving-petrel,CR
155187102,24910,"Petrels, Shearwaters",Pelecanoides georgicus,South Georgia Diving-petrel,LC
22697664,25030,Storks,Anastomus lamelligerus,African Openbill,LC
22697685,25080,Storks,Ciconia stormi,Storm's Stork,EN
22697688,25090,Storks,Ciconia maguari,Maguari Stork,LC
22697564,25180,"Ibises, Spoonbills",Platalea alba,African Spoonbill,LC
22697555,25190,"Ibises, Spoonbills",Platalea leucorodia,Eurasian Spoonbill,LC
22697411,25490,"Ibises, Spoonbills",Eudocimus albus,White Ibis,LC
22697429,25530,"Ibises, Spoonbills",Plegadis ridgwayi,Puna Ibis,LC
22697340,25660,Herons,Botaurus lentiginosus,American Bittern,LC
22697343,25670,Herons,Botaurus pinnatus,Pinnated Bittern,LC
22697294,25680,Herons,Ixobrychus involucris,Stripe-backed Bittern,LC
22735703,25710,Herons,Ixobrychus dubius,Australian Little Bittern,LC
22697307,25720,Herons,Ixobrychus novaezelandiae,New Zealand Little Bittern,EX
22697232,25790,Herons,Oroanassa magnifica,White-eared Night Heron,NT
22697237,25800,Herons,Gorsachius goisagi,Japanese Night Heron,VU
22697211,25860,Herons,Nycticorax nycticorax,Black-crowned Night Heron,LC
22696993,26020,Herons,Ardea cinerea,Grey Heron,LC
22697004,26060,Herons,Ardea pacifica,White-necked Heron,LC
22697012,26080,Herons,Ardea humbloti,Madagascar Heron,EN
22696977,26340,Herons,Egretta eulophotes,Chinese Egret,VU
22697604,26420,Pelicans,Pelecanus philippensis,Spot-billed Pelican,NT
22697742,26520,Frigatebirds,Fregata andrewsi,Christmas Island Frigatebird,VU
22697728,26540,Frigatebirds,Fregata aquila,Ascension Frigatebird,VU
22696698,26600,"Gannets, Boobies",Sula leucogaster,Brown Booby,LC
22696683,26610,"Gannets, Boobies",Sula nebouxii,Blue-footed Booby,LC
22736173,26630,"Gannets, Boobies",Sula dactylatra,Masked Booby,LC
22696740,26710,Cormorants,Microcarbo niger,Little Cormorant,LC
22693165,28540,"Sandpipers, Snipes, Phalaropes",Numenius minutus,Little Curlew,LC
22693170,28550,"Sandpipers, Snipes, Phalaropes",Numenius borealis,Eskimo Curlew,CR(PE)
22693158,28600,"Sandpipers, Snipes, Phalaropes",Limosa lapponica,Bar-tailed Godwit,NT
22693359,28660,"Sandpipers, Snipes, Phalaropes",Calidris tenuirostris,Great Knot,EN
22693468,28690,"Sandpipers, Snipes, Phalaropes",Calidris pugnax,Ruff,LC
22693464,28700,"Sandpipers, Snipes, Phalaropes",Calidris falcinellus,Broad-billed Sandpiper,VU
22693414,28710,"Sandpipers, Snipes, Phalaropes",Calidris acuminata,Sharp-tailed Sandpiper,VU
22693369,28780,"Sandpipers, Snipes, Phalaropes",Calidris alba,Sanderling,LC
22693427,28790,"Sandpipers, Snipes, Phalaropes",Calidris alpina,Dunlin,NT
22693408,28870,"Sandpipers, Snipes, Phalaropes",Calidris melanotos,Pectoral Sandpiper,LC
22693376,28890,"Sandpipers, Snipes, Phalaropes",Calidris mauri,Western Sandpiper,LC
22693330,28920,"Sandpipers, Snipes, Phalaropes",Prosobonia leucoptera,Tahiti Sandpiper,EX
22693351,28970,"Sandpipers, Snipes, Phalaropes",Limnodromus semipalmatus,Asian Dowitcher,NT
22693344,28980,"Sandpipers, Snipes, Phalaropes",Limnodromus griseus,Short-billed Dowitcher,VU
22727515,29100,"Sandpipers, Snipes, Phalaropes",Coenocorypha iredalei,South Island Snipe,EX
22693093,29250,"Sandpipers, Snipes, Phalaropes",Gallinago media,Great Snipe,NT
22729867,29270,"Sandpipers, Snipes, Phalaropes",Gallinago delicata,Wilson's Snipe,LC
216558493,29290,"Sandpipers, Snipes, Phalaropes",Gallinago magellanica,Magellanic Snipe,LC
22693121,29320,"Sandpipers, Snipes, Phalaropes",Gallinago undulata,Giant Snipe,LC
22693490,29370,"Sandpipers, Snipes, Phalaropes",Phalaropus lobatus,Red-necked Phalarope,LC
22693247,29520,"Sandpipers, Snipes, Phalaropes",Tringa glareola,Wood Sandpiper,LC
22680542,29600,Buttonquails,Turnix ocellatus,Spotted Buttonquail,LC
22680603,29760,Buttonquails,Ortyxelos meiffrenii,Quail-plover,LC
22694091,29780,"Coursers, Pratincoles",Smutsornis africanus,Double-banded Courser,LC
22694095,29800,"Coursers, Pratincoles",Rhinoptilus chalcopterus,Bronze-winged Courser,LC
22694799,29990,"Gulls, Terns, Skimmers",Anous minutus,Black Noddy,LC
216558801,30040,"Gulls, Terns, Skimmers",Gygis candida,Common White Tern,LC
22694268,30090,"Gulls, Terns, Skimmers",Rynchops albicollis,Indian Skimmer,EN
22694436,30100,"Gulls, Terns, Skimmers",Saundersilarus saundersi,Saunders's Gull,VU
22694476,30120,"Gulls, Terns, Skimmers",Rhodostethia rosea,Ross's Gull,LC
22694473,30150,"Gulls, Terns, Skimmers",Pagophila eburnea,Ivory Gull,NT
22689389,31820,Typical Owls,Ninox strenua,Powerful Owl,LC
230075506,31860,Typical Owls,Ninox boobook,Southern Boobook,LC
22725127,31870,Typical Owls,Ninox rotiensis,Rote Boobook,NT
22725499,32040,Typical Owls,Ninox reyi,Sulu Boobook,VU
22689439,32050,Typical Owls,Ninox ochracea,Ochre-bellied Boobook,NT
22689465,32140,Typical Owls,Ninox meeki,Manus Boobook,LC
45449331,32350,Typical Owls,Athene malaitae,Malaita Owl,VU
45449334,32360,Typical Owls,Athene roseoaxillaris,Makira Owl,VU
22689425,32400,Typical Owls,Athene superciliaris,White-browed Owl,LC
22689286,32520,Typical Owls,Glaucidium castanotum,Chestnut-backed Owlet,NT
22689295,32540,Typical Owls,Glaucidium castaneum,Chestnut Owlet,LC
22729162,32640,Typical Owls,Glaucidium parkeri,Subtropical Pygmy-owl,LC
22689248,32680,Typical Owls,Glaucidium brasilianum,Ferruginous Pygmy-owl,LC
22689258,32700,Typical Owls,Glaucidium nana,Austral Pygmy-owl,LC
22689325,32870,Typical Owls,Micrathene whitneyi,Elf Owl,LC
22689320,32880,Typical Owls,Xenoglaux loweryi,Long-whiskered Owlet,VU
22689362,32890,Typical Owls,Aegolius funereus,Boreal Owl,LC
22689378,32930,Typical Owls,Aegolius harrisii,Buff-fronted Owl,LC
22732040,32970,Typical Owls,Otus thilohoffmanni,Serendib Scops-owl,EN
22688565,32990,Typical Owls,Otus ireneae,Sokoke Scops-owl,EN
61855263,33040,Typical Owls,Otus bakkamoena,Indian Scops-owl,LC
22688734,33100,Typical Owls,Otus silvicola,Wallace's Scops-owl,LC
22688586,33120,Typical Owls,Otus umbra,Simeulue Scops-owl,LC
22724396,33150,Typical Owls,Otus alfredi,Flores Scops-owl,VU
22688703,33180,Typical Owls,Otus brookii,Rajah Scops-owl,LC
61915442,33190,Typical Owls,Otus pamelae,Arabian Scops-owl,LC
22688620,33230,Typical Owls,Otus hartlaubi,Sao Tome Scops-owl,VU
155019854,33260,Typical Owls,Otus scops,Eurasian Scops-owl,LC
22688631,33280,Typical Owls,Otus brucei,Pallid Scops-owl,LC
22688602,33290,Typical Owls,Otus longicornis,Luzon Highland Scops-owl,LC
22688667,33380,Typical Owls,Otus insularis,Seychelles Scops-owl,CR
22694976,35180,"Hawks, Eagles",Henicopernis longicauda,Long-tailed Honey-buzzard,LC
22694964,35240,"Hawks, Eagles",Aviceda leuphotes,Black Baza,LC
22695415,35270,"Hawks, Eagles",Polyboroides radiatus,Madagascar Harrier-hawk,LC
22695170,35280,"Hawks, Eagles",Gypohierax angolensis,Palm-nut Vulture,LC
22695323,35360,"Hawks, Eagles",Spilornis elgini,Andaman Serpent-eagle,VU
22734216,35420,"Hawks, Eagles",Circaetus gallicus,Short-toed Snake-eagle,LC
22695283,35470,"Hawks, Eagles",Circaetus cinerascens,Western Banded Snake-eagle,LC
22729460,35570,"Hawks, Eagles",Gyps tenuirostris,Slender-billed Vulture,CR
22695225,35580,"Hawks, Eagles",Gyps coprotheres,Cape Vulture,VU
22695998,35670,"Hawks, Eagles",Harpia harpyja,Harpy Eagle,VU
22696153,35690,"Hawks, Eagles",Nisaetus nipalensis,Mountain Hawk-eagle,NT
22696186,35710,"Hawks, Eagles",Nisaetus nanus,Wallace's Hawk-eagle,VU
22696120,35850,"Hawks, Eagles",Spizaetus melanoleucus,Black-and-white Hawk-eagle,LC
22696019,35880,"Hawks, Eagles",Ictinaetus malaiensis,Black Eagle,LC
22696134,35890,"Hawks, Eagles",Lophaetus occipitalis,Long-crested Eagle,LC
22729779,35910,"Hawks, Eagles",Clanga hastata,Indian Spotted Eagle,NT
22696042,35950,"Hawks, Eagles",Aquila adalberti,Spanish Imperial Eagle,VU
22696076,36010,"Hawks, Eagles",Aquila fasciata,Bonelli's Eagle,LC
22695421,36110,"Hawks, Eagles",Kaupifalco monogrammicus,Lizard Buzzard,LC
22695425,36120,"Hawks, Eagles",Melierax metabates,Dark Chanting-goshawk,LC
22695438,36130,"Hawks, Eagles",Melierax canorus,Pale Chanting-goshawk,LC
22695431,36140,"Hawks, Eagles",Melierax poliopterus,Eastern Chanting-goshawk,LC
22695393,36310,"Hawks, Eagles",Circus cinereus,Cinereous Harrier,LC
22727705,36410,"Hawks, Eagles",Accipiter toussenelii,Red-chested Goshawk,LC
22695486,36430,"Hawks, Eagles",Accipiter castanilius,Chestnut-flanked Sparrowhawk,LC
22695490,36440,"Hawks, Eagles",Accipiter badius,Shikra,LC
22695499,36460,"Hawks, Eagles",Accipiter brevipes,Levant Sparrowhawk,LC
22727727,36500,"Hawks, Eagles",Accipiter sylvestris,Lesser Sundas Goshawk,LC
22727714,36520,"Hawks, Eagles",Accipiter novaehollandiae,Grey Goshawk,LC
22695561,36540,"Hawks, Eagles",Accipiter princeps,New Britain Goshawk,VU
22695541,36580,"Hawks, Eagles",Accipiter haplochrous,White-bellied Goshawk,NT
22734130,36760,"Hawks, Eagles",Accipiter striatus,Sharp-shinned Hawk,LC
22726838,38340,Trogons,Trogon ambiguus,Coppery-tailed Trogon,LC
22682807,38370,Trogons,Trogon personatus,Masked Trogon,LC
61612961,38540,Hornbills,Lophoceros fasciatus,Congo Pied Hornbill,LC
22682379,38590,Hornbills,Tockus flavirostris,Eastern Yellow-billed Hornbill,LC
22725946,38700,Hornbills,Horizocerus albocristatus,Western Long-tailed Hornbill,LC
22682585,38780,Hornbills,Bycanistes cylindricus,Brown-cheeked Hornbill,VU
22682548,38800,Hornbills,Bycanistes bucinator,Trumpeter Hornbill,LC
22727019,38860,Hornbills,Buceros hydrocorax,Northern Rufous Hornbill,VU
22727029,38870,Hornbills,Buceros mindanensis,Southern Rufous Hornbill,VU
22682453,38880,Hornbills,Buceros bicornis,Great Hornbill,VU
22682485,38910,Hornbills,Anorrhinus galeritus,Bushy-crested Hornbill,NT
22682425,38970,Hornbills,Ocyceros gingalensis,Sri Lanka Grey Hornbill,LC
22682447,38990,Hornbills,Anthracoceros montani,Sulu Hornbill,CR
22682514,39040,Hornbills,Rhabdotorrhinus corrugatus,Wrinkled Hornbill,EN
22682535,39150,Hornbills,Rhyticeros everetti,Sumba Hornbill,EN
22682541,39170,Hornbills,Rhyticeros subruficollis,Plain-pouched Hornbill,VU
22682544,39190,Hornbills,Rhyticeros plicatus,Papuan Hornbill,LC
22682655,39200,Hoopoes,Upupa epops,Common Hoopoe,LC
22682684,39280,Woodhoopoes,Phoeniculus bollei,White-headed Woodhoopoe,LC
22682698,39300,Woodhoopoes,Rhinopomastus aterrimus,Black Scimitarbill,LC
22683664,39340,Bee-eaters,Nyctyornis athertoni,Blue-bearded Bee-eater,LC
22683714,39390,Bee-eaters,Merops albicollis,White-throated Bee-eater,LC
22683768,39420,Bee-eaters,Merops nubicus,Northern Carmine Bee-eater,LC
22683697,39580,Bee-eaters,Merops oreobates,Cinnamon-chested Bee-eater,LC
22736507,39620,Bee-eaters,Merops muelleri,Blue-headed Bee-eater,LC
22736513,39630,Bee-eaters,Merops mentalis,Blue-moustached Bee-eater,NT
22682908,39760,Rollers,Coracias cyanogaster,Blue-bellied Roller,LC
22682916,39780,Rollers,Eurystomus gularis,Blue-throated Roller,LC
22682912,39790,Rollers,Eurystomus glaucurus,Broad-billed Roller,LC
22682969,39840,Ground-rollers,Uratelornis chimaera,Long-tailed Ground-roller,VU
22683018,39900,Todies,Todus todus,Jamaican Tody,LC
61634607,39990,Motmots,Momotus momota,Amazonian Motmot,LC
22682992,40070,Motmots,Eumomota superciliosa,Turquoise-browed Motmot,LC
22683099,40130,Kingfishers,Corythornis thomensis,Sao Tome Kingfisher,LC
22683093,40150,Kingfishers,Corythornis vintsioides,Malagasy Kingfisher,LC
22726601,40220,Kingfishers,Ceyx margarethae,Dimorphic Dwarf-kingfisher,LC
22726637,40300,Kingfishers,Ceyx meeki,North Solomons Dwarf-kingfisher,LC
22726965,40350,Kingfishers,Ceyx nigrirostris,Southern Indigo-banded Kingfisher,NT
22726943,40360,Kingfishers,Ceyx flumenicola,Northern Silvery Kingfisher,NT
22726935,40370,Kingfishers,Ceyx argentatus,Southern Silvery Kingfisher,NT
22683121,40380,Kingfishers,Ceyx pusillus,Little Kingfisher,LC
22683042,40470,Kingfishers,Alcedo meninting,Blue-eared Kingfisher,LC
22683033,40500,Kingfishers,Alcedo semitorquata,Half-collared Kingfisher,LC
22683227,40720,Kingfishers,Pelargopsis capensis,Stork-billed Kingfisher,LC
22683213,40740,Kingfishers,Pelargopsis amauroptera,Brown-winged Kingfisher,NT
22725856,40770,Kingfishers,Halcyon gularis,Brown-breasted Kingfisher,LC
22683252,40780,Kingfishers,Halcyon cyanoventris,Javan Kingfisher,LC
22683249,40800,Kingfishers,Halcyon pileata,Black-capped Kingfisher,VU
22683269,40840,Kingfishers,Halcyon malimbica,Blue-breasted Kingfisher,LC
22683260,40850,Kingfishers,Halcyon senegalensis,Woodland Kingfisher,LC
22683512,40880,Kingfishers,Caridonax fulgidus,White-rumped Kingfisher,LC
22726844,40890,Kingfishers,Actenoides monachus,Blue-headed Kingfisher,NT
22726852,40900,Kingfishers,Actenoides capucinus,Black-headed Kingfisher,NT
22683519,40920,Kingfishers,Actenoides bougainvillei,Moustached Kingfisher,LC
22683535,40930,Kingfishers,Actenoides lindsayi,Spotted Kingfisher,LC
22683542,40940,Kingfishers,Actenoides hombroni,Blue-capped Kingfisher,LC
22683347,41100,Kingfishers,Todiramphus farquhari,Vanuatu Kingfisher,NT
22683428,41200,Kingfishers,Todiramphus australasia,Cinnamon-banded Kingfisher,LC
22683357,41270,Kingfishers,Todiramphus pyrrhopygius,Red-backed Kingfisher,LC
22683587,41360,Kingfishers,Tanysiptera riedelii,Biak Paradise-kingfisher,NT
22683592,41370,Kingfishers,Tanysiptera carolinae,Numfor Paradise-kingfisher,NT
22683602,41420,Kingfishers,Tanysiptera danae,Brown-headed Paradise-kingfisher,LC
22683516,41440,Kingfishers,Melidora macrorrhina,Hook-billed Kingfisher,LC
22683189,41450,Kingfishers,Dacelo novaeguineae,Laughing Kookaburra,LC
22683202,41490,Kingfishers,Dacelo rex,Shovel-billed Kookaburra,LC
22682167,41500,Jacamars,Galbalcyrhynchus leucotis,White-eared Jacamar,LC
22682170,41510,Jacamars,Galbalcyrhynchus purusianus,Purus Jacamar,LC
22682186,41560,Jacamars,Jacamaralcyon tridactyla,Three-toed Jacamar,NT
22727043,41580,Jacamars,Galbula chalcocephala,Cerise-crowned Jacamar,LC
22682196,41590,Jacamars,Galbula cyanicollis,Blue-necked Jacamar,LC
22682224,41690,Jacamars,Jacamerops aureus,Great Jacamar,LC
22733165,41720,Puffbirds,Notharchus swainsoni,Buff-bellied Puffbird,LC
22682255,41800,Puffbirds,Nystactes noanamae,Sooty-capped Puffbird,NT
22682267,41840,Puffbirds,Nystalus striolatus,Striolated Puffbird,LC
22682264,41850,Puffbirds,Nystalus chacuru,White-eared Puffbird,LC
22682270,41860,Puffbirds,Nystalus maculatus,Spot-backed Puffbird,LC
61999682,41880,Puffbirds,Hypnelus bicinctus,Two-banded Puffbird,LC
22682298,41990,Puffbirds,Micromonacha lanceolata,Lanceolated Monklet,LC
22682307,42020,Puffbirds,Nonnula brunnea,Brown Nunlet,LC
22682325,42070,Puffbirds,Monasa atra,Black Nunbird,LC
22682337,42110,Puffbirds,Chelidoptera tenebrosa,Swallow-winged Puffbird,LC
22682159,42140,Toucans,Ramphastos cuvieri,Cuvier's Toucan,LC
22726177,42300,Toucans,Aulacorhynchus wagleri,Wagler's Toucanet,LC
22726263,42320,Toucans,Aulacorhynchus caeruleogularis,Blue-throated Toucanet,LC
42611196,42330,Toucans,Aulacorhynchus albivitta,Greyish-throated Toucanet,LC
22726180,42340,Toucans,Aulacorhynchus cyanolaemus,Black-billed Toucanet,LC
22681978,42360,Toucans,Aulacorhynchus haematopygus,Crimson-rumped Toucanet,LC
22731636,42390,Toucans,Aulacorhynchus calorhynchus,Yellow-billed Toucanet,LC
22682071,42570,Toucans,Selenidera spectabilis,Yellow-eared Toucanet,LC
22682081,42630,Toucans,Selenidera nattereri,Tawny-tufted Toucanet,LC
22726194,42670,Toucans,Pteroglossus humboldti,Humboldt's Araçari,LC
22726200,42690,Toucans,Pteroglossus torquatus,Collared Araçari,LC
22724652,42710,Toucans,Pteroglossus erythropygius,Pale-billed Araçari,LC
22682017,42730,Toucans,Pteroglossus aracari,Black-necked Araçari,LC
22682038,42750,Toucans,Pteroglossus pluricinctus,Many-banded Araçari,LC
22728132,42790,Toucans,Pteroglossus bitorquatus,Eastern Red-necked Araçari,NT
22681917,42880,New World Barbets,Capito dayi,Black-girdled Barbet,NT
22681911,42900,New World Barbets,Capito squamatus,Orange-fronted Barbet,LC
22681939,43020,New World Barbets,Eubucco bourcierii,Red-headed Barbet,LC
22727074,43030,New World Barbets,Eubucco steerii,Blue-cowled Barbet,LC
22727049,43180,Asian Barbets,Caloramphus fuliginosus,Bornean Brown Barbet,LC
22726142,43200,Asian Barbets,Psilopogon rubricapillus,Sri Lanka Barbet,LC
22726150,43210,Asian Barbets,Psilopogon malabaricus,Malabar Barbet,LC
22681588,43280,Asian Barbets,Psilopogon pyrolophus,Fire-tufted Barbet,LC
22681616,43310,Asian Barbets,Psilopogon rafflesii,Red-crowned Barbet,NT
22681649,43330,Asian Barbets,Psilopogon henricii,Yellow-crowned Barbet,NT
22681600,43360,Asian Barbets,Psilopogon lineatus,Lineated Barbet,LC
22726108,43400,Asian Barbets,Psilopogon franklinii,Golden-throated Barbet,LC
22681609,43420,Asian Barbets,Psilopogon corvinus,Brown-throated Barbet,LC
61469878,43480,Asian Barbets,Psilopogon asiaticus,Blue-throated Barbet,LC
22681881,43600,African barbets,Trachyphonus vaillantii,Crested Barbet,LC
22681889,43610,African barbets,Trachyphonus erythrocephalus,Red-and-yellow Barbet,LC
22726050,43760,African barbets,Stactolaema leucotis,White-eared Barbet,LC
22681736,43800,African barbets,Pogoniulus scolopaceus,Speckled Tinkerbird,LC
22731992,43860,African barbets,Pogoniulus bilineatus,Yellow-rumped Tinkerbird,LC
22681778,43870,African barbets,Pogoniulus pusillus,Red-fronted Tinkerbird,LC
22681812,43970,African barbets,Lybius undatus,Banded Barbet,LC
22681816,43980,African barbets,Lybius vieilloti,Vieillot's Barbet,LC
22726079,44000,African barbets,Lybius senex,Brown-and-white Barbet,LC
22726086,44010,African barbets,Lybius leucogaster,White-bellied Barbet,EN
22681832,44020,African barbets,Lybius chaplini,Zambian Barbet,VU
22681837,44030,African barbets,Lybius rubrifacies,Red-faced Barbet,NT
22681845,44050,African barbets,Lybius torquatus,Black-collared Barbet,LC
22680672,44160,Honeyguides,Prodotiscus zambesiae,Green-backed Honeybird,LC
22680663,44180,Honeyguides,Melignomon zenkeri,Zenker's Honeyguide,LC
22680659,44190,Honeyguides,Melignomon eisentrauti,Yellow-footed Honeyguide,NT
22680643,44200,Honeyguides,Indicator pumilio,Dwarf Honeyguide,LC
22696357,47560,"Falcons, Caracaras",Falco naumanni,Lesser Kestrel,LC
22727778,47700,"Falcons, Caracaras",Falco chicquera,Red-headed Falcon,NT
22696432,47720,"Falcons, Caracaras",Falco vespertinus,Red-footed Falcon,VU
22696450,47790,"Falcons, Caracaras",Falco femoralis,Aplomado Falcon,LC
22696473,47830,"Falcons, Caracaras",Falco longipennis,Australian Hobby,LC
22696495,47900,"Falcons, Caracaras",Falco cherrug,Saker Falcon,EN
45354964,47930,"Falcons, Caracaras",Falco peregrinus,Peregrine Falcon,LC
22685245,47980,New Zealand Parrots,Strigops habroptilus,Kakapo,CR
22684831,47990,New Zealand Parrots,Nestor notabilis,Kea,EN
22684834,48000,New Zealand Parrots,Nestor productus,Norfolk Island Kaka,EX
22684828,48020,Cockatoos,Nymphicus hollandicus,Cockatiel,LC
22684820,48120,Cockatoos,Cacatua tenuirostris,Long-billed Corella,LC
22684823,48160,Cockatoos,Cacatua ducorpsii,Solomons Corella,LC
22684781,48180,Cockatoos,Cacatua galerita,Sulphur-crested Cockatoo,LC
22684784,48220,Cockatoos,Cacatua moluccensis,Salmon-crested Cockatoo,EN
22684789,48230,Cockatoos,Cacatua alba,White Cockatoo,EN
22736498,48250,Parrots,Psittacus timneh,Timneh Parrot,EN
22724813,48260,Parrots,Psittacus erithacus,Grey Parrot,EN
119194858,48300,Parrots,Poicephalus robustus,Cape Parrot,VU
22685321,48330,Parrots,Poicephalus rueppellii,Rüppell's Parrot,LC
22686066,48460,Parrots,Touit stictopterus,Spot-winged Parrotlet,NT
22685916,48510,Parrots,Bolborhynchus orbygnesius,Andean Parakeet,LC
45427277,48550,Parrots,Myiopsitta monachus,Monk Parakeet,LC
22685994,48570,Parrots,Brotogeris sanctithomae,Tui Parakeet,LC
22685959,48590,Parrots,Brotogeris versicolurus,White-winged Parakeet,LC
22685963,48600,Parrots,Brotogeris chiriri,Yellow-chevroned Parakeet,LC
22686097,48670,Parrots,Pyrilia haematotis,Brown-hooded Parrot,LC
22686125,48680,Parrots,Pyrilia pyrilia,Saffron-headed Parrot,NT
22686107,48690,Parrots,Pyrilia pulchra,Rose-faced Parrot,LC
22686178,48790,Parrots,Pionus sordidus,Red-billed Parrot,LC
22731587,48810,Parrots,Pionus seniloides,White-capped Parrot,LC
22686192,48850,Parrots,Pionus senilis,White-crowned Parrot,LC
22727626,48920,Parrots,Amazona festiva,Southern Festive Amazon,LC
22686246,48940,Parrots,Amazona tucumana,Tucuman Amazon,VU
22685087,50650,Parrots,Purpureicephalus spurius,Red-capped Parrot,LC
22685119,50680,Parrots,Platycercus venustus,Northern Rosella,LC
22685126,50700,Parrots,Platycercus eximius,Eastern Rosella,LC
22685029,50780,Parrots,Prosopeia splendens,Crimson Shining-parrot,NT
22685041,50800,Parrots,Prosopeia tabuensis,Maroon Shining-parrot,LC
22685191,51000,Parrots,Neopsephotus bourkii,Bourke's Parrot,LC
22685209,51050,Parrots,Neophema pulchella,Turquoise Parrot,LC
45419833,51090,Parrots,Psittacella picta,Painted Tiger-parrot,LC
22684935,51100,Parrots,Psittacella modesta,Modest Tiger-parrot,LC
22684940,51110,Parrots,Psittacella madaraszi,Madarasz's Tiger-parrot,LC
22684665,51150,Parrots,Charmosyna rubrigularis,Red-chinned Lorikeet,LC
22684627,51300,Parrots,Vini australis,Blue-crowned Lorikeet,LC
22684630,51310,Parrots,Vini kuhlii,Rimatara Lorikeet,EN
22684641,51330,Parrots,Vini peruviana,Blue Lorikeet,VU
22684624,51350,Parrots,Phigys solitarius,Collared Lory,LC
22684658,51400,Parrots,Glossopsitta porphyrocephala,Purple-crowned Lorikeet,LC
22684494,51510,Parrots,Chalcopsitta scintillata,Yellow-streaked Lory,LC
22684578,51550,Parrots,Psitteuteles goldiei,Goldie's Lorikeet,LC
22684502,51560,Parrots,Eos histrio,Red-and-blue Lory,EN
22684509,51580,Parrots,Eos bornea,Red Lory,LC
22684531,51630,Parrots,Trichoglossus ornatus,Ornate Lorikeet,LC
22726303,51640,Parrots,Trichoglossus forsteni,Scarlet-breasted Lorikeet,EN
22725321,51660,Parrots,Trichoglossus capistratus,Marigold Lorikeet,LC
22725334,51690,Parrots,Trichoglossus moluccanus,Rainbow Lorikeet,LC
22727575,51720,Parrots,Trichoglossus meyeri,Mustard-capped Lorikeet,LC
22684559,51740,Parrots,Trichoglossus johnstoniae,Mindanao Lorikeet,NT
22685223,51820,Parrots,Melopsittacus undulatus,Budgerigar,LC
22725617,51850,Parrots,Psittaculirostris cervicalis,Red-faced Fig-parrot,LC
22725355,51890,Parrots,Cyclopsitta gulielmitertii,Blue-fronted Fig-parrot,LC
45420837,51900,Parrots,Cyclopsitta nigrifrons,Black-fronted Fig-parrot,LC
22725367,51920,Parrots,Cyclopsitta melanogenia,Dusky-cheeked Fig-parrot,LC
22727593,51940,Parrots,Cyclopsitta coxeni,Coxen's Fig-parrot,CR
22685371,51990,Parrots,Loriculus beryllinus,Sri Lanka Hanging-parrot,LC
103658063,55140,Typical Antbirds,Thamnophilus shumbae,Maranon Antshrike,VU
22701293,55150,Typical Antbirds,Thamnophilus bridgesi,Black-hooded Antshrike,LC
22701296,55190,Typical Antbirds,Thamnophilus nigriceps,Black Antshrike,LC
22701325,55230,Typical Antbirds,Thamnophilus punctatus,Northern Slaty Antshrike,LC
22733334,55240,Typical Antbirds,Thamnophilus stictocephalus,Natterer's Slaty Antshrike,LC
22733341,55250,Typical Antbirds,Thamnophilus sticturus,Bolivian Slaty Antshrike,LC
22701309,55300,Typical Antbirds,Thamnophilus aethiops,White-shouldered Antshrike,LC
22701332,55350,Typical Antbirds,Thamnophilus insignis,Streak-backed Antshrike,LC
22701272,55430,Typical Antbirds,Biatas nigropectus,White-bearded Antshrike,VU
22701689,55450,Typical Antbirds,Cercomacra manu,Manu Antbird,LC
22701677,55490,Typical Antbirds,Cercomacra ferdinandi,Bananal Antbird,NT
22724618,55580,Typical Antbirds,Cercomacroides parkeri,Parker's Antbird,LC
103658659,55710,Typical Antbirds,Drymophila caudata,East Andean Antbird,LC
103658699,55720,Typical Antbirds,Drymophila striaticeps,Streak-headed Antbird,LC
22735473,55770,Typical Antbirds,Hypocnemis flavescens,Imeri Antwarbler,LC
22735467,55780,Typical Antbirds,Hypocnemis cantator,Guianan Antwarbler,LC
22735479,55790,Typical Antbirds,Hypocnemis peruviana,Peruvian Antwarbler,LC
22701879,55980,Typical Antbirds,Oneillornis lunulatus,Lunulated Antbird,LC
22730409,55990,Typical Antbirds,Gymnopithys bicolor,Bicolored Antbird,LC
22701901,56050,Typical Antbirds,Rhegmatorhina hoffmannsi,White-breasted Antbird,LC
22701895,56070,Typical Antbirds,Rhegmatorhina melanosticta,Hairy-crested Antbird,LC
22701798,56110,Typical Antbirds,Myrmoderus loricatus,White-bibbed Antbird,LC
22701911,56130,Typical Antbirds,Hylophylax naevioides,Spotted Antbird,LC
22701922,56150,Typical Antbirds,Hylophylax punctulatus,Dot-backed Antbird,LC
22701740,56170,Typical Antbirds,Hypocnemoides maculicauda,Band-tailed Antbird,LC
22736158,56240,Typical Antbirds,Myrmelastes humaythae,Humaita Antbird,LC
22701723,56410,Typical Antbirds,Myrmoborus myotherinus,Black-faced Antbird,LC
22701746,56440,Typical Antbirds,Gymnocichla nudiceps,Bare-crowned Antbird,LC
22701700,56460,Typical Antbirds,Pyriglena leucoptera,White-shouldered Fire-eye,LC
22730401,56530,Typical Antbirds,Percnostola arenarum,Allpahuayo Antbird,VU
103670723,59350,Ovenbirds,Lepidocolaptes affinis,Northern Spot-crowned Woodcreeper,LC
103670750,59420,Ovenbirds,Xenops minutus,White-throated Xenops,LC
22702998,59430,Ovenbirds,Xenops rutilus,Streaked Xenops,LC
22702746,59530,Ovenbirds,Pseudocolaptes lawrencii,Buffy Tuftedcheek,LC
103670881,59620,Ovenbirds,Furnarius leucopus,Pale-legged Hornero,LC
103670838,59630,Ovenbirds,Furnarius longirostris,Caribbean Hornero,LC
103670862,59640,Ovenbirds,Furnarius cinnamomeus,Pacific Hornero,LC
22702147,59670,Ovenbirds,Furnarius cristatus,Crested Hornero,LC
22702732,59710,Ovenbirds,Lochmias nematura,Streamcreeper,LC
22702646,59720,Ovenbirds,Phleocryptes melanops,Wren-like Rushbird,LC
103670944,59840,Ovenbirds,Cinclodes maculirostris,Black Cinclodes,NT
103670928,59850,Ovenbirds,Cinclodes antarcticus,Blackish Cinclodes,NT
22702082,59860,Ovenbirds,Cinclodes comechingonus,Cordoba Cinclodes,LC
22702092,59880,Ovenbirds,Cinclodes olrogi,Olrog's Cinclodes,LC
22702095,59910,Ovenbirds,Cinclodes excelsior,Stout-billed Cinclodes,LC
22724402,59920,Ovenbirds,Cinclodes aricomae,Royal Cinclodes,EN
22702100,59950,Ovenbirds,Cinclodes patagonicus,Dark-bellied Cinclodes,LC
103671013,60050,Ovenbirds,Cichlocolaptes holti,Small Pale-browed Treehunter,LC
22734184,60100,Ovenbirds,Philydor erythrocercum,Rufous-rumped Foliage-gleaner,LC
22702866,60120,Ovenbirds,Philydor atricapillus,Black-capped Foliage-gleaner,LC
22702789,60170,Ovenbirds,Anabacerthia striaticollis,Montane Foliage-gleaner,LC
22702792,60180,Ovenbirds,Anabacerthia ruficaudata,Rufous-tailed Foliage-gleaner,LC
22702843,60190,Ovenbirds,Anabacerthia amaurotis,White-browed Foliage-gleaner,LC
22702929,60260,Ovenbirds,Syndactyla roraimae,White-throated Foliage-gleaner,LC
22702949,60320,Ovenbirds,Clibanornis rectirostris,Chestnut-capped Foliage-gleaner,LC
22736330,60350,Ovenbirds,Clibanornis rubiginosus,Ruddy Foliage-gleaner,LC
22702902,60380,Ovenbirds,Thripadectes flammulatus,Flammulated Treehunter,LC
22702893,60410,Ovenbirds,Thripadectes virgaticeps,Streak-capped Treehunter,LC
22702896,60420,Ovenbirds,Thripadectes melanorhynchus,Black-billed Treehunter,LC
103672218,60470,Ovenbirds,Automolus subulatus,Amazonian Woodhaunter,LC
244681681,60500,Ovenbirds,Automolus cervinigularis,Fawn-throated Foliage-gleaner,LC
61789630,60540,Ovenbirds,Automolus leucophthalmus,White-eyed Foliage-gleaner,LC
103672434,60610,Ovenbirds,Premnoplex tatei,White-throated Barbtail,EN
103672561,60620,Ovenbirds,Premnoplex pariae,Paria Barbtail,EN
22702719,60640,Ovenbirds,Margarornis rubiginosus,Ruddy Treerunner,LC
22724683,60710,Ovenbirds,Sylviorthorhynchus yanacensis,Tawny Tit-spinetail,LC
22702167,60740,Ovenbirds,Leptasthenura platensis,Tufted Tit-spinetail,LC
22702192,60820,Ovenbirds,Leptasthenura andicola,Andean Tit-spinetail,LC
103672742,60850,Ovenbirds,Phacellodomus rufifrons,Rufous-fronted Thornbird,LC
22702624,60880,Ovenbirds,Phacellodomus dorsalis,Chestnut-backed Thornbird,NT
22702632,60930,Ovenbirds,Phacellodomus ferrugineigula,Orange-breasted Thornbird,LC
22724718,61000,Ovenbirds,Asthenes usheri,White-tailed Canastero,NT
103673120,61030,Ovenbirds,Asthenes dorbignyi,Creamy-breasted Canastero,LC
22702514,61060,Ovenbirds,Asthenes luizae,Cipo Canastero,NT
22702569,61090,Ovenbirds,Asthenes urubambensis,Line-fronted Canastero,NT
22702579,61120,Ovenbirds,Asthenes maculicauda,Scribble-tailed Canastero,LC
103673405,61150,Ovenbirds,Asthenes wyatti,Streak-backed Canastero,LC
22702258,61180,Ovenbirds,Asthenes harterti,Black-throated Thistletail,LC
22702217,61210,Ovenbirds,Asthenes fuliginosa,White-chinned Thistletail,LC
22702497,61240,Ovenbirds,Asthenes ottonis,Rusty-fronted Canastero,LC
22702234,61250,Ovenbirds,Asthenes palpebralis,Eye-ringed Thistletail,LC
22702676,61420,Ovenbirds,Siptornis striaticollis,Spectacled Prickletail,LC
103674338,61460,Ovenbirds,Thripophaga amacurensis,Delta Amacuro Softtail,VU
22702652,61490,Ovenbirds,Limnoctites rectirostris,Straight-billed Reedhaunter,NT
22702467,61500,Ovenbirds,Limnoctites sulphuriferus,Sulphur-throated Spinetail,LC
22702441,61530,Ovenbirds,Cranioleuca albiceps,Light-crowned Spinetail,LC
22702432,61620,Ovenbirds,Cranioleuca pyrrhophia,Stripe-crowned Spinetail,LC
22730318,61650,Ovenbirds,Cranioleuca antisiensis,Line-cheeked Spinetail,LC
22702420,61660,Ovenbirds,Cranioleuca curtata,Ash-browed Spinetail,LC
22702547,61770,Ovenbirds,Pseudasthenes patagonica,Patagonian Canastero,LC
22702642,61800,Ovenbirds,Spartonoica maluroides,Bay-capped Wren-spinetail,LC
22702341,61860,Ovenbirds,Mazaria propinqua,White-bellied Spinetail,LC
22702354,61920,Ovenbirds,Synallaxis gujanensis,Plain-crowned Spinetail,LC
103675238,61950,Ovenbirds,Synallaxis albilora,White-lored Spinetail,LC
22702393,61960,Ovenbirds,Synallaxis kollari,Hoary-throated Spinetail,EN
22702366,62000,Ovenbirds,Synallaxis unirufa,Rufous Spinetail,LC
22702597,62060,Ovenbirds,Synallaxis hypochondriaca,Great Spinetail,NT
22702331,62110,Ovenbirds,Synallaxis subpudica,Silvery-throated Spinetail,LC
22702328,62170,Ovenbirds,Synallaxis cabanisi,Cabanis's Spinetail,LC
22702314,62190,Ovenbirds,Synallaxis hypospodia,Cinereous-breasted Spinetail,LC
22700824,63720,Tityras and allies,Iodopleura fusca,Dusky Purpletuft,LC
22700692,63740,Tityras and allies,Tityra inquisitor,Black-crowned Tityra,LC
22700689,63770,Tityras and allies,Tityra semifasciata,Masked Tityra,LC
22700632,63800,Tityras and allies,Xenopsaris albinucha,White-naped Xenopsaris,LC
103677078,63840,Tityras and allies,Pachyramphus viridis,Green-backed Becard,LC
22700664,63860,Tityras and allies,Pachyramphus rufus,Cinereous Becard,LC
103677225,63950,Tityras and allies,Pachyramphus uropygialis,Western Grey-collared Becard,LC
22700386,64110,Tityras and allies,Laniocera hypopyrra,Cinereous Mourner,LC
22700827,64150,Tyrant-flycatchers,Calyptura cristata,Kinglet Calyptura,CR
22699626,64170,Tyrant-flycatchers,Platyrinchus saturatus,Cinnamon-crested Spadebill,LC
22699629,64180,Tyrant-flycatchers,Platyrinchus cancrominus,Stub-tailed Spadebill,LC
22699635,64210,Tyrant-flycatchers,Platyrinchus coronatus,Golden-crowned Spadebill,LC
22699638,64220,Tyrant-flycatchers,Platyrinchus flavigularis,Yellow-throated Spadebill,LC
22701205,64280,Tyrant-flycatchers,Piprites pileata,Black-capped Piprites,NT
22698829,64320,Tyrant-flycatchers,Pseudotriccus ruficeps,Rufous-headed Pygmy-tyrant,LC
22699061,64330,Tyrant-flycatchers,Corythopis torquatus,Ringed Antpipit,LC
22699527,64370,Tyrant-flycatchers,Phylloscartes virescens,Olive-green Tyrannulet,LC
22724613,64450,Tyrant-flycatchers,Phylloscartes parkeri,Cinnamon-faced Tyrannulet,LC
22699512,64490,Tyrant-flycatchers,Phylloscartes difficilis,Serra do Mar Tyrannulet,LC
22699484,64520,Tyrant-flycatchers,Pogonotriccus chapmani,Chapman's Bristle-tyrant,LC
22724696,64570,Tyrant-flycatchers,Pogonotriccus eximius,Southern Bristle-tyrant,LC
22698790,64580,Tyrant-flycatchers,Mionectes striaticollis,Streak-necked Flycatcher,LC
22698813,64670,Tyrant-flycatchers,Leptopogon amaurocephalus,Sepia-capped Flycatcher,LC
22698807,64700,Tyrant-flycatchers,Leptopogon rufipectus,Rufous-breasted Flycatcher,LC
22698810,64710,Tyrant-flycatchers,Leptopogon taczanowskii,Inca Flycatcher,LC
22733350,64840,Tyrant-flycatchers,Tolmomyias traylori,Orange-eyed Flatbill,LC
103680514,64850,Tyrant-flycatchers,Tolmomyias assimilis,Yellow-margined Flatbill,LC
22699539,64920,Tyrant-flycatchers,Myiornis auricularis,Eared Pygmy-tyrant,LC
22699544,64940,Tyrant-flycatchers,Myiornis atricapillus,Black-capped Pygmy-tyrant,LC
22699587,64970,Tyrant-flycatchers,Oncostoma olivaceum,Southern Bentbill,LC
22699559,64990,Tyrant-flycatchers,Lophotriccus vitiosus,Double-banded Pygmy-tyrant,LC
22733103,65110,Tyrant-flycatchers,Hemitriccus griseipectus,White-bellied Tody-tyrant,LC
22699427,66680,Tyrant-flycatchers,Pseudocolopteryx sclateri,Crested Doradito,LC
22699433,66700,Tyrant-flycatchers,Pseudocolopteryx dinelliana,Dinelli's Doradito,NT
22699334,66760,Tyrant-flycatchers,Serpophaga nigricans,Sooty Tyrannulet,LC
22729445,66840,Tyrant-flycatchers,Guyramemua affinis,Chapada Flycatcher,NT
22699963,66990,Tyrant-flycatchers,Colorhamphus parvirostris,Patagonian Tyrant,LC
103682795,67020,Tyrant-flycatchers,Ochthoeca thoracica,Chestnut-belted Chat-tyrant,LC
103682880,67050,Tyrant-flycatchers,Ochthoeca superciliosa,Rufous-browed Chat-tyrant,LC
22699205,67130,Tyrant-flycatchers,Sublegatus obscurior,Amazonian Scrub-flycatcher,LC
22700329,67260,Tyrant-flycatchers,Muscipipra vetula,Shear-tailed Grey Tyrant,LC
22700216,67290,Tyrant-flycatchers,Lessonia rufa,Austral Negrito,LC
22700266,67310,Tyrant-flycatchers,Hymenops perspicillatus,Spectacled Tyrant,LC
103682965,67330,Tyrant-flycatchers,Knipolegus sclateri,Sclater's Black-tyrant,LC
22700261,67370,Tyrant-flycatchers,Knipolegus lophotes,Crested Black-tyrant,LC
103683026,67390,Tyrant-flycatchers,Knipolegus signatus,Andean Black-tyrant,LC
22733758,67620,Tyrant-flycatchers,Muscisaxicola alpinus,Plain-capped Ground-tyrant,LC
22700038,67750,Tyrant-flycatchers,Xolmis rubetra,Rusty-backed Monjita,LC
22699992,67840,Tyrant-flycatchers,Myiotheretes pernix,Santa Marta Bush-tyrant,EN
22699751,67910,Tyrant-flycatchers,Lathrotriccus euleri,Euler's Flycatcher,LC
22699757,67920,Tyrant-flycatchers,Lathrotriccus griseipectus,Grey-breasted Flycatcher,LC
22699892,67950,Tyrant-flycatchers,Sayornis nigricans,Black Phoebe,LC
22699845,68050,Tyrant-flycatchers,Empidonax alnorum,Alder Flycatcher,LC
22699880,68060,Tyrant-flycatchers,Empidonax fulvifrons,Buff-breasted Flycatcher,LC
22699804,68160,Tyrant-flycatchers,Contopus fumigatus,Smoke-colored Pewee,LC
22699808,68170,Tyrant-flycatchers,Contopus ochraceus,Ochraceous Pewee,LC
22699816,68190,Tyrant-flycatchers,Contopus virens,Eastern Wood-pewee,LC
103683917,68200,Tyrant-flycatchers,Contopus bogotensis,Northern Tropical Pewee,LC
22699836,68260,Tyrant-flycatchers,Contopus latirostris,Lesser Antillean Pewee,LC
22699827,68270,Tyrant-flycatchers,Contopus albogularis,White-throated Pewee,LC
22703807,69760,Fairy-wrens,Amytornis housei,Black Grasswren,LC
103684164,69810,Fairy-wrens,Amytornis modestus,Thick-billed Grasswren,LC
22703981,69910,Honeyeaters,Trichodere cockerelli,White-streaked Honeyeater,LC
22703966,70010,Honeyeaters,Lichmera deningeri,Buru Honeyeater,LC
22704143,70160,Honeyeaters,Melithreptus gularis,Black-chinned Honeyeater,LC
22704073,70210,Honeyeaters,Nesoptilotis flavicollis,Yellow-throated Honeyeater,LC
22704103,70340,Honeyeaters,Xanthotis polygrammus,Spotted Honeyeater,LC
22704110,70350,Honeyeaters,Xanthotis macleayanus,Macleay's Honeyeater,LC
22704185,70410,Honeyeaters,Philemon brassi,Brass's Friarbird,LC
22704221,70510,Honeyeaters,Philemon eichhorni,New Ireland Friarbird,LC
22703813,70630,Honeyeaters,Myzomela albigula,White-chinned Myzomela,DD
103686493,70650,Honeyeaters,Myzomela eques,Ruby-throated Myzomela,LC
103686603,70660,Honeyeaters,Myzomela simplex,Moluccan Myzomela,LC
22703827,70720,Honeyeaters,Myzomela nigrita,Papuan Black Myzomela,LC
22703830,70730,Honeyeaters,Myzomela pulchella,New Ireland Myzomela,LC
22703838,70740,Honeyeaters,Myzomela kuehni,Wetar Myzomela,LC
216552510,70750,Honeyeaters,Myzomela prawiradilagae,Alor Myzomela,VU
22703845,70760,Honeyeaters,Myzomela erythrocephala,Red-headed Myzomela,LC
22703842,70770,Honeyeaters,Myzomela dammermani,Sumba Myzomela,LC
103686945,70810,Honeyeaters,Myzomela batjanensis,Bacan Myzomela,VU
22703855,70830,Honeyeaters,Myzomela boiei,Banda Myzomela,LC
22703865,70870,Honeyeaters,Myzomela rubratra,Micronesian Myzomela,LC
22703884,70910,Honeyeaters,Myzomela eichhorni,Crimson-rumped Myzomela,LC
22703895,70940,Honeyeaters,Myzomela tristrami,Sooty Myzomela,LC
22703902,70960,Honeyeaters,Myzomela erythromelas,Black-bellied Myzomela,LC
22703906,70970,Honeyeaters,Myzomela vulnerata,Black-breasted Myzomela,LC
103687293,70980,Honeyeaters,Myzomela rosenbergii,Red-collared Myzomela,LC
22704161,71110,Honeyeaters,Pycnopygius ixoides,Plain Honeyeater,LC
22704378,71140,Honeyeaters,Gliciphila undulata,Barred Honeyeater,LC
22704236,71190,Honeyeaters,Ptiloprora meekiana,Yellowish-streaked Honeyeater,LC
22704239,71200,Honeyeaters,Ptiloprora erythropleura,Rufous-sided Honeyeater,LC
22704242,71220,Honeyeaters,Ptiloprora mayri,Mayr's Honeyeater,LC
22704403,71270,Honeyeaters,Conopophila albogularis,Rufous-banded Honeyeater,LC
22704656,72690,Thornbills,Acanthiza lineata,Striated Thornbill,LC
22731025,72700,Thornbills,Acanthiza apicalis,Inland Thornbill,LC
22704659,72740,Thornbills,Acanthiza robustirostris,Slaty-backed Thornbill,LC
22704641,72780,Thornbills,Acanthiza inornata,Western Thornbill,LC
22734309,72800,Logrunners,Orthonyx temminckii,Australian Logrunner,LC
22705394,72890,Mohouas,Mohoua albicilla,Whitehead,LC
22705397,72900,Mohouas,Mohoua ochrocephala,Yellowhead,NT
22705592,72920,Ploughbill,Eulacestoma nigropectus,Wattled Ploughbill,LC
103691575,72930,Sittellas,Daphoenositta papuensis,Papuan Sittella,LC
22705391,72950,Sittellas,Daphoenositta miranda,Black Sittella,LC
103691606,72970,Old World Orioles,Pitohui cerviniventris,Waigeo Pitohui,LC
103691592,72980,Old World Orioles,Pitohui kirhocephalus,Northern Variable Pitohui,LC
103691647,73170,Old World Orioles,Oriolus bouroensis,Buru Oriole,LC
232593245,73180,Old World Orioles,Oriolus xanthonotus,Dark-throated Oriole,LC
22706372,73200,Old World Orioles,Oriolus steerii,Philippine Oriole,LC
103692619,73250,Old World Orioles,Oriolus cruentus,Javan Oriole,DD
22706449,73270,Old World Orioles,Oriolus mellianus,Silver Oriole,EN
22706404,73300,Old World Orioles,Oriolus crassirostris,Sao Tome Oriole,VU
22706400,73310,Old World Orioles,Oriolus chlorocephalus,Green-headed Oriole,LC
103693015,73470,Painted berrypeckers,Paramythia olivacea,Western Crested Berrypecker,LC
103693003,73480,Painted berrypeckers,Paramythia montium,Eastern Crested Berrypecker,LC
103693158,73550,Quail-thrushes and Jewel-babblers,Ptilorrhoa caerulescens,Blue Jewel-babbler,LC
103693226,73640,Quail-thrushes and Jewel-babblers,Cinclosoma cinnamomeum,Cinnamon Quail-thrush,LC
22705425,73720,Whistlers,Coracornis raveni,Maroon-backed Whistler,LC
22705434,73750,Whistlers,Pachycephala rufogularis,Red-lored Whistler,VU
22705516,73770,Whistlers,Pachycephala nudigula,Bare-throated Whistler,LC
22705513,73780,Whistlers,Pachycephala schlegelii,Regent Whistler,LC
22705503,73800,Whistlers,Pachycephala caledonica,New Caledonian Whistler,LC
103693352,73810,Whistlers,Pachycephala richardsi,Bougainville Hooded Whistler,LC
103693348,73820,Whistlers,Pachycephala implicata,Guadalcanal Hooded Whistler,LC
22705565,73860,Whistlers,Pachycephala tenebrosa,Morningbird,LC
22705466,73880,Whistlers,Pachycephala sulfuriventer,Sulphur-bellied Whistler,LC
22705457,73960,Whistlers,Pachycephala hyperythra,Rusty Whistler,LC
22705476,73970,Whistlers,Pachycephala griseiceps,Brown Whistler,LC
22706645,75630,Cuckooshrikes,Campochaera sloetii,Golden Cuckooshrike,LC
22706626,75640,Cuckooshrikes,Malindangia mcgregori,McGregor's Cuckooshrike,LC
22706535,75650,Cuckooshrikes,Edolisoma anale,New Caledonian Cicadabird,NT
22706618,75680,Cuckooshrikes,Edolisoma montanum,Black-bellied Cicadabird,LC
22706584,75690,Cuckooshrikes,Edolisoma dohertyi,Sumba Cicadabird,LC
103702529,75750,Cuckooshrikes,Edolisoma holopolium,Solomon Cicadabird,LC
22706601,75770,Cuckooshrikes,Edolisoma morio,Sulawesi Cicadabird,LC
103702559,75790,Cuckooshrikes,Edolisoma remotum,Melanesian Cicadabird,LC
22706588,75800,Cuckooshrikes,Edolisoma sula,Sula Cicadabird,LC
103702585,75820,Cuckooshrikes,Edolisoma grayi,Moluccan Cicadabird,LC
103702615,75850,Cuckooshrikes,Edolisoma rostratum,Rossel Cicadabird,NT
103702625,75860,Cuckooshrikes,Edolisoma monacha,Palau Cicadabird,LC
22706663,75980,Cuckooshrikes,Lalage tricolor,White-winged Triller,LC
22706633,76110,Cuckooshrikes,Lalage polioptera,Indochinese Cuckooshrike,LC
22706569,76140,Cuckooshrikes,Lalage newtoni,Reunion Cuckooshrike,CR
22706296,76230,Woodswallows and Butcherbirds,Strepera fuliginosa,Black Currawong,LC
22706279,76290,Woodswallows and Butcherbirds,Cracticus louisiadensis,Tagula Butcherbird,NT
22706282,76300,Woodswallows and Butcherbirds,Cracticus nigrogularis,Pied Butcherbird,LC
22706270,76330,Woodswallows and Butcherbirds,Cracticus mentalis,Black-backed Butcherbird,LC
22706324,76360,Woodswallows and Butcherbirds,Artamus superciliosus,White-browed Woodswallow,LC
22706314,76430,Woodswallows and Butcherbirds,Artamus insignis,White-backed Woodswallow,LC
22715090,76480,Vangas and allies,Newtonia archboldi,Archbold's Newtonia,LC
22708069,76550,Vangas and allies,Hypositta corallirostris,Nuthatch Vanga,NT
103703584,76590,Vangas and allies,Cyanolanius madagascarinus,Madagascar Blue Vanga,NT
22716772,76610,Vangas and allies,Mystacornis crossleyi,Crossley's Vanga,NT
22708037,76710,Vangas and allies,Artamella viridis,White-headed Vanga,LC
103703834,76840,Vangas and allies,Tephrodornis virgatus,Large Woodshrike,LC
22707807,76890,Vangas and allies,Megabyas flammulatus,African Shrike-flycatcher,LC
22707826,76940,Batises and Wattle-eyes,Batis diops,Rwenzori Batis,LC
22707830,76950,Batises and Wattle-eyes,Batis margaritae,Margaret's Batis,LC
22707842,76970,Batises and Wattle-eyes,Batis reichenowi,Reichenow's Batis,NT
22707847,76990,Batises and Wattle-eyes,Batis dimorpha,Malawi Batis,LC
22707897,77090,Batises and Wattle-eyes,Batis perkeo,Pygmy Batis,LC
22707901,77110,Batises and Wattle-eyes,Batis minima,Gabon Batis,LC
22707915,77140,Batises and Wattle-eyes,Batis poensis,Bioko Batis,LC
103704667,77280,Batises and Wattle-eyes,Dyaphorophyia ansorgei,Yellow-bellied Wattle-eye,LC
22707934,77320,Batises and Wattle-eyes,Platysteira albifrons,White-fronted Wattle-eye,NT
22707436,77370,Ioras,Aegithina nigrolutea,Marshall's Iora,LC
103711049,78970,Drongos,Dicrurus striatus,Short-tailed Drongo,LC
22707002,79040,Drongos,Dicrurus andamanensis,Andaman Drongo,LC
103711132,79060,Drongos,Dicrurus lophorinus,Sri Lanka Drongo,LC
22707362,79190,Monarch-flycatchers,Myiagra oceanica,Chuuk Flycatcher,LC
22707373,79220,Monarch-flycatchers,Myiagra galeata,Moluccan Flycatcher,LC
22707380,79250,Monarch-flycatchers,Myiagra ferrocyanea,Steel-blue Flycatcher,LC
103711426,79360,Monarch-flycatchers,Myiagra eichhorni,Velvet Flycatcher,LC
103711391,79370,Monarch-flycatchers,Myiagra cervinicolor,Djaul Flycatcher,NT
22707267,79520,Monarch-flycatchers,Symposiachrus guttula,Spot-winged Monarch,LC
22707294,79550,Monarch-flycatchers,Symposiachrus boanensis,Black-chinned Monarch,CR
22707291,79580,Monarch-flycatchers,Symposiachrus loricatus,Black-tipped Monarch,LC
22707297,79590,Monarch-flycatchers,Symposiachrus leucurus,White-tailed Monarch,NT
22707300,79600,Monarch-flycatchers,Symposiachrus julianae,Kofiau Monarch,NT
22707307,79610,Monarch-flycatchers,Symposiachrus brehmii,Biak Monarch,NT
22707310,79630,Monarch-flycatchers,Symposiachrus infelix,Manus Monarch,NT
103714645,79660,Monarch-flycatchers,Symposiachrus ateralbus,Djaul Monarch,NT
22707330,79700,Monarch-flycatchers,Symposiachrus vidua,White-collared Monarch,NT
22707258,79760,Monarch-flycatchers,Carterornis castus,Tanimbar Monarch,NT
22736432,79770,Monarch-flycatchers,Chasiempis sclateri,Kauai Elepaio,NT
22736423,79780,Monarch-flycatchers,Chasiempis ibidis,Oahu Elepaio,VU
22732931,79880,Monarch-flycatchers,Pomarea mira,Ua Pou Monarch,CR(PE)
22734320,79890,Monarch-flycatchers,Pomarea mendozae,Marquesas Monarch,EN
22707204,79950,Monarch-flycatchers,Mayrornis lessoni,Slaty Monarch,LC
22707216,79970,Monarch-flycatchers,Clytorhynchus vitiensis,Fiji Shrikebill,LC
22734762,79980,Monarch-flycatchers,Clytorhynchus sanctaecrucis,Nendo Shrikebill,EN
103715221,80040,Monarch-flycatchers,Monarcha megarhynchus,Makira Monarch,LC
22707252,80060,Monarch-flycatchers,Monarcha richardsii,White-capped Monarch,NT
103715755,80200,Monarch-flycatchers,Hypothymis azurea,Black-naped Monarch,LC
103715774,80210,Monarch-flycatchers,Hypothymis puella,Pale-blue Monarch,LC
22707074,80220,Monarch-flycatchers,Hypothymis helenae,Short-crested Monarch,NT
22707126,80350,Monarch-flycatchers,Terpsiphone mutata,Madagascar Paradise-flycatcher,LC
22705114,80480,Shrikes,Eurocephalus ruppelli,Northern White-crowned Shrike,LC
22705735,82290,Crows and jays,Cyanocorax mystacalis,White-tailed Jay,LC
22705717,82320,Crows and jays,Cyanocorax heilprini,Azure-naped Jay,LC
103728087,82330,Crows and jays,Cyanocorax hafferi,Campina Jay,NT
22705729,82350,Crows and jays,Cyanocorax chrysops,Plush-crested Jay,LC
22705681,82370,Crows and jays,Cyanocorax melanocyaneus,Bushy-crested Jay,LC
22706085,82410,Melampittas,Melampitta lugubris,Lesser Melampitta,LC
22706114,82490,Birds-of-paradise,Manucodia ater,Glossy-mantled Manucode,LC
22706121,82510,Birds-of-paradise,Manucodia chalybatus,Crinkle-collared Manucode,LC
103728360,82550,Birds-of-paradise,Parotia berlepschi,Bronze Parotia,LC
22706157,82620,Birds-of-paradise,Drepanornis albertisi,Black-billed Sicklebill,LC
181524349,82670,Birds-of-paradise,Lophorina superba,Western Superb Bird-of-Paradise,LC
22706151,82730,Birds-of-paradise,Epimachus fastosus,Black Sicklebill,LC
22706215,82780,Birds-of-paradise,Astrapia splendidissima,Splendid Astrapia,LC
22706199,82830,Birds-of-paradise,Cicinnurus magnificus,Magnificent Bird-of-paradise,LC
22706257,82880,Birds-of-paradise,Paradisaea decora,Goldie's Bird-of-paradise,VU
22706253,82910,Birds-of-paradise,Paradisaea raggiana,Raggiana Bird-of-paradise,LC
22704154,82990,Stitchbird,Notiomystis cincta,Stitchbird,VU
22718137,83010,Berrypeckers and Longbills,Melanocharis nigra,Black Berrypecker,LC
22718143,83040,Berrypeckers and Longbills,Melanocharis versteri,Fan-tailed Berrypecker,LC
22718146,83050,Berrypeckers and Longbills,Melanocharis striativentris,Streaked Berrypecker,LC
22718159,83090,Berrypeckers and Longbills,Oedistoma iliolophus,Spectacled Longbill,LC
22718156,83110,Berrypeckers and Longbills,Toxorhamphus novaeguineae,Yellow-bellied Longbill,LC
22718152,83120,Berrypeckers and Longbills,Toxorhamphus poliopterus,Slaty-headed Longbill,LC
103731110,83150,Satinbirds,Cnemophilus macgregorii,Yellow Satinbird,LC
22705375,83200,Rail-babbler,Eupetes macrocerus,Rail-babbler,NT
22704822,83310,Australasian robins,Petroica rosea,Rose Robin,LC
22704825,83320,Australasian robins,Petroica rodinogaster,Pink Robin,LC
103734840,83350,Australasian robins,Petroica pusilla,Pacific Robin,LC
103734824,83360,Australasian robins,Petroica multicolor,Norfolk Island Robin,EN
103735022,83410,Australasian robins,Petroica longipes,North Island Robin,LC
22704857,83500,Australasian robins,Cryptomicroeca flaviventris,Yellow-bellied Robin,LC
22704773,83560,Australasian robins,Microeca hemixantha,Tanimbar Flyrobin,NT
103737970,83590,Australasian robins,Drymodes beccarii,Papuan Scrub-robin,LC
103737960,83600,Australasian robins,Drymodes superciliaris,Northern Scrub-robin,LC
22717202,85290,Larks,Eremopterix verticalis,Grey-backed Sparrow-lark,LC
22717018,85300,Larks,Eremopterix hova,Madagascar Lark,LC
22717180,85350,Larks,Calendulauda burra,Red Lark,VU
103765237,85460,Larks,Mirafra apiata,Cape Clapper Lark,LC
22717059,85500,Larks,Mirafra sharpii,Sharpe's Lark,EN
22717038,85510,Larks,Mirafra hypermetra,Red-winged Lark,LC
22732451,85620,Larks,Mirafra microptera,Burmese Bushlark,LC
22734352,85630,Larks,Mirafra assamica,Bengal Bushlark,LC
22734290,85640,Larks,Mirafra erythrocephala,Indochinese Bushlark,LC
22717092,85650,Larks,Mirafra erythroptera,Indian Bushlark,LC
22732442,85660,Larks,Mirafra affinis,Jerdon's Bushlark,LC
103765809,85800,Larks,Eremalauda dunni,Dunn's Lark,LC
22717340,85830,Larks,Alaudala somalica,Somali Short-toed Lark,LC
22717336,85870,Larks,Alaudala raytal,Sand Lark,LC
22717285,85920,Larks,Melanocorypha calandra,Calandra Lark,LC
22717301,85930,Larks,Melanocorypha yeltoniensis,Black Lark,LC
103766143,85970,Larks,Calandrella cinerea,Red-capped Lark,LC
22717438,86090,Larks,Eremophila bilopha,Temminck's Lark,LC
22717434,86100,Larks,Eremophila alpestris,Horned Lark,LC
22717356,86120,Larks,Spizocorys sclateri,Sclater's Lark,NT
22717368,86160,Larks,Spizocorys fringillaris,Botha's Lark,EN
22717298,86190,Larks,Alauda leucoptera,White-winged Lark,LC
102998555,86210,Larks,Alauda arvensis,Eurasian Skylark,LC
22717424,86220,Larks,Alauda gulgula,Oriental Skylark,LC
22716776,86310,Bearded Reedling,Panurus biarmicus,Bearded Reedling,LC
22713100,86330,Nicators,Nicator gularis,Eastern Nicator,LC
22715107,86440,Crombecs and allies,Sylvietta chapini,Lendu Crombec,CR
22715154,86520,Crombecs and allies,Macrosphenus flavicans,Yellow Longbill,LC
22715150,86530,Crombecs and allies,Macrosphenus kempi,Kemp's Longbill,LC
22715162,86550,Crombecs and allies,Macrosphenus pulitzeri,Pulitzer's Longbill,EN
103771036,86600,Cisticolas and allies,Neomixis striatigula,Stripe-throated Jery,NT
22715023,86630,Cisticolas and allies,Eremomela icteropygialis,Yellow-bellied Eremomela,LC
22715034,86640,Cisticolas and allies,Eremomela flavicrissalis,Yellow-vented Eremomela,LC
22713595,88330,Cisticolas and allies,Prinia sylvatica,Jungle Prinia,LC
103777145,88350,Cisticolas and allies,Prinia flaviventris,Yellow-bellied Prinia,LC
22713615,88380,Cisticolas and allies,Prinia inornata,Plain Prinia,LC
22713626,88430,Cisticolas and allies,Prinia maculosa,Karoo Prinia,LC
22729387,88440,Cisticolas and allies,Prinia hypoxantha,Drakensberg Prinia,LC
22713632,88450,Cisticolas and allies,Prinia molleri,Sao Tome Prinia,LC
22714982,88550,Cisticolas and allies,Orthotomus sutorius,Common Tailorbird,LC
22714985,88580,Cisticolas and allies,Orthotomus atrogularis,Dark-necked Tailorbird,LC
22715003,88610,Cisticolas and allies,Orthotomus sepium,Olive-backed Tailorbird,LC
103778615,88620,Cisticolas and allies,Orthotomus chloronotus,Green-backed Tailorbird,LC
22715006,88640,Cisticolas and allies,Orthotomus samarensis,Yellow-breasted Tailorbird,LC
103778700,88690,Reed-warblers,Nesillas typica,Madagascar Brush-warbler,LC
22724542,88700,Reed-warblers,Nesillas lantzii,Subdesert Brush-warbler,LC
22714611,88710,Reed-warblers,Nesillas brevicaudata,Grande Comore Brush-Warbler,LC
22714920,88850,Reed-warblers,Iduna natalensis,African Yellow Warbler,LC
22714916,88900,Reed-warblers,Hippolais icterina,Icterine Warbler,LC
22714704,88930,Reed-warblers,Acrocephalus sorghophilus,Streaked Reed-warbler,CR
22714693,88950,Reed-warblers,Acrocephalus melanopogon,Moustached Warbler,LC
22714700,88960,Reed-warblers,Acrocephalus schoenobaenus,Sedge Warbler,LC
22714722,89000,Reed-warblers,Acrocephalus scirpaceus,Common Reed-warbler,LC
103780103,89210,Reed-warblers,Acrocephalus yamashinae,Pagan Reed-warbler,EX
103780156,89220,Reed-warblers,Acrocephalus astrolabii,Mangareva Reed-warbler,EX
22714797,89240,Reed-warblers,Acrocephalus familiaris,Millerbird,EN
22714826,89280,Reed-warblers,Acrocephalus rimitarae,Rimatara Reed-warbler,CR
22735592,89290,Reed-warblers,Acrocephalus musae,Forster's Reed-warbler,EX
104003523,89300,Reed-warblers,Acrocephalus caffer,Tahiti Reed-warbler,VU
104011899,89320,Reed-warblers,Acrocephalus percernis,Northern Marquesan Reed-warbler,LC
22714816,89330,Reed-warblers,Acrocephalus atyphus,Tuamotu Reed-warbler,LC
22716108,89480,Cupwings,Pnoepyga pusilla,Pygmy Cupwing,LC
22735145,89490,Cupwings,Pnoepyga albiventer,Scaly-breasted Cupwing,LC
22735664,89550,Grasshopper-warblers and grassbirds,Robsonius sorsogonensis,Bicol Ground-warbler,NT
22735632,89780,Grasshopper-warblers and grassbirds,Locustella kashmirensis,Himalayan Grasshopper-warbler,LC
103785896,89810,Grasshopper-warblers and grassbirds,Locustella montis,Sunda Grasshopper-warbler,LC
22712162,91520,Swallows and martins,Stelgidopteryx ruficollis,Southern Rough-winged Swallow,LC
22712146,91560,Swallows and martins,Alopochelidon fucata,Tawny-headed Swallow,LC
22712143,91590,Swallows and martins,Atticora tibialis,White-thighed Swallow,LC
22712131,91610,Swallows and martins,Orochelidon flavipes,Pale-footed Swallow,LC
22712419,91620,Swallows and martins,Orochelidon andecola,Andean Swallow,LC
22713256,91750,Bulbuls,Neolestes torquatus,Black-collared Bulbul,LC
103817373,91830,Bulbuls,Atimastillas flavicollis,Yellow-throated Greenbul,LC
22712865,91920,Bulbuls,Chlorocichla flaviventris,Yellow-bellied Greenbul,LC
22712821,91950,Bulbuls,Arizelocichla striifacies,Olive-headed Bulbul,LC
22730593,91960,Bulbuls,Arizelocichla milanjensis,Stripe-cheeked Bulbul,NT
103818359,91990,Bulbuls,Arizelocichla neumanni,Uluguru Mountain Greenbul,LC
22712750,92010,Bulbuls,Arizelocichla montana,Cameroon Mountain Greenbul,LC
22712782,92080,Bulbuls,Eurillas ansorgei,Ansorge's Greenbul,LC
22713120,92120,Bulbuls,Criniger calurus,Red-tailed Greenbul,LC
103819211,92160,Bulbuls,Phyllastrephus debilis,Lowland Tiny Greenbul,LC
22712919,92250,Bulbuls,Phyllastrephus cerviniventris,Grey-olive Greenbul,LC
22712935,92270,Bulbuls,Phyllastrephus hypochloris,Toro Olive Greenbul,LC
22712947,92290,Bulbuls,Phyllastrephus poliocephalus,Grey-headed Greenbul,LC
103823433,92760,Bulbuls,Hypsipetes everetti,Yellowish Bulbul,LC
22713185,92790,Bulbuls,Hypsipetes siquijorensis,Streak-breasted Bulbul,EN
22713231,92830,Bulbuls,Hypsipetes borbonicus,Reunion Bulbul,NT
22713213,92850,Bulbuls,Hypsipetes madagascariensis,Malagasy Bulbul,LC
103842202,92920,Bulbuls,Hypsipetes aureus,Togian Golden Bulbul,LC
103842251,92930,Bulbuls,Hypsipetes platenae,Sangihe Golden Bulbul,CR
103841956,92940,Bulbuls,Hypsipetes chloris,Halmahera Golden Bulbul,LC
103840832,92960,Bulbuls,Hypsipetes mysticalis,Buru Golden Bulbul,LC
22707017,94640,Bush-warblers,Erythrocercus livingstonei,Livingstone's Flycatcher,LC
22714353,94670,Bush-warblers,Tesia cyaniventer,Grey-bellied Tesia,LC
22714356,94680,Bush-warblers,Tesia superciliaris,Javan Tesia,LC
22714440,94710,Bush-warblers,Cettia brunnifrons,Grey-sided Bush-warbler,LC
22715145,94750,Bush-warblers,Hemitesia neumanni,Neumann's Warbler,LC
22735889,94880,Bush-warblers,Horornis acanthizoides,Yellowish-bellied Bush-warbler,LC
22714376,94910,Bush-warblers,Horornis canturians,Korean Bush-warbler,LC
22714391,94930,Bush-warblers,Horornis annae,Palau Bush-warbler,LC
22734397,94960,Bush-warblers,Horornis haddeni,Bougainville Bush-warbler,NT
103870959,95080,Long-tailed Tits,Aegithalos annamensis,Grey-crowned Tit,LC
22712016,95100,Long-tailed Tits,Aegithalos niveogularis,White-throated Tit,LC
103871775,95120,Long-tailed Tits,Aegithalos iouschistos,Rufous-fronted Tit,LC
103871974,95150,Long-tailed Tits,Aegithalos glaucogularis,Silver-throated Tit,LC
22734413,95380,Old World Warblers,Curruca deserti,African Desert Warbler,LC
103872996,95390,Old World Warblers,Curruca nana,Asian Desert Warbler,LC
22734793,95460,Old World Warblers,Curruca crassirostris,Eastern Orphean Warbler,LC
22734992,95490,Old World Warblers,Curruca curruca,Lesser Whitethroat,LC
22734798,95590,Old World Warblers,Curruca balearica,Balearic Warbler,LC
22716760,95650,Parrotbills and allies,Myzornis pyrrhoura,Fire-tailed Myzornis,LC
22716326,95690,Parrotbills and allies,Chrysomma altirostre,Jerdon's Babbler,VU
22734598,95740,Parrotbills and allies,Fulvetta manipurensis,Manipur Fulvetta,LC
22735182,95750,Parrotbills and allies,Fulvetta cinereiceps,Grey-hooded Fulvetta,LC
22716604,95770,Parrotbills and allies,Fulvetta striaticollis,Chinese Fulvetta,LC
22716844,95830,Parrotbills and allies,Paradoxornis heudei,Reed Parrotbill,LC
22716787,95900,Parrotbills and allies,Paradoxornis unicolor,Brown Parrotbill,LC
22716823,95920,Parrotbills and allies,Suthora fulvifrons,Fulvous Parrotbill,LC
103886982,95980,Parrotbills and allies,Suthora brunnea,Brown-winged Parrotbill,LC
22716810,96000,Parrotbills and allies,Suthora alphonsiana,Ashy-throated Parrotbill,LC
22734548,97840,Scimitar-babblers and allies,Spelaeornis oatesi,Chin Hills Wren-babbler,LC
22734543,97850,Scimitar-babblers and allies,Spelaeornis reptatus,Grey-bellied Wren-babbler,LC
22734553,97860,Scimitar-babblers and allies,Spelaeornis kinneari,Pale-throated Wren-babbler,VU
22716137,97870,Scimitar-babblers and allies,Spelaeornis longicaudatus,Tawny-breasted Wren-babbler,NT
22735503,97950,Scimitar-babblers and allies,Pomatorhinus horsfieldii,Indian Scimitar-babbler,LC
22735133,98000,Scimitar-babblers and allies,Pomatorhinus ruficollis,Streak-breasted Scimitar-babbler,LC
22715955,98080,Scimitar-babblers and allies,Erythrogenys erythrogenys,Rusty-cheeked Scimitar-babbler,LC
22734503,98090,Scimitar-babblers and allies,Erythrogenys mcclellandi,Spot-breasted Scimitar-babbler,LC
22734498,98100,Scimitar-babblers and allies,Erythrogenys gravivox,Black-streaked Scimitar-babbler,LC
22716277,98150,Scimitar-babblers and allies,Stachyris maculata,Chestnut-rumped Babbler,NT
22735635,98220,Scimitar-babblers and allies,Stachyris nonggangensis,Nonggang Babbler,VU
22716265,98230,Scimitar-babblers and allies,Stachyris strialata,Spot-necked Babbler,LC
22716274,98250,Scimitar-babblers and allies,Stachyris thoracica,White-bibbed Babbler,LC
22716286,98290,Scimitar-babblers and allies,Dumetia hyperythra,Tawny-bellied Babbler,LC
103895665,98410,Scimitar-babblers and allies,Cyanoderma erythropterum,Chestnut-winged Babbler,LC
103895265,98460,Scimitar-babblers and allies,Cyanoderma rufifrons,Rufous-fronted Babbler,LC
22715876,98520,Ground babblers,Malacopteron affine,Sooty-capped Babbler,NT
22715885,98560,Ground babblers,Malacopteron palawanense,Melodious Babbler,VU
22734588,98660,Ground babblers,Schoeniparus klossi,Black-crowned Fulvetta,LC
22716588,98670,Ground babblers,Schoeniparus variegaticeps,Golden-fronted Fulvetta,LC
22715914,98700,Ground babblers,Illadopsis fulvescens,Brown Illadopsis,LC
103869063,98720,Ground babblers,Illadopsis distans,Grey-breasted Illadopsis,LC
22715895,98750,Ground babblers,Illadopsis albipectus,Scaly-breasted Illadopsis,LC
22715938,98760,Ground babblers,Illadopsis turdina,Spotted Illadopsis,LC
22715906,98770,Ground babblers,Illadopsis puveli,Puvel's Illadopsis,LC
22731962,98930,Ground babblers,Pellorneum buettikoferi,Sumatran Babbler,NT
22715845,98940,Ground babblers,Pellorneum pyrrogenys,Temminck's Babbler,LC
22716075,99080,Ground babblers,Gypsophila brevicaudata,Streaked Wren-babbler,LC
22716079,99090,Ground babblers,Gypsophila crassa,Mountain Wren-babbler,LC
22716048,99130,Ground babblers,Turdinus atrigularis,Black-throated Wren-babbler,NT
103870218,99200,Ground babblers,Napothera naungmungensis,Naung Mung Wren-babbler,NT
22735139,99220,Ground babblers,Napothera malacoptila,Long-billed Wren-babbler,LC
22716644,99320,Alcippe Fulvettas,Alcippe morrisonia,Grey-cheeked Fulvetta,LC
22715620,99420,Laughingthrushes and allies,Grammatoptila striata,Striated Laughingthrush,LC
22715586,99470,Laughingthrushes and allies,Argya cinereifrons,Ashy-fronted Babbler,VU
22716383,99600,Laughingthrushes and allies,Argya rubiginosa,Rufous Chatterer,LC
22716655,99630,Laughingthrushes and allies,Kupeornis gilberti,White-throated Mountain-babbler,VU
22716664,99640,Laughingthrushes and allies,Kupeornis rufocinctus,Red-collared Mountain-babbler,EN
22716673,99650,Laughingthrushes and allies,Kupeornis chapini,Chapin's Mountain-babbler,LC
103871177,99660,Laughingthrushes and allies,Phyllanthus atripennis,Grey-hooded Capuchin Babbler,VU
22716428,99710,Laughingthrushes and allies,Turdoides melanops,Black-faced Babbler,LC
22716419,99720,Laughingthrushes and allies,Turdoides tenebrosa,Dusky Babbler,LC
22716443,99780,Laughingthrushes and allies,Turdoides leucopygia,White-rumped Babbler,LC
22716450,99790,Laughingthrushes and allies,Turdoides hartlaubii,Hartlaub's Babbler,LC
22716469,99810,Laughingthrushes and allies,Turdoides hypoleuca,Northern Pied Babbler,LC
22716456,99820,Laughingthrushes and allies,Turdoides bicolor,Southern Pied Babbler,LC
22715592,99910,Laughingthrushes and allies,Garrulax rufifrons,Rufous-fronted Laughingthrush,EN
22715628,99960,Laughingthrushes and allies,Garrulax milleti,Black-hooded Laughingthrush,LC
22734458,99980,Laughingthrushes and allies,Garrulax castanotis,Rufous-cheeked Laughingthrush,LC
22715672,100150,Laughingthrushes and allies,Ianthocincla lunulata,Barred Laughingthrush,LC
22715707,100240,Laughingthrushes and allies,Pterorhinus sannio,White-browed Laughingthrush,LC
22715659,100260,Laughingthrushes and allies,Pterorhinus davidi,Plain Laughingthrush,LC
22715642,100280,Laughingthrushes and allies,Pterorhinus chinensis,Black-throated Laughingthrush,LC
22735092,100370,Laughingthrushes and allies,Pterorhinus albogularis,White-throated Laughingthrush,LC
22734443,100380,Laughingthrushes and allies,Pterorhinus ruficeps,Rufous-crowned Laughingthrush,LC
22734463,100400,Laughingthrushes and allies,Pterorhinus berthemyi,Buffy Laughingthrush,LC
22734337,100430,Laughingthrushes and allies,Pterorhinus galbanus,Yellow-throated Laughingthrush,LC
22715653,100450,Laughingthrushes and allies,Pterorhinus delesserti,Wayanad Laughingthrush,LC
22715656,100460,Laughingthrushes and allies,Pterorhinus gularis,Rufous-vented Laughingthrush,LC
22715735,100490,Laughingthrushes and allies,Trochalopteron subunicolor,Scaly Laughingthrush,LC
22734478,100530,Laughingthrushes and allies,Trochalopteron imbricatum,Bhutan Laughingthrush,LC
22715741,100550,Laughingthrushes and allies,Trochalopteron variegatum,Variegated Laughingthrush,LC
22715761,100610,Laughingthrushes and allies,Trochalopteron formosum,Red-winged Laughingthrush,LC
22715758,100670,Laughingthrushes and allies,Trochalopteron yersini,Collared Laughingthrush,EN
103874076,100730,Laughingthrushes and allies,Montecincla cachinnans,Nilgiri Chilappan,NT
22716717,100750,Laughingthrushes and allies,Heterophasia picaoides,Long-tailed Sibia,LC
22735192,100780,Laughingthrushes and allies,Heterophasia melanoleuca,Dark-backed Sibia,LC
22716696,100860,Laughingthrushes and allies,Leioptila annectens,Rufous-backed Sibia,LC
22716582,100870,Laughingthrushes and allies,Minla ignotincta,Red-tailed Minla,LC
22715775,100920,Laughingthrushes and allies,Liocichla steerii,Taiwan Liocichla,LC
22716572,100970,Laughingthrushes and allies,Sibia morrisoniana,Taiwan Barwing,LC
22716690,101050,Laughingthrushes and allies,Laniellus langbianis,Grey-crowned Crocias,NT
22735065,101090,Treecreepers,Certhia discolor,Sikkim Treecreeper,LC
22734638,101100,Treecreepers,Certhia manipurensis,Manipur Treecreeper,LC
22711253,101110,Treecreepers,Certhia himalayana,Bar-tailed Treecreeper,LC
22711249,101120,Treecreepers,Certhia brachydactyla,Short-toed Treecreeper,LC
22735379,101190,Nuthatches,Sitta arctica,Siberian Nuthatch,LC
22711164,101250,Nuthatches,Sitta himalayensis,White-tailed Nuthatch,LC
22711176,101300,Nuthatches,Sitta whiteheadi,Corsican Nuthatch,VU
22711196,101340,Nuthatches,Sitta canadensis,Red-breasted Nuthatch,LC
22711202,101380,Nuthatches,Sitta carolinensis,White-breasted Nuthatch,LC
22711211,101400,Nuthatches,Sitta tephronota,Eastern Rock Nuthatch,LC
22711222,101430,Nuthatches,Sitta oenochlamys,Sulphur-billed Nuthatch,LC
22711234,101510,Nuthatches,Tichodroma muraria,Wallcreeper,LC
103882123,101520,Nuthatches,Salpornis salvadori,African Spotted Creeper,LC
22711581,101580,Gnatcatchers,Polioptila caerulea,Blue-grey Gnatcatcher,LC
22711591,101590,Gnatcatchers,Polioptila lembeyei,Cuban Gnatcatcher,LC
103882288,101640,Gnatcatchers,Polioptila plumbea,Tropical Gnatcatcher,LC
103882394,101650,Gnatcatchers,Polioptila maior,Maranon Gnatcatcher,LC
106020330,101670,Gnatcatchers,Polioptila guianensis,Guianan Gnatcatcher,LC
22711537,101750,Wrens,Microcerculus philomela,Northern Nightingale-wren,NT
22711551,101780,Wrens,Microcerculus bambla,Wing-banded Wren,LC
22711346,101810,Wrens,Hylorchilus navai,Nava's Wren,VU
22711325,101830,Wrens,Odontorchilus branickii,Grey-mantled Wren,LC
22711329,101840,Wrens,Odontorchilus cinereus,Tooth-billed Wren,LC
103884879,101860,Wrens,Troglodytes pacificus,Pacific Wren,LC
22711497,101930,Wrens,Troglodytes rufociliatus,Rufous-browed Wren,LC
22711512,102040,Wrens,Thryorchilus browni,Timberline Wren,LC
103886997,102060,Wrens,Cistothorus platensis,Grass Wren,LC
103887192,102120,Wrens,Thryothorus ludovicianus,Carolina Wren,LC
22711284,102250,Wrens,Campylorhynchus gularis,Spotted Wren,LC
22711290,102330,Wrens,Campylorhynchus jocosus,Boucard's Wren,LC
103888269,102360,Wrens,Pheugopedius euophrys,Plain-tailed Wren,LC
22711407,102380,Wrens,Pheugopedius eisenmanni,Inca Wren,LC
22711398,102430,Wrens,Pheugopedius spadix,Sooty-headed Wren,LC
22711419,102440,Wrens,Pheugopedius felix,Happy Wren,LC
105294254,102470,Wrens,Pheugopedius sclateri,Maranon Wren,LC
22711427,102480,Wrens,Pheugopedius rutilus,Rufous-breasted Wren,LC
22711422,102490,Wrens,Pheugopedius maculipectus,Spot-breasted Wren,LC
22711458,102550,Wrens,Thryophilus nicefori,Niceforo's Wren,CR
22711473,102670,Wrens,Cantorchilus guarayanus,Fawn-breasted Wren,LC
22711438,102690,Wrens,Cantorchilus nigricapillus,Bay Wren,LC
103889800,102770,Wrens,Henicorhina leucophrys,Grey-breasted Wood-wren,LC
103889880,102820,Wrens,Cyphorhinus thoracicus,Southern Chestnut-breasted Wren,LC
22708163,102880,Dippers,Cinclus mexicanus,American Dipper,LC
22710832,102950,Starlings,Creatophora cinerea,Wattled Starling,LC
22710870,102970,Starlings,Agropsar sturninus,Purple-backed Starling,LC
216912703,102990,Starlings,Gracupica contra,Indian Pied Starling,LC
22710929,103170,Starlings,Acridotheres ginginianus,Bank Myna,LC
22710940,103220,Starlings,Acridotheres cinereus,Pale-bellied Myna,VU
22710600,103330,Starlings,Onychognathus nabouroup,Pale-winged Starling,LC
103871400,103350,Starlings,Onychognathus morio,Red-winged Starling,LC
22710634,103380,Starlings,Onychognathus albirostris,White-billed Starling,LC
22710829,103440,Starlings,Saroglossa spilopterus,Spot-winged Starling,LC
22710795,103470,Starlings,Speculipastor bicolor,Magpie Starling,LC
22710583,103500,Starlings,Poeoptera kenricki,Kenrick's Starling,LC
22710587,103510,Starlings,Poeoptera lugubris,Narrow-tailed Starling,LC
22710779,103530,Starlings,Lamprotornis hildebrandti,Hildebrandt's Starling,LC
22710731,103550,Starlings,Lamprotornis australis,Burchell's Starling,LC
103771653,109970,Old World Flycatchers and Chats,Ficedula dumetoria,Rufous-chested Flycatcher,LC
22710034,110090,Old World Flycatchers and Chats,Phoenicurus erythronotus,Eversmann's Redstart,LC
22710069,110180,Old World Flycatchers and Chats,Phoenicurus moussieri,Moussier's Redstart,LC
22710060,110210,Old World Flycatchers and Chats,Phoenicurus hodgsoni,Hodgson's Redstart,LC
22730713,110280,Old World Flycatchers and Chats,Monticola erythronotus,Amber Mountain Rock-thrush,NT
22708257,110300,Old World Flycatchers and Chats,Monticola saxatilis,Rufous-tailed Rock-thrush,LC
22710226,110420,Old World Flycatchers and Chats,Saxicola gutturalis,White-bellied Bushchat,LC
22710156,110430,Old World Flycatchers and Chats,Saxicola rubetra,Whinchat,LC
22710177,110480,Old World Flycatchers and Chats,Saxicola dacotiae,Fuerteventura Stonechat,NT
22710184,110490,Old World Flycatchers and Chats,Saxicola torquatus,Common Stonechat,LC
22710359,110560,Old World Flycatchers and Chats,Emarginata schlegelii,Karoo Chat,LC
22710394,110650,Old World Flycatchers and Chats,Myrmecocichla tholloni,Congo Moor Chat,LC
22710329,110720,Old World Flycatchers and Chats,Oenanthe pileata,Capped Wheatear,LC
22710302,110790,Old World Flycatchers and Chats,Oenanthe hispanica,Black-eared Wheatear,LC
22710380,110880,Old World Flycatchers and Chats,Oenanthe dubia,Sombre Rockchat,DD
22708146,111220,Waxwings,Bombycilla garrulus,Bohemian Waxwing,LC
22708132,111270,Silky-flycatchers,Ptiliogonys cinereus,Grey Silky-flycatcher,LC
22704335,111310,Oos,Moho bishopi,Bishop's Oo,EX
22717746,112770,Sunbirds,Cyanomitra cyanolaema,Blue-throated Brown Sunbird,LC
22717733,112790,Sunbirds,Cyanomitra alinae,Blue-headed Sunbird,LC
22717762,112850,Sunbirds,Chalcomitra amethystina,Amethyst Sunbird,LC
22717750,112880,Sunbirds,Chalcomitra balfouri,Socotra Sunbird,LC
103795170,112920,Sunbirds,Leptocoma sperata,Purple-throated Sunbird,LC
22717962,112980,Sunbirds,Nectarinia purpureiventris,Purple-breasted Sunbird,LC
22717958,112990,Sunbirds,Nectarinia tacazze,Tacazze Sunbird,LC
103797518,113180,Sunbirds,Cinnyris gertrudis,Western Miombo Sunbird,LC
22717887,113260,Sunbirds,Cinnyris reichenowi,Northern Double-collared Sunbird,LC
103799498,113290,Sunbirds,Cinnyris mediocris,Eastern Double-collared Sunbird,LC
22717841,113530,Sunbirds,Cinnyris oustaleti,Oustalet's Sunbird,LC
22717831,113570,Sunbirds,Cinnyris ursulae,Ursula's Sunbird,LC
22717855,113600,Sunbirds,Cinnyris asiaticus,Purple Sunbird,LC
22717805,113640,Sunbirds,Cinnyris solaris,Flame-breasted Sunbird,LC
22717808,113650,Sunbirds,Cinnyris sovimanga,Souimanga Sunbird,LC
103804289,113710,Sunbirds,Cinnyris voeltzkowi,Moheli Sunbird,LC
22718090,113840,Sunbirds,Aethopyga saturata,Black-throated Sunbird,LC
103804369,113870,Sunbirds,Aethopyga temminckii,Temminck's Sunbird,LC
103809131,113950,Sunbirds,Aethopyga guimarasensis,Maroon-naped Sunbird,LC
22718084,113970,Sunbirds,Aethopyga eximia,White-flanked Sunbird,LC
22718624,114110,Accentors,Prunella rubeculoides,Robin Accentor,LC
22718647,114140,Accentors,Prunella koslowi,Mongolian Accentor,LC
22720027,114220,Olive Warbler,Peucedramus taeniatus,Olive Warbler,LC
22718718,114340,Weavers,Pseudonigrita arnaudi,Grey-capped Social-Weaver,LC
22718725,114350,Weavers,Pseudonigrita cabanisi,Black-capped Social-Weaver,LC
22719196,114430,Weavers,Euplectes aureus,Golden-backed Bishop,LC
22719172,114440,Weavers,Euplectes gierowii,Black Bishop,LC
22719181,114460,Weavers,Euplectes franciscanus,Northern Red Bishop,LC
103810956,114500,Weavers,Euplectes laticauda,Red-cowled Widowbird,LC
22719200,114510,Weavers,Euplectes capensis,Yellow Bishop,LC
22719223,114540,Weavers,Euplectes albonotatus,White-winged Widowbird,LC
22719244,114580,Weavers,Euplectes progne,Long-tailed Widowbird,LC
22719144,114640,Weavers,Foudia omissa,Forest Fody,LC
22719116,114720,Weavers,Brachycope anomala,Bob-tailed Weaver,LC
22718761,114730,Weavers,Ploceus baglafecht,Baglafecht Weaver,LC
22718735,114740,Weavers,Ploceus bannermani,Bannerman's Weaver,VU
22718743,114760,Weavers,Ploceus nigrimentus,Black-chinned Weaver,LC
22718770,114780,Weavers,Ploceus pelzelni,Slender-billed Weaver,LC
22718774,114790,Weavers,Ploceus subpersonatus,Loango Weaver,VU
103811726,114820,Weavers,Ploceus brachypterus,Olive-naped Weaver,LC
103811662,114830,Weavers,Ploceus nigricollis,Black-necked Weaver,LC
22718807,114860,Weavers,Ploceus capensis,Cape Weaver,LC
22718846,114970,Weavers,Ploceus xanthopterus,Southern Brown-throated Weaver,LC
22718899,115030,Weavers,Ploceus katangae,Katanga Masked Weaver,LC
22718925,115100,Weavers,Ploceus grandis,Giant Weaver,NT
22718941,115130,Weavers,Ploceus weynsi,Weyns's Weaver,LC
22718971,115180,Weavers,Ploceus badius,Cinnamon Weaver,LC
22718979,115200,Weavers,Ploceus aureonucha,Golden-naped Weaver,EN
22718991,115230,Weavers,Ploceus nelicourvi,Nelicourvi Weaver,LC
22718999,115270,Weavers,Ploceus benghalensis,Black-breasted Weaver,LC
22719002,115280,Weavers,Ploceus manyar,Streaked Weaver,LC
22719005,115290,Weavers,Ploceus philippinus,Baya Weaver,LC
22719011,115300,Weavers,Ploceus megarhynchus,Finn's Weaver,EN
22719022,115320,Weavers,Ploceus preussi,Preuss's Weaver,LC
22719027,115330,Weavers,Ploceus dorsomaculatus,Yellow-capped Weaver,LC
22719036,115340,Weavers,Ploceus olivaceiceps,Olive-headed Weaver,NT
22719031,115350,Weavers,Ploceus nicolli,Usambara Weaver,NT
22719044,115370,Weavers,Ploceus angolensis,Bar-winged Weaver,LC
22719048,115380,Weavers,Ploceus sanctithomae,Sao Tome Weaver,LC
22719091,115520,Weavers,Malimbus ibadanensis,Ibadan Malimbe,EN
22719108,115540,Weavers,Malimbus rubricollis,Red-headed Malimbe,LC
103812620,115570,Weavers,Anaplectes leuconotos,Northern Red-headed Weaver,LC
103812651,115590,Weavers,Anaplectes jubaensis,Red Weaver,LC
22719444,115610,Waxbills,Lagonosticta rara,Black-bellied Firefinch,LC
103813138,115840,Waxbills,Pytilia lineata,Red-billed Pytilia,LC
22719416,115920,Waxbills,Hypargos margaritatus,Pink-throated Twinspot,LC
22719508,115960,Waxbills,Granatina granatina,Violet-eared Waxbill,LC
22719379,116050,Waxbills,Pyrenestes sanguineus,Crimson Seedcracker,LC
22719389,116060,Waxbills,Pyrenestes minor,Lesser Seedcracker,LC
22719522,116080,Waxbills,Glaucestrilda perreini,Black-tailed Waxbill,LC
22719528,116090,Waxbills,Glaucestrilda thomensis,Cinderella Waxbill,LC
22719558,116120,Waxbills,Estrilda melpoda,Orange-cheeked Waxbill,LC
22719581,116170,Waxbills,Estrilda nigriloris,Black-lored Waxbill,DD
22719589,116180,Waxbills,Estrilda nonnula,Black-crowned Waxbill,LC
103813598,116190,Waxbills,Estrilda atricapilla,Black-headed Waxbill,LC
22719359,116330,Waxbills,Cryptospiza reichenovii,Red-faced Crimsonwing,LC
22719369,116350,Waxbills,Cryptospiza jacksoni,Dusky Crimsonwing,LC
22719312,116410,Waxbills,Nesocharis shelleyi,Shelley's Oliveback,LC
22719323,116430,Waxbills,Delacourella capistrata,Grey-headed Oliveback,LC
22719278,116440,Waxbills,Nigrita fusconotus,White-breasted Nigrita,LC
22719273,116480,Waxbills,Parmoptila woodhousei,Woodhouse's Antpecker,LC
22719927,116530,Waxbills,Amadina fasciata,Cut-throat Finch,LC
22719618,116580,Waxbills,Amandava formosa,Green Avadavat,VU
22719782,116610,Waxbills,Spermestes cucullata,Bronze Mannikin,LC
105968860,116620,Waxbills,Spermestes bicolor,Black-and-white Mannikin,LC
22719770,116680,Waxbills,Euodice malabarica,Indian Silverbill,LC
22719812,116710,Waxbills,Lonchura fuscans,Dusky Munia,LC
22719831,116760,Waxbills,Lonchura tristissima,Streak-headed Mannikin,LC
22719834,116770,Waxbills,Lonchura leucosticta,White-spotted Mannikin,LC
22719847,116780,Waxbills,Lonchura quinticolor,Five-coloured Munia,LC
22719844,116810,Waxbills,Lonchura ferruginosa,White-capped Munia,LC
22719890,116930,Waxbills,Lonchura stygia,Black Mannikin,LC
22720570,120150,Finches,Carpodacus waltoni,Pink-rumped Rosefinch,LC
22720567,120160,Finches,Carpodacus pulcherrimus,Beautiful Rosefinch,LC
22720585,120170,Finches,Carpodacus edwardsii,Dark-rumped Rosefinch,LC
22720610,120280,Finches,Carpodacus rubicilla,Great Rosefinch,LC
22720613,120310,Finches,Carpodacus puniceus,Red-fronted Rosefinch,LC
22720625,120420,Finches,Pinicola enucleator,Pine Grosbeak,LC
103837801,120430,Finches,Pyrrhula nipalensis,Brown Bullfinch,LC
22720676,120490,Finches,Pyrrhula murina,Azores Bullfinch,VU
22720671,120500,Finches,Pyrrhula pyrrhula,Eurasian Bullfinch,LC
22725105,120540,Finches,Rhodopechys sanguineus,Eurasian Crimson-winged Finch,LC
22720718,120600,Finches,Pyrrhoplectes epauletta,Gold-naped Finch,LC
22720553,120700,Finches,Haemorhous purpureus,Purple Finch,LC
22720532,120710,Finches,Rhodospiza obsoleta,Desert Finch,LC
22735261,120720,Finches,Rhynchostruthus socotranus,Socotra Grosbeak,LC
22720340,120770,Finches,Chloris sinica,Oriental Greenfinch,LC
22720350,120790,Finches,Chloris monguilloti,Vietnamese Greenfinch,LC
22720319,120810,Finches,Linurgus olivaceus,Oriole Finch,LC
22720117,120880,Finches,Crithagra leucopygia,White-rumped Seedeater,LC
22720205,121010,Finches,Crithagra sulphurata,Brimstone Canary,LC
22720210,121020,Finches,Crithagra albogularis,White-throated Canary,LC
103761856,121040,Finches,Crithagra reichardi,Reichard's Seedeater,LC
103762276,121060,Finches,Crithagra gularis,Streaky-headed Seedeater,LC
22720310,121150,Finches,Crithagra concolor,Sao Tome Grosbeak,CR
22720283,121160,Finches,Crithagra leucoptera,Protea Canary,NT
22720457,121240,Finches,Linaria johannis,Warsangli Linnet,NT
22720638,121260,Finches,Loxia pytyopsittacus,Parrot Crossbill,LC
103764950,121350,Finches,Carduelis carduelis,European Goldfinch,LC
22720049,121440,Finches,Serinus serinus,European Serin,LC
22720053,121460,Finches,Serinus syriacus,Syrian Serin,VU
103773936,123240,New World sparrows,Atlapetes albofrenatus,Moustached Brushfinch,LC
22721504,123260,New World sparrows,Atlapetes personatus,Tepui Brushfinch,LC
22734026,123270,New World sparrows,Atlapetes albinucha,White-naped Brushfinch,LC
22721439,123300,New World sparrows,Atlapetes flaviceps,Yellow-headed Brushfinch,NT
22721445,123310,New World sparrows,Atlapetes fuscoolivaceus,Dusky-headed Brushfinch,NT
22724596,123400,New World sparrows,Atlapetes melanopsis,Black-spectacled Brushfinch,NT
103774870,123440,New World sparrows,Atlapetes paynteri,Cream-crowned Brushfinch,LC
22721482,123450,New World sparrows,Atlapetes albiceps,White-headed Brushfinch,LC
22721470,123480,New World sparrows,Atlapetes nationi,Rusty-bellied Brushfinch,LC
22728571,123500,New World sparrows,Atlapetes terborghi,Vilcabamba Brushfinch,NT
22733786,123510,New World sparrows,Atlapetes melanolaemus,Black-faced Brushfinch,LC
22721514,123540,New World sparrows,Atlapetes citrinellus,Yellow-striped Brushfinch,LC
22721297,123690,New World sparrows,Torreornis inexpectata,Zapata Sparrow,NT
22721331,123710,New World sparrows,Melozone fusca,Canyon Towhee,LC
22721323,123730,New World sparrows,Melozone crissalis,California Towhee,LC
22721102,123870,New World sparrows,Junco insularis,Guadalupe Junco,VU
103777087,123890,New World sparrows,Junco bairdi,Baird's Junco,NT
22721082,123930,New World sparrows,Zonotrichia querula,Harris's Sparrow,NT
219590798,123990,New World sparrows,Passerella schistacea,Slate-coloured Fox-sparrow,LC
219590896,124000,New World sparrows,Passerella megarhyncha,Thick-billed Fox-sparrow,LC
22721159,124010,New World sparrows,Passerella arborea,American Tree Sparrow,LC
22721135,124050,New World sparrows,Ammospiza leconteii,LeConte's Sparrow,LC
22721129,124080,New World sparrows,Ammospiza caudacuta,Saltmarsh Sparrow,EN
22722054,124260,Wrenthrush,Zeledonia coronata,Wrenthrush,LC
22721870,124280,Cuban warblers,Teretistris fornsi,Oriente Warbler,LC
22724218,124370,New World blackbirds,Leistes superciliaris,White-browed Meadowlark,LC
22724226,124380,New World blackbirds,Leistes bellicosus,Peruvian Meadowlark,LC
103780778,124460,New World blackbirds,Psarocolius oleagineus,Green-billed Oropendola,LC
22724004,124500,New World blackbirds,Psarocolius montezuma,Montezuma Oropendola,LC
103792619,124600,New World blackbirds,Cacicus microrhynchus,Scarlet-rumped Cacique,LC
103792695,124630,New World blackbirds,Cacicus flavicrissus,Black-tailed Cacique,LC
103792683,124640,New World blackbirds,Cacicus cela,Yellow-rumped Cacique,LC
22731284,124650,New World blackbirds,Cacicus chrysonotus,Mountain Cacique,LC
22721719,126220,New World warblers,Setophaga pinus,Pine Warbler,LC
22724802,126260,New World warblers,Setophaga flavescens,Bahama Warbler,EN
22729426,126300,New World warblers,Setophaga subita,Barbuda Warbler,VU
22721683,126340,New World warblers,Setophaga townsendi,Townsend's Warbler,LC
22721686,126350,New World warblers,Setophaga occidentalis,Hermit Warbler,LC
105296047,126400,New World warblers,Myiothlypis luteoviridis,Northern Citrine Warbler,LC
22722035,126440,New World warblers,Myiothlypis leucophrys,White-striped Warbler,LC
232775023,126750,New World warblers,Basileuterus tristriatus,Three-striped Warbler,LC
22721879,126820,New World warblers,Cardellina pusilla,Wilson's Warbler,LC
22721951,126890,New World warblers,Myioborus flavivertex,Yellow-crowned Whitestart,LC
22721938,126930,New World warblers,Myioborus melanocephalus,Spectacled Whitestart,LC
22731255,127110,Chat-tanagers,Calyptophilus frugivorus,Eastern Chat-tanager,NT
22722139,127130,Mitrospingid tanagers,Lamprospiza melanoleuca,Red-billed Pied Tanager,LC
22723807,127180,Cardinals,Pheucticus tibialis,Black-thighed Grosbeak,LC
22723816,127220,Cardinals,Pheucticus melanocephalus,Black-headed Grosbeak,LC
103804301,127230,Cardinals,Granatellus venustus,Red-breasted Chat,LC
22723796,127300,Cardinals,Spiza americana,Dickcissel,LC
22723939,127330,Cardinals,Passerina caerulea,Blue Grosbeak,LC
22723960,127350,Cardinals,Passerina rositae,Rose-bellied Bunting,NT
22723954,127370,Cardinals,Passerina versicolor,Varied Bunting,LC
22723926,127390,Cardinals,Cyanocompsa parellina,Blue Bunting,LC
103810895,127460,Cardinals,Cyanoloxia cyanoides,Blue-black Grosbeak,LC
103810991,127470,Cardinals,Cyanoloxia rothschildii,Amazonian Grosbeak,LC
103811314,127560,Cardinals,Habia carmioli,Carmiol's Tanager,LC
22722461,127610,Cardinals,Piranga roseogularis,Rose-throated Tanager,LC
22722486,127630,Cardinals,Piranga rubriceps,Red-hooded Tanager,LC
22722444,127670,Cardinals,Piranga bidentata,Flame-colored Tanager,LC
22722471,127680,Cardinals,Piranga ludoviciana,Western Tanager,LC
22722293,129180,Tanagers,Nemosia rourei,Cherry-throated Tanager,CR
22723039,129220,Tanagers,Coryphaspiza melanotis,Black-masked Finch,VU
22723391,129240,Tanagers,Embernagra longicauda,Pale-throated Pampa-finch,LC
22723380,129250,Tanagers,Emberizoides ypiranganus,Lesser Grass-finch,LC
22723370,129260,Tanagers,Emberizoides herbicola,Wedge-tailed Grass-finch,LC
22723110,129350,Tanagers,Corydospiza alaudina,Band-tailed Sierra-finch,LC
22722374,129410,Tanagers,Heterospingus rubrifrons,Sulphur-rumped Tanager,LC
22722997,129510,Tanagers,Dacnis berlepschi,Scarlet-breasted Dacnis,LC
103812237,129570,Tanagers,Dacnis lineata,Black-faced Dacnis,LC
22722976,129600,Tanagers,Dacnis albiventris,White-bellied Dacnis,LC
22723042,129620,Tanagers,Saltator multicolor,Many-colored Chaco Finch,LC
22723882,129650,Tanagers,Saltator similis,Green-winged Saltator,LC
103812680,129660,Tanagers,Saltator grandis,Cinnamon-bellied Saltator,LC
103812647,129680,Tanagers,Saltator coerulescens,Bluish-grey Saltator,LC
22723907,129700,Tanagers,Saltator albicollis,Lesser Antillean Saltator,LC
22723869,129730,Tanagers,Saltator atriceps,Black-headed Saltator,LC
22723858,129750,Tanagers,Saltator fuliginosus,Black-throated Grosbeak,LC
22722080,129830,Tanagers,Coereba flaveola,Bananaquit,LC
22723622,129920,Tanagers,Loxipasser anoxanthus,Yellow-shouldered Grassquit,LC
22723611,129980,Tanagers,Melanospiza bicolor,Black-faced Grassquit,LC
103815127,130060,Tanagers,Geospiza difficilis,Sharp-beaked Ground-finch,LC
22723786,130100,Tanagers,Geospiza heliobates,Mangrove Finch,CR
103815509,130170,Tanagers,Geospiza conirostris,Espanola Cactus-finch,VU
22722136,130240,Tanagers,Conothraupis mesoleuca,Cone-billed Tanager,EN
22722366,130250,Tanagers,Creurgops dentatus,Slaty Tanager,LC
22722380,130300,Tanagers,Islerothraupis cristata,Flame-crested Tanager,LC
22723051,130340,Tanagers,Coryphospingus cucullatus,Red-crested Finch,LC
22722388,130350,Tanagers,Maschalethraupis surinama,Fulvous-crested Tanager,LC
22722351,130380,Tanagers,Lanio versicolor,White-winged Shrike-tanager,LC
22722355,130400,Tanagers,Lanio aurantius,Black-throated Shrike-tanager,LC
22722359,130410,Tanagers,Lanio leucothorax,White-throated Shrike-tanager,NT
22722400,130430,Tanagers,Tachyphonus rufus,White-lined Tanager,LC
22722510,130510,Tanagers,Ramphocelus bresilius,Brazilian Tanager,LC
22722519,130520,Tanagers,Ramphocelus flammigerus,Flame-rumped Tanager,LC
22723125,132080,Tanagers,Haplospiza unicolor,Uniform Finch,LC
22723179,132160,Tanagers,Idiopsar brachyurus,Boulder Finch,LC
22723169,132170,Tanagers,Chionodacryon speculiferum,Glacier Finch,LC
22723095,132180,Tanagers,Ephippiospingus erythronotus,White-throated Sierra-finch,LC
22723715,132270,Tanagers,Diglossa cyanea,Masked Flowerpiercer,LC
22723640,132300,Tanagers,Diglossa plumbea,Slaty Flowerpiercer,LC
22723660,132340,Tanagers,Diglossa lafresnayii,Glossy Flowerpiercer,LC
22723686,132350,Tanagers,Diglossa duidae,Scaled Flowerpiercer,LC
22725599,51830,Parrots,Psittaculirostris desmarestii,Large Fig-parrot,LC
22725373,51910,Parrots,Cyclopsitta amabilis,Creamy-breasted Fig-parrot,LC
22729060,55160,Typical Antbirds,Thamnophilus atrinucha,Black-crowned Antshrike,LC
22701315,55170,Typical Antbirds,Thamnophilus schistaceus,Plain-winged Antshrike,LC
22701299,55200,Typical Antbirds,Thamnophilus praecox,Cocha Antshrike,NT
22701302,55220,Typical Antbirds,Thamnophilus nigrocinereus,Blackish-grey Antshrike,LC
22733327,55260,Typical Antbirds,Thamnophilus pelzelni,Planalto Slaty Antshrike,LC
22701263,55320,Typical Antbirds,Thamnophilus melanonotus,Black-backed Antshrike,LC
22701686,55500,Typical Antbirds,Cercomacra carbonaria,Rio Branco Antbird,VU
22701683,55510,Typical Antbirds,Cercomacra nigricans,Jet Antbird,LC
22733153,55540,Typical Antbirds,Sciaphylax castanea,Northern Chestnut-tailed Antbird,LC
103658612,55560,Typical Antbirds,Cercomacroides fuscicauda,Riparian Antbird,LC
22729229,55570,Typical Antbirds,Cercomacroides laeta,Willis's Antbird,LC
22701620,55640,Typical Antbirds,Drymophila genei,Rufous-tailed Antbird,LC
22701623,55650,Typical Antbirds,Drymophila ochropyga,Ochre-rumped Antbird,LC
103658813,55870,Typical Antbirds,Willisornis poecilinotus,Common Scale-backed Antbird,LC
22701887,55970,Typical Antbirds,Oneillornis salvini,White-throated Antbird,LC
22701907,56030,Typical Antbirds,Rhegmatorhina gymnops,Bare-eyed Antbird,VU
22701898,56060,Typical Antbirds,Rhegmatorhina cristata,Chestnut-crested Antbird,LC
22701847,56300,Typical Antbirds,Ampelornis griseiceps,Grey-headed Antbird,NT
22701786,56350,Typical Antbirds,Myrmeciza longipes,White-bellied Antbird,LC
22701726,56390,Typical Antbirds,Myrmoborus melanurus,Black-tailed Antbird,NT
22701776,56400,Typical Antbirds,Myrmoborus lophotes,White-lined Antbird,LC
22701720,56430,Typical Antbirds,Myrmoborus lugubris,Ash-breasted Antbird,LC
22701703,56470,Typical Antbirds,Pyriglena atra,Fringe-backed Fire-eye,NT
22701706,56510,Typical Antbirds,Rhopornis ardesiacus,Slender Antbird,NT
22701835,56540,Typical Antbirds,Akletos melanoceps,White-shouldered Antbird,LC
22701838,56550,Typical Antbirds,Akletos goeldii,Goeldi's Antbird,LC
103660125,56580,Typical Antbirds,Hafferia immaculata,Blue-lored Antbird,LC
22702754,59460,Ovenbirds,Berlepschia rikeri,Palmcreeper,LC
22702667,59520,Ovenbirds,Ochetorhynchus phoenicurus,Band-tailed Earthcreeper,LC
22728530,59540,Ovenbirds,Pseudocolaptes johnsoni,Pacific Tuftedcheek,LC
22702144,59660,Ovenbirds,Furnarius rufus,Rufous Hornero,LC
22702649,59730,Ovenbirds,Limnornis curvirostris,Curve-billed Reedhaunter,LC
22736295,59750,Ovenbirds,Upucerthia saturatior,Forest Earthcreeper,LC
103670909,59780,Ovenbirds,Upucerthia validirostris,Buff-breasted Earthcreeper,LC
22736215,59830,Ovenbirds,Cinclodes fuscus,Buff-winged Cinclodes,LC
22702103,59960,Ovenbirds,Cinclodes taczanowskii,Surf Cinclodes,LC
22702913,60010,Ovenbirds,Anabazenops dorsalis,Dusky-cheeked Foliage-gleaner,LC
22702869,60110,Ovenbirds,Philydor novaesi,Alagoas Foliage-gleaner,EX
22702800,60130,Ovenbirds,Philydor pyrrhodes,Cinnamon-rumped Foliage-gleaner,LC
22702771,60220,Ovenbirds,Syndactyla subalaris,Lineated Foliage-gleaner,LC
22702803,60250,Ovenbirds,Syndactyla dimidiata,Russet-mantled Foliage-gleaner,LC
22702835,60310,Ovenbirds,Dendroma erythroptera,Chestnut-winged Foliage-gleaner,LC
22702639,60330,Ovenbirds,Clibanornis dendrocolaptoides,Canebrake Groundcreeper,LC
103672251,60460,Ovenbirds,Automolus virgatus,Western Woodhaunter,LC
232777577,60490,Ovenbirds,Automolus exsertus,Chiriqui Foliage-gleaner,LC
22702707,60600,Ovenbirds,Premnoplex brunnescens,Spotted Barbtail,LC
22702726,60670,Ovenbirds,Margarornis bellulus,Beautiful Treerunner,NT
22702156,60690,Ovenbirds,Aphrastura masafuerae,Masafuera Rayadito,CR
22702196,60730,Ovenbirds,Leptasthenura setaria,Araucaria Tit-spinetail,LC
22702175,60750,Ovenbirds,Leptasthenura striolata,Striolated Tit-spinetail,LC
22702163,60780,Ovenbirds,Leptasthenura fuliginiceps,Brown-capped Tit-spinetail,LC
22702627,60920,Ovenbirds,Phacellodomus erythrophthalmus,Orange-eyed Thornbird,LC
22702405,60970,Ovenbirds,Hellmayrea gularis,White-browed Spinetail,LC
22702566,61070,Ovenbirds,Asthenes anthoides,Austral Canastero,LC
22702511,61130,Ovenbirds,Asthenes modesta,Cordilleran Canastero,LC
22702266,61160,Ovenbirds,Asthenes moreirae,Itatiaia Spinetail,LC
22702487,61170,Ovenbirds,Asthenes pyrrholeuca,Sharp-billed Canastero,LC
22702691,61410,Ovenbirds,Xenerpestes singularis,Equatorial Greytail,LC
22702464,61440,Ovenbirds,Thripophaga gutturata,Speckled Spinetail,LC
22702585,61450,Ovenbirds,Thripophaga cherriei,Orinoco Softtail,VU
103674478,61520,Ovenbirds,Cranioleuca weskei,Vilcabamba Spinetail,LC
22702448,61590,Ovenbirds,Cranioleuca albicapilla,Creamy-crested Spinetail,LC
22702435,61600,Ovenbirds,Cranioleuca obsoleta,Olive Spinetail,LC
22702408,61640,Ovenbirds,Cranioleuca erythrops,Red-faced Spinetail,LC
22702423,61670,Ovenbirds,Cranioleuca demissa,Tepui Spinetail,LC
22702426,61690,Ovenbirds,Cranioleuca hellmayri,Streak-capped Spinetail,LC
22702429,61700,Ovenbirds,Cranioleuca subcristata,Crested Spinetail,LC
22702539,61760,Ovenbirds,Pseudasthenes humicola,Dusky-tailed Canastero,LC
22702743,61840,Ovenbirds,Pseudoseisura gutturalis,White-throated Cacholote,LC
22702471,61880,Ovenbirds,Certhiaxis cinnamomeus,Yellow-chinned Spinetail,LC
22702479,61890,Ovenbirds,Certhiaxis mustelinus,Red-and-white Spinetail,LC
22702399,61900,Ovenbirds,Synallaxis scutata,Ochre-cheeked Spinetail,LC
22702337,61910,Ovenbirds,Synallaxis cinerascens,Grey-bellied Spinetail,LC
22702350,61930,Ovenbirds,Synallaxis maranonica,Maranon Spinetail,CR
22702378,61980,Ovenbirds,Synallaxis erythrothorax,Rufous-breasted Spinetail,LC
22702369,62010,Ovenbirds,Synallaxis castanea,Black-throated Spinetail,LC
22702372,62020,Ovenbirds,Synallaxis fuscorufa,Rusty-headed Spinetail,NT
22702360,62040,Ovenbirds,Synallaxis rutilans,Ruddy Spinetail,LC
22702375,62070,Ovenbirds,Synallaxis zimmeri,Russet-bellied Spinetail,VU
22702308,62100,Ovenbirds,Synallaxis brachyura,Slaty Spinetail,LC
22702344,62120,Ovenbirds,Synallaxis hellmayri,Red-shouldered Spinetail,LC
22702284,62130,Ovenbirds,Synallaxis ruficapilla,Rufous-capped Spinetail,LC
22724488,62140,Ovenbirds,Synallaxis cinerea,Bahia Spinetail,NT
22702321,62160,Ovenbirds,Synallaxis moesta,Dusky Spinetail,LC
22699726,63690,Tityras and allies,Myiobius atricaudus,Black-tailed Flycatcher,LC
103677009,63760,Tityras and allies,Tityra braziliensis,Eastern Black-tailed Tityra,LC
103677119,63820,Tityras and allies,Pachyramphus xanthogenys,Yellow-cheeked Becard,LC
22700661,63920,Tityras and allies,Pachyramphus surinamus,Glossy-backed Becard,LC
22700644,63940,Tityras and allies,Pachyramphus castaneus,Chestnut-crowned Becard,LC
22700647,63980,Tityras and allies,Pachyramphus polychopterus,White-winged Becard,LC
22700629,64030,Tityras and allies,Schiffornis virescens,Greenish Schiffornis,LC
103677334,64040,Tityras and allies,Schiffornis olivacea,Olivaceous Mourner,LC
103677312,64060,Tityras and allies,Schiffornis turdina,Brown-winged Mourner,LC
103679884,64190,Tyrant-flycatchers,Platyrinchus albogularis,Western White-throated Spadebill,LC
22699641,64230,Tyrant-flycatchers,Platyrinchus platyrhynchos,White-crested Spadebill,LC
22698819,64300,Tyrant-flycatchers,Pseudotriccus pelzelni,Bronze-olive Pygmy-tyrant,LC
22724495,64380,Tyrant-flycatchers,Phylloscartes beckeri,Bahia Tyrannulet,NT
22724425,64390,Tyrant-flycatchers,Phylloscartes kronei,Restinga Tyrannulet,LC
22699488,64400,Tyrant-flycatchers,Phylloscartes gualaquizae,Ecuadorian Tyrannulet,LC
22699481,64410,Tyrant-flycatchers,Phylloscartes nigrifrons,Black-fronted Tyrannulet,LC
22699531,64430,Tyrant-flycatchers,Phylloscartes superciliaris,Rufous-browed Tyrannulet,LC
22699491,64440,Tyrant-flycatchers,Phylloscartes flaviventris,Rufous-lored Tyrannulet,NT
22699469,64550,Tyrant-flycatchers,Pogonotriccus lanyoni,Antioquia Bristle-tyrant,VU
103680120,64590,Tyrant-flycatchers,Mionectes olivaceus,Olive-streaked Flycatcher,LC
103680162,64600,Tyrant-flycatchers,Mionectes galbinus,Olive-striped Flycatcher,LC
103680373,64690,Tyrant-flycatchers,Leptopogon albidiventer,White-bellied Flycatcher,LC
22699590,64740,Tyrant-flycatchers,Cnipodectes subbrunneus,Brownish Twistwing,LC
103680421,64770,Tyrant-flycatchers,Rhynchocyclus aequinoctialis,Western Olivaceous Flatbill,LC
103680403,64780,Tyrant-flycatchers,Rhynchocyclus olivaceus,Eastern Olivaceous Flatbill,LC
22731691,64860,Tyrant-flycatchers,Tolmomyias flavotectus,Yellow-winged Flatbill,LC
22699615,64870,Tyrant-flycatchers,Tolmomyias poliocephalus,Grey-crowned Flatbill,LC
22731695,64880,Tyrant-flycatchers,Tolmomyias viridiceps,Olive-faced Flatbill,LC
22699569,65010,Tyrant-flycatchers,Lophotriccus galeatus,Helmeted Pygmy-tyrant,LC
103680575,65040,Tyrant-flycatchers,Hemitriccus cohnhafti,Acre Tody-tyrant,NT
22698929,65050,Tyrant-flycatchers,Hemitriccus spodiops,Yungas Tody-tyrant,LC
22736488,66710,Tyrant-flycatchers,Pseudocolopteryx flaviventris,Warbling Doradito,LC
22699331,66740,Tyrant-flycatchers,Serpophaga cinerea,Torrent Tyrannulet,LC
22699919,66970,Tyrant-flycatchers,Silvicultrix pulchella,Golden-browed Chat-tyrant,LC
22699912,66980,Tyrant-flycatchers,Silvicultrix diadema,Yellow-bellied Chat-tyrant,LC
22700213,67300,Tyrant-flycatchers,Lessonia oreas,Andean Negrito,LC
22700137,67510,Tyrant-flycatchers,Muscisaxicola fluviatilis,Little Ground-tyrant,LC
22700198,67570,Tyrant-flycatchers,Muscisaxicola flavinucha,Ochre-naped Ground-tyrant,LC
22700203,67640,Tyrant-flycatchers,Muscisaxicola frontalis,Black-fronted Ground-tyrant,LC
22699978,67670,Tyrant-flycatchers,Cnemarchus erythropygius,Red-rumped Bush-tyrant,LC
22700002,67860,Tyrant-flycatchers,Myiotheretes fuscorufus,Rufous-bellied Bush-tyrant,LC
22699770,67900,Tyrant-flycatchers,Aphanotriccus audax,Black-billed Flycatcher,NT
22699871,68010,Tyrant-flycatchers,Empidonax difficilis,Pacific-slope Flycatcher,LC
22699857,68100,Tyrant-flycatchers,Empidonax hammondii,Hammond's Flycatcher,LC
22699787,68130,Tyrant-flycatchers,Contopus cooperi,Olive-sided Flycatcher,LC
22699801,68150,Tyrant-flycatchers,Contopus lugubris,Dark Pewee,LC
22699811,68180,Tyrant-flycatchers,Contopus sordidulus,Western Wood-pewee,LC
22699830,68230,Tyrant-flycatchers,Contopus caribaeus,Cuban Pewee,LC
22724415,68240,Tyrant-flycatchers,Contopus pallidus,Jamaican Pewee,LC
22735659,69790,Fairy-wrens,Amytornis purnelli,Dusky Grasswren,LC
22704310,69890,Honeyeaters,Myza sarasinorum,White-eared Myza,LC
22704353,69920,Honeyeaters,Phylidonyris pyrrhopterus,Crescent Honeyeater,LC
22703955,69980,Honeyeaters,Lichmera incana,Grey-eared Honeyeater,LC
22703969,70020,Honeyeaters,Lichmera monticola,Seram Honeyeater,LC
103685491,70100,Honeyeaters,Melithreptus chloropsis,Gilbert's Honeyeater,LC
103685459,70110,Honeyeaters,Melithreptus lunatus,White-naped Honeyeater,LC
22704135,70130,Honeyeaters,Melithreptus albogularis,White-throated Honeyeater,LC
22704138,70150,Honeyeaters,Melithreptus laetior,Golden-backed Honeyeater,LC
22704070,70200,Honeyeaters,Nesoptilotis leucotis,White-eared Honeyeater,LC
103685849,70250,Honeyeaters,Gymnomyza viridis,Yellow-billed Honeyeater,LC
103685955,70320,Honeyeaters,Foulehaio carunculatus,Polynesian Wattled Honeyeater,LC
22704100,70360,Honeyeaters,Xanthotis flaviventer,Tawny-breasted Honeyeater,LC
22704173,70400,Honeyeaters,Philemon meyeri,Meyer's Friarbird,LC
22704200,70460,Honeyeaters,Philemon subcorniculatus,Seram Friarbird,LC
103686144,70470,Honeyeaters,Philemon moluccensis,Black-faced Friarbird,LC
22704227,70540,Honeyeaters,Philemon corniculatus,Noisy Friarbird,LC
22703919,70600,Honeyeaters,Sugomel nigrum,Black Honeyeater,LC
103686620,70670,Honeyeaters,Myzomela rubrotincta,Obi Myzomela,LC
103686707,70700,Honeyeaters,Myzomela erythrina,Reddish Myzomela,LC
22703852,70820,Honeyeaters,Myzomela wakoloensis,Wakolo Myzomela,LC
22703862,70850,Honeyeaters,Myzomela caledonica,New Caledonian Myzomela,LC
22703874,70880,Honeyeaters,Myzomela sclateri,Sclater's Myzomela,LC
22703877,70890,Honeyeaters,Myzomela pammelaena,Bismarck Black Myzomela,LC
22703880,70900,Honeyeaters,Myzomela lafargei,Red-capped Myzomela,LC
22703888,70930,Honeyeaters,Myzomela melanocephala,Black-headed Myzomela,LC
22704424,71050,Honeyeaters,Acanthorhynchus superciliosus,Western Spinebill,LC
22704472,71080,Honeyeaters,Prosthemadera novaeseelandiae,Tui,LC
22728814,71100,Honeyeaters,Anthornis melanocephala,Chatham Islands Bellbird,EX
22704164,71120,Honeyeaters,Pycnopygius cinereus,Marbled Honeyeater,LC
22704388,71150,Honeyeaters,Gliciphila melanops,Tawny-crowned Honeyeater,LC
22704385,71160,Honeyeaters,Gliciphila notabilis,Vanuatu Honeyeater,LC
22704627,72730,Thornbills,Acanthiza katherina,Mountain Thornbill,VU
22732582,72810,Logrunners,Orthonyx novaeguineae,Papuan Logrunner,LC
22704977,72820,Logrunners,Orthonyx spaldingii,Chowchilla,LC
22704980,72840,Australasian babblers,Garritornis isidorei,Papuan Babbler,LC
22704992,72880,Australasian babblers,Pomatostomus ruficeps,Chestnut-crowned Babbler,LC
22705400,72910,Mohouas,Mohoua novaeseelandiae,Pipipi,LC
103691540,72940,Sittellas,Daphoenositta chrysoptera,Varied Sittella,LC
22706362,73090,Old World Orioles,Oriolus sagittatus,Olive-backed Oriole,LC
22706356,73100,Old World Orioles,Oriolus phaeochromus,Halmahera Oriole,LC
22706365,73140,Old World Orioles,Oriolus flavocinctus,Green Oriole,LC
232594002,73190,Old World Orioles,Oriolus consobrinus,Ventriloquial Oriole,LC
103692733,73240,Old World Orioles,Oriolus consanguineus,Black-and-crimson Oriole,LC
22706446,73260,Old World Orioles,Oriolus traillii,Maroon Oriole,LC
22706410,73290,Old World Orioles,Oriolus brachyrynchus,Western Black-headed Oriole,LC
22706427,73340,Old World Orioles,Oriolus percivali,Mountain Oriole,LC
22706433,73350,Old World Orioles,Oriolus nigripennis,Black-winged Oriole,LC
103692955,73370,Old World Orioles,Oriolus kundoo,Indian Golden Oriole,LC
22706389,73380,Old World Orioles,Oriolus auratus,African Golden Oriole,LC
22706394,73390,Old World Orioles,Oriolus chinensis,Black-naped Oriole,LC
22718165,73460,Painted berrypeckers,Oreocharis arfaki,Tit Berrypecker,LC
22705428,73500,Australo-Papuan bellbirds,Aleadryas rufinucha,Rufous-naped Bellbird,LC
22705342,73590,Quail-thrushes and Jewel-babblers,Cinclosoma punctatum,Spotted Quail-thrush,LC
22705345,73600,Quail-thrushes and Jewel-babblers,Cinclosoma castanotum,Chestnut Quail-thrush,LC
103693263,73670,Shrike-tits,Falcunculus whitei,Northern Shrike-tit,LC
103693247,73680,Shrike-tits,Falcunculus leucogaster,Western Shrike-tit,LC
22705431,73740,Whistlers,Pachycephala olivacea,Olive Whistler,LC
22705437,73760,Whistlers,Pachycephala inornata,Gilbert's Whistler,LC
22705493,73790,Whistlers,Pachycephala soror,Sclater's Whistler,LC
22705496,73840,Whistlers,Pachycephala lorentzi,Lorentz's Whistler,LC
22705460,73850,Whistlers,Pachycephala modesta,Brown-backed Whistler,LC
22705470,73870,Whistlers,Pachycephala philippinensis,Yellow-bellied Whistler,LC
22705446,73920,Whistlers,Pachycephala homeyeri,White-vented Whistler,LC
22705481,73980,Whistlers,Pachycephala simplex,Grey Whistler,LC
22705528,73990,Whistlers,Pachycephala arctitorquis,Wallacean Whistler,LC
22705486,74000,Whistlers,Pachycephala orpheus,Fawn-breasted Whistler,LC
22705525,74010,Whistlers,Pachycephala griseonota,Drab Whistler,LC
22705534,74030,Whistlers,Pachycephala leucogastra,White-bellied Whistler,LC
22705537,74040,Whistlers,Pachycephala rufiventris,Rufous Whistler,LC
103693418,74060,Whistlers,Pachycephala orioloides,Oriole Whistler,LC
103693448,74100,Whistlers,Pachycephala vitiensis,Fiji Whistler,LC
103693456,74110,Whistlers,Pachycephala mentalis,Black-chinned Whistler,LC
103693368,74130,Whistlers,Pachycephala pectoralis,Golden Whistler,LC
22706575,75670,Cuckooshrikes,Edolisoma coerulescens,Blackish Cicadabird,LC
22706610,75710,Cuckooshrikes,Edolisoma schisticeps,Grey-headed Cicadabird,LC
22706596,75730,Cuckooshrikes,Edolisoma mindanense,Black-bibbed Cicadabird,VU
103702589,75830,Cuckooshrikes,Edolisoma obiense,Obi Cicadabird,LC
103702598,75840,Cuckooshrikes,Edolisoma meyerii,Geelvink Cicadabird,LC
22706532,75920,Cuckooshrikes,Celebesica abbotti,Pygmy Cuckooshrike,LC
103702881,76030,Cuckooshrikes,Lalage leucomela,Varied Triller,LC
103702904,76040,Cuckooshrikes,Lalage conjuncta,Mussau Triller,VU
22706639,76120,Cuckooshrikes,Lalage fimbriata,Lesser Cuckooshrike,LC
22706339,76210,Woodswallows and Butcherbirds,Peltops blainvillii,Lowland Peltops,LC
22706343,76220,Woodswallows and Butcherbirds,Peltops montanus,Mountain Peltops,LC
22706293,76240,Woodswallows and Butcherbirds,Strepera graculina,Pied Currawong,LC
103703525,76320,Woodswallows and Butcherbirds,Cracticus argenteus,Silver-backed Butcherbird,LC
22706330,76370,Woodswallows and Butcherbirds,Artamus cyanopterus,Dusky Woodswallow,LC
22706311,76400,Woodswallows and Butcherbirds,Artamus maximus,Great Woodswallow,LC
22724537,76540,Vangas and allies,Calicalicus rufocarpalis,Red-shouldered Vanga,VU
22708046,76570,Vangas and allies,Leptopterus chabert,Chabert Vanga,LC
103703653,76580,Vangas and allies,Cyanolanius comorensis,Comoro Blue Vanga,NT
103703875,76850,Vangas and allies,Tephrodornis pondicerianus,Common Woodshrike,LC
22707816,76900,Vangas and allies,Bias musicus,Black-and-white Shrike-flycatcher,LC
22707991,76910,Vangas and allies,Philentoma pyrhoptera,Rufous-winged Philentoma,LC
103704094,76960,Batises and Wattle-eyes,Batis mixta,Forest Batis,LC
22731056,77000,Batises and Wattle-eyes,Batis capensis,Cape Batis,LC
22707906,77120,Batises and Wattle-eyes,Batis ituriensis,Ituri Batis,LC
103704564,77220,Batises and Wattle-eyes,Dyaphorophyia castanea,Chestnut Wattle-eye,LC
22707957,77240,Batises and Wattle-eyes,Dyaphorophyia blissetti,Red-cheeked Wattle-eye,LC
103704634,77270,Batises and Wattle-eyes,Dyaphorophyia concreta,Rufous-bellied Wattle-eye,NT
232589773,78960,Drongos,Dicrurus palawanensis,Palawan Drongo,LC
22706990,78990,Drongos,Dicrurus densus,Wallacean Drongo,LC
22706996,79020,Drongos,Dicrurus bracteatus,Spangled Drongo,LC
22707358,79200,Monarch-flycatchers,Myiagra erythrops,Palau Flycatcher,LC
22707368,79230,Monarch-flycatchers,Myiagra atra,Biak Flycatcher,NT
22707377,79240,Monarch-flycatchers,Myiagra rubecula,Leaden Flycatcher,LC
22707383,79260,Monarch-flycatchers,Myiagra cervinicauda,Makira Flycatcher,NT
22707387,79270,Monarch-flycatchers,Myiagra caledonica,Melanesian Flycatcher,LC
103712761,79380,Monarch-flycatchers,Myiagra nana,Paperbark Flycatcher,LC
103712805,79440,Monarch-flycatchers,Arses telescopthalmus,Frilled Monarch,LC
103712825,79450,Monarch-flycatchers,Arses lorealis,Frill-necked Monarch,LC
22707234,79510,Monarch-flycatchers,Symposiachrus rubiensis,Rufous Monarch,LC
22707277,79560,Monarch-flycatchers,Symposiachrus trivirgatus,Spectacled Monarch,LC
103713873,79670,Monarch-flycatchers,Symposiachrus barbatus,Solomons Pied Monarch,LC
103713884,79680,Monarch-flycatchers,Symposiachrus malaitae,Malaita Monarch,NT
22707178,79820,Monarch-flycatchers,Pomarea nigra,Tahiti Monarch,CR
22732926,79840,Monarch-flycatchers,Pomarea fluxa,Eiao Monarch,EX
22735037,79990,Monarch-flycatchers,Clytorhynchus nigrogularis,Black-throated Shrikebill,NT
22707224,80000,Monarch-flycatchers,Clytorhynchus hamlini,Rennell Shrikebill,NT
22707237,80020,Monarch-flycatchers,Monarcha cinerascens,Island Monarch,LC
103715139,80030,Monarch-flycatchers,Monarcha castaneiventris,Chestnut-bellied Monarch,LC
22707240,80070,Monarch-flycatchers,Monarcha frater,Black-winged Monarch,LC
103715475,80170,Monarch-flycatchers,Trochocercus cyanomelas,Southern Crested-flycatcher,LC
22707161,80270,Monarch-flycatchers,Terpsiphone cyanescens,Blue Paradise-flycatcher,LC
103716012,80320,Monarch-flycatchers,Terpsiphone incei,Chinese Paradise-flycatcher,LC
103716095,80330,Monarch-flycatchers,Terpsiphone affinis,Oriental Paradise-flycatcher,LC
103716188,80380,Monarch-flycatchers,Terpsiphone rufocinerea,Rufous-vented Paradise-flycatcher,LC
103716224,80390,Monarch-flycatchers,Terpsiphone batesi,Bates's Paradise-flycatcher,LC
22731073,80400,Monarch-flycatchers,Terpsiphone rufiventer,Red-bellied Paradise-flycatcher,LC
22705602,80470,Crested jay,Platylophus galericulatus,Crested Jayshrike,NT
22705720,82360,Crows and jays,Cyanocorax cayanus,Cayenne Jay,LC
22705382,82430,Australian mudnesters,Corcorax melanorhamphos,White-winged Chough,LC
22706131,82500,Birds-of-paradise,Manucodia jobiensis,Jobi Manucode,LC
22706160,82630,Birds-of-paradise,Drepanornis bruijnii,Pale-billed Sicklebill,LC
22706140,82640,Birds-of-paradise,Semioptera wallacii,Standardwing Bird-of-paradise,LC
22706196,82650,Birds-of-paradise,Lophorina paradisea,Paradise Riflebird,LC
22706145,82750,Birds-of-paradise,Paradigalla carunculata,Long-tailed Paradigalla,NT
22706148,82760,Birds-of-paradise,Paradigalla brevicauda,Short-tailed Paradigalla,LC
22706212,82770,Birds-of-paradise,Astrapia nigra,Arfak Astrapia,LC
22706226,82790,Birds-of-paradise,Astrapia rothschildi,Huon Astrapia,LC
22706218,82810,Birds-of-paradise,Astrapia mayeri,Ribbon-tailed Astrapia,LC
22706241,82870,Birds-of-paradise,Paradisaea rubra,Red Bird-of-paradise,NT
22706249,82900,Birds-of-paradise,Paradisaea apoda,Greater Bird-of-paradise,LC
103730490,82960,New Zealand wattlebirds,Philesturnus carunculatus,South Island Saddleback,LC
22708091,82980,New Zealand wattlebirds,Heteralocha acutirostris,Huia,EX
22718134,83000,Berrypeckers and Longbills,Melanocharis arfakiana,Obscure Berrypecker,LC
216552569,83020,Berrypeckers and Longbills,Melanocharis citreola,Satin Berrypecker,LC
22706100,83130,Satinbirds,Cnemophilus loriae,Loria's Satinbird,LC
22708119,83190,Picathartes,Picathartes oreas,Grey-necked Rockfowl,NT
22708094,83210,Rockjumpers,Chaetops frenatus,Cape Rockjumper,NT
22708101,83220,Rockjumpers,Chaetops aurantius,Drakensberg Rockjumper,NT
22704757,83240,Australasian robins,Amalocichla sclateriana,Greater Ground-robin,LC
22704819,83330,Australasian robins,Petroica phoenicea,Flame Robin,LC
103734942,83420,Australasian robins,Petroica australis,South Island Robin,LC
22704786,83480,Australasian robins,Kempiella flavovirescens,Olive Flyrobin,LC
103735468,83510,Australasian robins,Monachella muelleriana,Torrent Flyrobin,LC
22704883,83630,Australasian robins,Plesiodryas albonotata,Black-throated Robin,LC
22704869,83640,Australasian robins,Poecilodryas brachyura,Black-chinned Robin,LC
22717176,85340,Larks,Calendulauda albescens,Karoo Lark,LC
22735646,85380,Larks,Calendulauda gilletti,Gillett's Lark,LC
84543703,85430,Larks,Heteromirafra archeri,Liben Lark,CR
22717076,85480,Larks,Mirafra collaris,Collared Lark,LC
200384015,85520,Larks,Mirafra somalica,Somali Lark,LC
22717064,85530,Larks,Mirafra angolensis,Angola Lark,LC
22717033,85560,Larks,Mirafra pulpa,Friedmann's Lark,DD
103765827,85810,Larks,Eremalauda eremodites,Arabian Lark,LC
216912644,85840,Larks,Alaudala rufescens,Mediterranean Short-toed Lark,LC
22717295,85950,Larks,Melanocorypha mongolica,Mongolian Lark,LC
22717325,85960,Larks,Calandrella acutirostris,Hume's Lark,LC
103766090,85980,Larks,Calandrella blanfordi,Blanford's Lark,LC
103766207,86000,Larks,Calandrella brachydactyla,Greater Short-toed Lark,LC
22717372,86130,Larks,Spizocorys starki,Stark's Lark,LC
22717391,86290,Larks,Galerida malabarica,Malabar Lark,LC
103766614,86350,Crombecs and allies,Sylvietta brachyura,Northern Crombec,LC
103766657,86360,Crombecs and allies,Sylvietta leucopsis,Eastern Crombec,LC
22715127,86410,Crombecs and allies,Sylvietta ruficapilla,Red-capped Crombec,LC
22715103,86430,Crombecs and allies,Sylvietta denti,Lemon-bellied Crombec,LC
22715112,86450,Crombecs and allies,Sylvietta leucophrys,White-browed Crombec,LC
22715166,86560,Crombecs and allies,Macrosphenus kretschmeri,Kretschmer's Longbill,LC
22715019,86570,Crombecs and allies,Graueria vittata,Grauer's Warbler,LC
103771124,86610,Cisticolas and allies,Neomixis pallidior,Subdesert Jery,LC
22715045,86660,Cisticolas and allies,Eremomela canescens,Green-backed Eremomela,LC
22715050,86670,Cisticolas and allies,Eremomela scotops,Green-capped Eremomela,LC
22715073,86690,Cisticolas and allies,Eremomela usticollis,Burnt-necked Eremomela,LC
22713587,88310,Cisticolas and allies,Prinia hodgsonii,Grey-breasted Prinia,LC
22713590,88320,Cisticolas and allies,Prinia gracilis,Graceful Prinia,LC
22713607,88390,Cisticolas and allies,Prinia subflava,Tawny-flanked Prinia,LC
22714997,88570,Cisticolas and allies,Orthotomus sericeus,Rufous-tailed Tailorbird,LC
22715009,88650,Cisticolas and allies,Orthotomus nigriceps,Black-headed Tailorbird,LC
22714587,88730,Reed-warblers,Nesillas aldabrana,Aldabra Brush-warbler,EX
22714904,88870,Reed-warblers,Hippolais languida,Upcher's Warbler,LC
22714709,88920,Reed-warblers,Acrocephalus bistrigiceps,Black-browed Reed-warbler,LC
22714736,88980,Reed-warblers,Acrocephalus dumetorum,Blyth's Reed-warbler,LC
22714741,88990,Reed-warblers,Acrocephalus palustris,Marsh Warbler,LC
22714714,89010,Reed-warblers,Acrocephalus agricola,Paddyfield Warbler,LC
22714846,89060,Reed-warblers,Acrocephalus rufescens,Greater Swamp-warbler,LC
22714882,89090,Reed-warblers,Acrocephalus sechellensis,Seychelles Warbler,NT
103780118,89160,Reed-warblers,Acrocephalus hiwae,Saipan Reed-warbler,EN
103780109,89170,Reed-warblers,Acrocephalus nijoi,Aguijan Reed-warbler,EX
22714786,89180,Reed-warblers,Acrocephalus syrinx,Caroline Reed-warbler,LC
22714802,89190,Reed-warblers,Acrocephalus aequinoctialis,Kiritimati Reed-warbler,EN
22714821,89270,Reed-warblers,Acrocephalus kerearako,Cook Islands Reed-warbler,LC
22716104,89470,Cupwings,Pnoepyga immaculata,Nepal Cupwing,LC
103783163,89580,Grasshopper-warblers and grassbirds,Helopsaltes fasciolatus,Gray's Grasshopper-warbler,LC
22714669,89620,Grasshopper-warblers and grassbirds,Helopsaltes ochotensis,Middendorff's Grasshopper-warbler,LC
22735054,89840,Grasshopper-warblers and grassbirds,Locustella seebohmi,Benguet Grasshopper-warbler,LC
22712122,91540,Swallows and martins,Pygochelidon cyanoleuca,Blue-and-white Swallow,LC
22712137,91570,Swallows and martins,Atticora fasciata,White-banded Swallow,LC
22712134,91580,Swallows and martins,Atticora pileata,Black-capped Swallow,LC
22712119,91600,Swallows and martins,Orochelidon murina,Brown-bellied Swallow,LC
22713056,91760,Bulbuls,Bleda syndactylus,Red-tailed Bristlebill,LC
22712804,92020,Bulbuls,Arizelocichla tephrolaema,Western Mountain Greenbul,LC
103819224,92170,Bulbuls,Phyllastrephus albigula,Montane Tiny Greenbul,NT
22712981,92180,Bulbuls,Phyllastrephus xavieri,Xavier's Greenbul,LC
22712905,92220,Bulbuls,Phyllastrephus terrestris,Terrestrial Brownbul,LC
22712890,92260,Bulbuls,Phyllastrephus cabanisi,Cabanis's Greenbul,LC
22730603,92280,Bulbuls,Phyllastrephus flavostriatus,Yellow-streaked Greenbul,LC
22712924,92320,Bulbuls,Phyllastrephus baumanni,Baumann's Greenbul,LC
103821072,92490,Bulbuls,Alophoixus ochraceus,Ochraceous Bulbul,LC
103821243,92520,Bulbuls,Alophoixus bres,Brown-cheeked Bulbul,EN
103821499,92530,Bulbuls,Alophoixus frater,Palawan Bulbul,LC
22713137,92580,Bulbuls,Iole finschii,Finsch's Bulbul,NT
22713167,92600,Bulbuls,Iole propinqua,Grey-eyed Bulbul,LC
22713176,92620,Bulbuls,Iole palawanensis,Sulphur-bellied Bulbul,LC
22713207,92700,Bulbuls,Ixos mcclellandii,Mountain Bulbul,LC
103823501,92770,Bulbuls,Hypsipetes catarmanensis,Camiguin Bulbul,NT
103823597,92780,Bulbuls,Hypsipetes haynaldi,Sulu Bulbul,NT
22713179,92800,Bulbuls,Hypsipetes philippinus,Philippine Bulbul,LC
103824080,92880,Bulbuls,Hypsipetes ganeesa,Square-tailed Bulbul,LC
103842855,92900,Bulbuls,Hypsipetes harterti,Banggai Golden Bulbul,LC
103842733,92910,Bulbuls,Hypsipetes longirostris,Sula Golden Bulbul,LC
103841328,92950,Bulbuls,Hypsipetes lucasi,Obi Golden Bulbul,LC
22707008,94630,Bush-warblers,Erythrocercus mccallii,Chestnut-capped Flycatcher,LC
22713547,94650,Bush-warblers,Scotocerca inquieta,Streaked Scrub-warbler,LC
22715451,94810,Bush-warblers,Abroscopus albogularis,Rufous-faced Warbler,LC
22714979,94840,Bush-warblers,Phyllergates heterolaemus,Rufous-headed Tailorbird,LC
22714380,94920,Bush-warblers,Horornis diphone,Japanese Bush-warbler,LC
22714396,94950,Bush-warblers,Horornis parens,Shade Bush-warbler,LC
22715182,95010,Bush-warblers,Hylia prasina,Green Hylia,LC
22715186,95030,Long-tailed Tits,Leptopoecile sophiae,White-browed Tit-warbler,LC
103871108,95060,Long-tailed Tits,Aegithalos iredalei,Red-headed Tit,LC
22712008,95090,Long-tailed Tits,Aegithalos leucogenys,White-cheeked Tit,LC
22736055,95110,Long-tailed Tits,Aegithalos bonvaloti,Black-browed Tit,LC
22716682,95260,Old World Warblers,Sylvia galinieri,Abyssinian Catbird,LC
22716888,95410,Old World Warblers,Curruca layardi,Layard's Warbler,LC
22716878,95480,Old World Warblers,Curruca lugens,Brown Warbler,LC
22716963,95510,Old World Warblers,Curruca melanothorax,Cyprus Warbler,LC
22716984,95600,Old World Warblers,Curruca undata,Dartford Warbler,NT
22716323,95680,Parrotbills and allies,Chrysomma sinense,Yellow-eyed Babbler,LC
22716861,95800,Parrotbills and allies,Chamaea fasciata,Wrentit,LC
22734623,95870,Parrotbills and allies,Paradoxornis margaritae,Black-headed Parrotbill,VU
22716781,95880,Parrotbills and allies,Paradoxornis aemodium,Great Parrotbill,LC
22716832,95910,Parrotbills and allies,Suthora davidiana,Short-tailed Parrotbill,LC
22716826,95930,Parrotbills and allies,Suthora nipalensis,Black-throated Parrotbill,LC
22716112,97800,Scimitar-babblers and allies,Spelaeornis caudatus,Rufous-throated Wren-babbler,LC
22735151,97830,Scimitar-babblers and allies,Spelaeornis chocolatinus,Naga Wren-babbler,VU
22715617,97900,Scimitar-babblers and allies,Melanocichla calva,Bare-headed Babbler,LC
103893364,97920,Scimitar-babblers and allies,Pomatorhinus ferruginosus,Coral-billed Scimitar-babbler,LC
22734518,98010,Scimitar-babblers and allies,Pomatorhinus musicus,Taiwan Scimitar-babbler,LC
22735573,98120,Scimitar-babblers and allies,Erythrogenys erythrocnemis,Black-necklaced Scimitar-babbler,LC
22734558,98180,Scimitar-babblers and allies,Stachyris roberti,Chevron-breasted Babbler,NT
22716258,98190,Scimitar-babblers and allies,Stachyris poliocephala,Grey-headed Babbler,LC
22716252,98210,Scimitar-babblers and allies,Stachyris herberti,Sooty Babbler,LC
22716261,98240,Scimitar-babblers and allies,Stachyris oglei,Snowy-throated Babbler,NT
22723690,132360,Tanagers,Diglossa major,Greater Flowerpiercer,LC
22723681,132390,Tanagers,Diglossa carbonaria,Grey-bellied Flowerpiercer,LC
22679780,4370,"Ducks, Geese, Swans",Dendrocygna autumnalis,Black-bellied Whistling-duck,LC
22680229,5820,"Ducks, Geese, Swans",Spatula discors,Blue-winged Teal,LC
22680163,5870,"Ducks, Geese, Swans",Mareca americana,American Wigeon,LC
22680167,5880,"Ducks, Geese, Swans",Mareca sibilatrix,Chiloe Wigeon,LC
22680225,5910,"Ducks, Geese, Swans",Anas melleri,Meller's Duck,EN
22680252,6090,"Ducks, Geese, Swans",Anas bernieri,Madagascar Teal,EN
22692949,6650,Mesites,Mesitornis variegatus,White-breasted Mesite,VU
22692966,6660,Mesites,Mesitornis unicolor,Brown Mesite,VU
22690758,8150,"Pigeons, Doves",Zenaida galapagoensis,Galapagos Dove,NT
22690670,8730,"Pigeons, Doves",Phaps elegans,Brush Bronzewing,LC
22691617,9570,"Pigeons, Doves",Ducula forsteni,White-bellied Imperial-pigeon,LC
22691367,10110,"Pigeons, Doves",Megaloprepia magnifica,Wompoo Fruit-dove,LC
22691346,10150,"Pigeons, Doves",Ramphiculus leclancheri,Black-chinned Fruit-dove,LC
22691860,10940,"Pigeons, Doves",Gymnophaps solomonensis,Pale Mountain-pigeon,LC
22689723,11500,Nightjars,Chordeiles nacunda,Nacunda Nighthawk,LC
22689898,12060,Nightjars,Caprimulgus rufigena,Rufous-cheeked Nightjar,LC
22690025,12360,Nightjars,Caprimulgus vexillarius,Pennant-winged Nightjar,LC
22686897,12680,Treeswifts,Hemiprocne mystacea,Moustached Treeswift,LC
22686811,13810,Swifts,Apus niansae,Nyanza Swift,LC
22686835,13820,Swifts,Apus bradfieldi,Bradfield's Swift,LC
219584149,14090,Hummingbirds,Threnetes niger,Sooty Barbthroat,LC
22727923,15510,Hummingbirds,Oreonympha nobilis,Eastern Mountaineer,LC
22687854,16070,Hummingbirds,Ensifera ensifera,Sword-billed Hummingbird,LC
22687296,18300,Hummingbirds,Chlorestes notata,Blue-chinned Emerald,LC
22684249,18870,Cuckoos,Centropus grillii,Black Coucal,LC
22684046,19430,Cuckoos,Microdynamis parva,Dwarf Koel,LC
22683923,19730,Cuckoos,Cacomantis merulinus,Plaintive Cuckoo,LC
22692260,20280,"Rails, Gallinules, Coots",Canirallus oculeus,Grey-throated Rail,LC
22728754,20580,"Rails, Gallinules, Coots",Laterallus podarces,Saint Helena Rail,EX
62155060,20630,"Rails, Gallinules, Coots",Rallus elegans,King Rail,NT
62155296,20640,"Rails, Gallinules, Coots",Rallus crepitans,Clapper Rail,LC
22728884,20910,"Rails, Gallinules, Coots",Aphanapteryx bonasia,Red Rail,EX
22728889,20920,"Rails, Gallinules, Coots",Erythromachus leguati,Rodrigues Rail,EX
22692548,21130,"Rails, Gallinules, Coots",Rougetius rougetii,Rouget's Rail,NT
22693399,28850,"Sandpipers, Snipes, Phalaropes",Calidris fuscicollis,White-rumped Sandpiper,VU
22693447,28860,"Sandpipers, Snipes, Phalaropes",Calidris subruficollis,Buff-breasted Sandpiper,VU
22693319,29460,"Sandpipers, Snipes, Phalaropes",Tringa semipalmata,Willet,LC
22694730,30800,"Gulls, Terns, Skimmers",Onychoprion anaethetus,Bridled Tern,LC
22688522,31600,Barn-owls,Tyto longimembris,Eastern Grass-owl,LC
22688435,31620,Barn-owls,Tyto multipunctata,Lesser Sooty-owl,LC
22725643,31940,Typical Owls,Ninox scutulata,Brown Boobook,LC
22726328,31950,Typical Owls,Ninox obscura,Hume's Boobook,LC
22689475,32160,Typical Owls,Ninox variegata,Bismarck Boobook,LC
22689480,32170,Typical Owls,Ninox odiosa,New Britain Boobook,VU
22688718,33080,Typical Owls,Otus fuliginosus,Palawan Scops-owl,LC
22725469,34200,Typical Owls,Strix aluco,Tawny Owl,LC
22689144,34720,Typical Owls,Ciccaba huhula,Black-banded Owl,LC
22689154,34730,Typical Owls,Ciccaba albitarsis,Rufous-banded Owl,LC
22695174,35290,"Hawks, Eagles",Gypaetus barbatus,Bearded Vulture,NT
22729465,35330,"Hawks, Eagles",Spilornis klossi,Great Nicobar Serpent-eagle,EN
22729731,35560,"Hawks, Eagles",Gyps indicus,Indian Vulture,CR
22696111,35820,"Hawks, Eagles",Lophotriorchis kienerii,Rufous-bellied Eagle,NT
22696072,36050,"Hawks, Eagles",Hieraaetus wahlbergi,Wahlberg's Eagle,LC
22696092,36060,"Hawks, Eagles",Hieraaetus pennatus,Booted Eagle,LC
22695547,36610,"Hawks, Eagles",Accipiter luteoschistaceus,Slaty-backed Goshawk,VU
22695094,37130,"Hawks, Eagles",Haliastur indus,Brahminy Kite,LC
22695973,37700,"Hawks, Eagles",Buteo lagopus,Rough-legged Buzzard,LC
22695978,37720,"Hawks, Eagles",Buteo auguralis,Red-necked Buzzard,LC
22682363,38560,Hornbills,Lophoceros camurus,Red-billed Dwarf Hornbill,LC
22683710,39400,Bee-eaters,Merops revoilii,Somali Bee-eater,LC
103656434,52970,Pittas,Erythropitta rubrinucha,South Moluccan Pitta,LC
22698628,53220,Pittas,Hydrornis gurneyi,Gurney's Pitta,CR
22698703,53440,Pittas,Pitta anerythra,Black-faced Pitta,NT
22701494,53980,Typical Antbirds,Epinecrophylla erythrura,Rufous-tailed Stipplethroat,LC
22701454,54270,Typical Antbirds,Myrmotherula longicauda,Stripe-chested Antwren,LC
22729366,54560,Typical Antbirds,Thamnomanes saturninus,Saturnine Antshrike,LC
22701577,54820,Typical Antbirds,Herpsilochmus pectoralis,Pectoral Antwren,VU
22701640,55670,Typical Antbirds,Drymophila squamata,Scaled Antbird,LC
22701955,55940,Typical Antbirds,Phlegopsis erythroptera,Reddish-winged Bare-eye,LC
22736168,56220,Typical Antbirds,Myrmelastes rufifacies,Rufous-faced Antbird,LC
22736153,56250,Typical Antbirds,Myrmelastes leucostigma,Spot-winged Antbird,LC
232624976,57340,Antpittas,Myrmothera subcanescens,Tapajos Antpitta,LC
22703140,59030,Ovenbirds,Xiphorhynchus lachrymosus,Black-striped Woodcreeper,LC
22733742,59310,Ovenbirds,Lepidocolaptes squamatus,Scaled Woodcreeper,LC
22702150,60700,Ovenbirds,Sylviorthorhynchus desmurii,Des Murs's Wiretail,LC
22702664,60990,Ovenbirds,Coryphistera alaudina,Lark-like Brushrunner,LC
22702500,61260,Ovenbirds,Asthenes heterura,Maquis Canastero,LC
22702494,61270,Ovenbirds,Asthenes pudibunda,Canyon Canastero,LC
103675711,62090,Ovenbirds,Synallaxis chinchipensis,Chinchipe Spinetail,LC
22701195,62370,Manakins,Tyranneutes stolzmanni,Dwarf Tyrant-manakin,LC
22700812,62940,Cotingas,Pipreola whitelyi,Red-banded Fruiteater,LC
103677030,63780,Tityras and allies,Tityra leucura,White-tailed Tityra,DD
103677427,64070,Tityras and allies,Schiffornis aenea,Foothill Mourner,LC
22700383,64100,Tityras and allies,Laniocera rufescens,Speckled Mourner,LC
22699520,64360,Tyrant-flycatchers,Phylloscartes ventralis,Mottle-cheeked Tyrannulet,LC
22733120,65790,Tyrant-flycatchers,Inezia caudata,Pale-tipped Tyrannulet,LC
22699268,66010,Tyrant-flycatchers,Elaenia ridleyana,Noronha Elaenia,VU
22699081,66330,Tyrant-flycatchers,Phyllomyias burmeisteri,Rough-legged Tyrannulet,LC
22699092,66350,Tyrant-flycatchers,Phyllomyias virescens,Greenish Tyrannulet,LC
22699397,66620,Tyrant-flycatchers,Anairetes flavirostris,Yellow-billed Tit-tyrant,LC
103682414,66860,Tyrant-flycatchers,Myiophobus crypterythrus,Mouse-grey Flycatcher,LC
103682419,66880,Tyrant-flycatchers,Myiophobus rufescens,Rufescent Flycatcher,LC
22699708,66890,Tyrant-flycatchers,Myiophobus cryptoxanthus,Olive-chested Flycatcher,LC
22699671,66910,Tyrant-flycatchers,Myiophobus phoenicomitra,Orange-crested Flycatcher,LC
103682912,67150,Tyrant-flycatchers,Pyrocephalus rubinus,Common Vermilion Flycatcher,LC
22700279,67210,Tyrant-flycatchers,Fluvicola albiventer,Black-backed Water-tyrant,LC
22700019,67710,Tyrant-flycatchers,Xolmis coronatus,Black-crowned Monjita,LC
22705798,81060,Crows and jays,Urocissa flavirostris,Yellow-billed Blue Magpie,LC
22705809,81110,Crows and jays,Cissa chinensis,Common Green Magpie,LC
22724821,81130,Crows and jays,Cissa thalassina,Javan Green Magpie,CR
103727048,81340,Crows and jays,Pica pica,Eurasian Magpie,LC
103727118,81350,Crows and jays,Pica mauritanica,Maghreb Magpie,LC
22732286,81620,Crows and jays,Corvus edithae,Somali Crow,LC
22735894,81630,Crows and jays,Corvus albus,Pied Crow,LC
22706073,81640,Crows and jays,Corvus rhipidurus,Fan-tailed Raven,LC
22705990,81650,Crows and jays,Corvus brachyrhynchos,American Crow,LC
22705711,82210,Crows and jays,Cyanocorax violaceus,Violaceous Jay,LC
103728181,82450,Birds-of-paradise,Lycocorax pyrrhopterus,Halmahera Paradise-crow,LC
22704900,83860,Australasian robins,Peneothello bimaculata,White-rumped Robin,LC
22704863,83870,Australasian robins,Peneoenanthe pulverulenta,Mangrove Robin,LC
22715462,83880,Hyliotas,Hyliota flavigaster,Yellow-bellied Hyliota,LC
103758876,84190,Tits and chickadees,Sittiparus varius,Varied Tit,LC
155139697,84300,Tits and chickadees,Poecile montanus,Willow Tit,LC
22705903,84450,Tits and chickadees,Pseudopodoces humilis,Ground Tit,LC
22711568,85010,Penduline-tits,Auriparus flaviceps,Verdin,LC
22713801,87030,Cisticolas and allies,Apalis kaboboensis,Kabobo Apalis,VU
103774592,87330,Cisticolas and allies,Camaroptera brachyura,Bleating Camaroptera,LC
22714871,88800,Reed-warblers,Arundinax aedon,Thick-billed Warbler,LC
22714891,88810,Reed-warblers,Iduna caligata,Booted Warbler,LC
22734059,89590,Grasshopper-warblers and grassbirds,Helopsaltes amnicola,Sakhalin Grasshopper-warbler,LC
22714664,89610,Grasshopper-warblers and grassbirds,Helopsaltes certhiola,Pallas's Grasshopper-warbler,LC
22714684,89650,Grasshopper-warblers and grassbirds,Locustella luscinioides,Savi's Warbler,LC
22712471,90710,Swallows and martins,Atronanus fuliginosus,Forest Swallow,LC
103823071,92730,Bulbuls,Ixos virescens,Javan Bulbul,LC
103836280,93590,Bulbuls,Brachypodius fuscoflavescens,Andaman Bulbul,LC
22715255,93650,Leaf-warblers,Phylloscopus bonelli,Western Bonelli's Warbler,LC
22729528,93840,Leaf-warblers,Phylloscopus canariensis,Canary Islands Chiffchaff,LC
22714423,94700,Bush-warblers,Cettia major,Chestnut-crowned Bush-warbler,LC
22716954,95550,Old World Warblers,Curruca ruppeli,Rüppell's Warbler,LC
22735202,95860,Parrotbills and allies,Paradoxornis gularis,Grey-headed Parrotbill,LC
22716731,96100,White-eyes and Yuhinas,Yuhina flavicollis,Whiskered Yuhina,LC
22716728,96120,White-eyes and Yuhinas,Yuhina bakeri,White-naped Yuhina,LC
22714271,96400,White-eyes and Yuhinas,Rukia longirostra,Long-billed White-eye,NT
22714060,96450,White-eyes and Yuhinas,Zosterops atricapilla,Black-capped White-eye,LC
22714100,97270,White-eyes and Yuhinas,Zosterops grayi,Kai Besar White-eye,LC
22714185,97280,White-eyes and Yuhinas,Zosterops luteirostris,Gizo White-eye,VU
22734568,98330,Scimitar-babblers and allies,Mixornis bornensis,Bold-striped Tit-babbler,LC
103894733,98350,Scimitar-babblers and allies,Mixornis prillwitzi,Kangean Tit-babbler,LC
22716624,98610,Ground babblers,Schoeniparus brunneus,Dusky Fulvetta,LC
22716621,98630,Ground babblers,Schoeniparus rufogularis,Rufous-throated Fulvetta,LC
22716501,99760,Laughingthrushes and allies,Turdoides jardineii,Arrow-marked Babbler,LC
22715738,100580,Laughingthrushes and allies,Trochalopteron elliotii,Elliot's Laughingthrush,LC
22711216,101410,Nuthatches,Sitta frontalis,Velvet-fronted Nuthatch,LC
22711560,102840,Wrens,Cyphorhinus arada,Musician Wren,LC
22708156,102860,Dippers,Cinclus cinclus,White-throated Dipper,LC
22710864,103110,Starlings,Sturnia pagodarum,Brahminy Starling,LC
22710771,103660,Starlings,Lamprotornis pulcher,Chestnut-bellied Starling,LC
103878479,103940,Starlings,Streptocitta torquata,Northern White-necked Myna,LC
22710985,103980,Starlings,Sarcops calvus,Coleto,LC
22710485,104250,Starlings,Aplonis santovestris,Mountain Starling,EN
22711041,104520,Mockingbirds and thrashers,Mimus dorsalis,Brown-backed Mockingbird,LC
22720267,121120,Finches,Crithagra burtoni,Thick-billed Seedeater,LC
22720410,121700,Finches,Spinus psaltria,Lesser Goldfinch,LC
22720368,121740,Finches,Spinus yarrellii,Yellow-faced Siskin,VU
22721020,121980,Old World Buntings,Emberiza calandra,Corn Bunting,LC
22721012,122260,Old World Buntings,Emberiza schoeniclus,Reed Bunting,LC
22722187,122800,New World sparrows,Chlorospingus parvirostris,Short-billed Chlorospingus,LC
103774301,123360,New World sparrows,Atlapetes latinuchus,Yellow-breasted Brushfinch,LC
22723985,124480,New World blackbirds,Psarocolius viridis,Green Oropendola,LC
22724093,124770,New World blackbirds,Icterus auratus,Orange Oriole,LC
22724320,125320,New World blackbirds,Quiscalus quiscula,Common Grackle,NT
22724326,125330,New World blackbirds,Quiscalus lugubris,Carib Grackle,LC
22721902,126980,New World warblers,Myioborus castaneocapilla,Tepui Whitestart,LC
22722630,128070,Tanagers,Anisognathus lacrymosus,Lacrimose Mountain-tanager,LC
22723846,129760,Tanagers,Saltator grossus,Slate-colored Grosbeak,LC
22723898,129770,Tanagers,Saltator cinctus,Masked Saltator,LC
22722385,130320,Tanagers,Islerothraupis rufiventer,Yellow-crested Tanager,LC
103819177,131140,Tanagers,Cnemoscopus rubrirostris,Grey-hooded Tanager,LC
22722254,131420,Tanagers,Thlypopsis fulviceps,Fulvous-headed Tanager,LC
22722266,131430,Tanagers,Thlypopsis inornata,Buff-bellied Tanager,LC
22723075,131970,Tanagers,Phrygilus patagonicus,Patagonian Sierra-finch,LC
45020636,10,Ostriches,Struthio camelus,Common Ostrich,LC
22678157,100,Tinamous,Nothocercus julius,Tawny-breasted Tinamou,LC
22678154,110,Tinamous,Nothocercus bonapartei,Highland Tinamou,LC
22678160,120,Tinamous,Nothocercus nigrocapillus,Hooded Tinamou,LC
22678670,2880,"Pheasants, Partridges, Turkeys, Grouse",Tetraogallus altaicus,Altai Snowcock,LC
45401688,11620,Nightjars,Systellura roraimae,Tepui Nightjar,LC
22698102,23850,"Petrels, Shearwaters",Halobaena caerulea,Blue Petrel,LC
22710248,110930,Old World Flycatchers and Chats,Oenanthe albonigra,Hume's Wheatear,LC
22678145,150,Tinamous,Tinamus osgoodi,Black Tinamou,VU
22679615,1790,New World quails,Philortyx fasciatus,Banded Quail,LC
22679597,1880,New World quails,Callipepla douglasii,Elegant Quail,LC
22679576,1910,New World quails,Dendrortyx barbatus,Bearded Wood-partridge,VU
22679635,1950,New World quails,Odontophorus capueira,Spot-winged Wood-quail,LC
22679645,1970,New World quails,Odontophorus erythrops,Rufous-fronted Wood-quail,LC
22679673,2020,New World quails,Odontophorus dialeucos,Tacarcuna Wood-quail,LC
22679708,2100,New World quails,Dactylortyx thoracicus,Singing Quail,LC
22728212,2110,New World quails,Cyrtonyx montezumae,Montezuma Quail,LC
22679717,2130,New World quails,Cyrtonyx ocellatus,Ocellated Quail,VU
22679023,2200,"Pheasants, Partridges, Turkeys, Grouse",Arborophila atrogularis,White-cheeked Partridge,LC
22729814,2300,"Pheasants, Partridges, Turkeys, Grouse",Arborophila sumatrana,Sumatran Partridge,LC
22679038,2310,"Pheasants, Partridges, Turkeys, Grouse",Arborophila orientalis,White-faced Partridge,VU
22727389,2440,"Pheasants, Partridges, Turkeys, Grouse",Tropicoperdix graydoni,Sabah Partridge,NT
22678934,2480,"Pheasants, Partridges, Turkeys, Grouse",Melanoperdix niger,Black Partridge,VU
22679103,2490,"Pheasants, Partridges, Turkeys, Grouse",Haematortyx sanguiniceps,Crimson-headed Partridge,LC
200032742,2610,"Pheasants, Partridges, Turkeys, Grouse",Rheinardia nigrescens,Malaysian Crested Argus,NT
22736199,2680,"Pheasants, Partridges, Turkeys, Grouse",Polyplectron bicalcaratum,Grey Peacock-Pheasant,LC
22679365,2690,"Pheasants, Partridges, Turkeys, Grouse",Polyplectron inopinatum,Mountain Peacock-Pheasant,NT
22678949,2740,"Pheasants, Partridges, Turkeys, Grouse",Coturnix japonica,Japanese Quail,NT
22678979,2810,"Pheasants, Partridges, Turkeys, Grouse",Synoicus chinensis,Asian Blue Quail,LC
22678703,2910,"Pheasants, Partridges, Turkeys, Grouse",Alectoris magna,Przevalski's Partridge,LC
22678707,2930,"Pheasants, Partridges, Turkeys, Grouse",Alectoris barbara,Barbary Partridge,LC
22678997,3000,"Pheasants, Partridges, Turkeys, Grouse",Perdicula asiatica,Jungle Bush-quail,LC
22679012,3030,"Pheasants, Partridges, Turkeys, Grouse",Perdicula manipurensis,Manipur Bush-quail,CR
22679141,3040,"Pheasants, Partridges, Turkeys, Grouse",Ophrysia superciliosa,Himalayan Quail,CR
22678835,3140,"Pheasants, Partridges, Turkeys, Grouse",Pternistis ahantensis,Ahanta Spurfowl,LC
22679869,4820,"Ducks, Geese, Swans",Anser cygnoid,Swan Goose,EN
22679872,4840,"Ducks, Geese, Swans",Anser brachyrhynchus,Pink-footed Goose,LC
22679886,4860,"Ducks, Geese, Swans",Anser erythropus,Lesser White-fronted Goose,VU
22680427,4890,"Ducks, Geese, Swans",Clangula hyemalis,Long-tailed Duck,VU
22680412,4900,"Ducks, Geese, Swans",Somateria fischeri,Spectacled Eider,NT
22724845,4960,"Ducks, Geese, Swans",Melanitta stejnegeri,Siberian Scoter,LC
22734194,4970,"Ducks, Geese, Swans",Melanitta deglandi,White-winged Scoter,LC
22732425,4990,"Ducks, Geese, Swans",Melanitta americana,Black Scoter,NT
22680496,5100,"Ducks, Geese, Swans",Mergus australis,New Zealand Merganser,EX
22679981,5180,"Ducks, Geese, Swans",Chloephaga poliocephala,Ashy-headed Goose,LC
22679984,5190,"Ducks, Geese, Swans",Chloephaga rubidiceps,Ruddy-headed Goose,LC
22729490,5230,"Ducks, Geese, Swans",Alopochen kervazoi,Reunion Shelduck,EX
22680024,5240,"Ducks, Geese, Swans",Tadorna tadorna,Common Shelduck,LC
22680003,5250,"Ducks, Geese, Swans",Tadorna ferruginea,Ruddy Shelduck,LC
22680007,5260,"Ducks, Geese, Swans",Tadorna cana,South African Shelduck,LC
22680104,5390,"Ducks, Geese, Swans",Aix sponsa,Wood Duck,LC
22679961,5460,"Ducks, Geese, Swans",Cyanochen cyanoptera,Blue-winged Goose,NT
22680398,5620,"Ducks, Geese, Swans",Aythya marila,Greater Scaup,LC
22680332,5740,"Ducks, Geese, Swans",Spatula hottentota,Blue-billed Teal,LC
22680240,5770,"Ducks, Geese, Swans",Spatula platalea,Red Shoveler,LC
22680236,5780,"Ducks, Geese, Swans",Spatula smithii,Cape Shoveler,LC
22680317,5830,"Ducks, Geese, Swans",Sibirionetta formosa,Baikal Teal,LC
22680157,5860,"Ducks, Geese, Swans",Mareca penelope,Eurasian Wigeon,LC
22680203,5960,"Ducks, Geese, Swans",Anas laysanensis,Laysan Duck,CR
22680186,5970,"Ducks, Geese, Swans",Anas platyrhynchos,Mallard,LC
22680199,6000,"Ducks, Geese, Swans",Anas wyvilliana,Hawaiian Duck,VU
22727280,6020,"Ducks, Geese, Swans",Anas albogularis,Andaman Teal,NT
22680271,6040,"Ducks, Geese, Swans",Anas gracilis,Grey Teal,LC
22680290,6120,"Ducks, Geese, Swans",Anas erythrorhyncha,Red-billed Teal,LC
22680310,6160,"Ducks, Geese, Swans",Anas georgica,Yellow-billed Pintail,LC
22735557,6190,"Ducks, Geese, Swans",Anas andium,Andean Teal,LC
22736320,6200,"Ducks, Geese, Swans",Anas flavirostris,Yellow-billed Teal,LC
22696574,6340,Grebes,Podilymbus podiceps,Pied-billed Grebe,LC
22696533,6370,Grebes,Rollandia microptera,Titicaca Grebe,EN
22696596,6400,Grebes,Podiceps major,Great Grebe,LC
22696606,6430,Grebes,Podiceps auritus,Horned Grebe,VU
22696634,6520,Grebes,Aechmophorus clarkii,Clark's Grebe,LC
22690768,8220,"Pigeons, Doves",Columbina squammata,Scaled Dove,LC
22690834,8340,"Pigeons, Doves",Metriopelia morenoi,Moreno's Ground Dove,LC
22690844,8360,"Pigeons, Doves",Metriopelia aymara,Golden-spotted Ground Dove,LC
22690988,8450,"Pigeons, Doves",Gallicolumba keayi,Negros Bleeding-heart,CR
60444792,8570,"Pigeons, Doves",Pampusana beccarii,Western Bronze Ground Dove,LC
60444823,8580,"Pigeons, Doves",Pampusana johannae,Eastern Bronze Ground Dove,LC
22691056,8610,"Pigeons, Doves",Pampusana salamonis,Thick-billed Ground Dove,EX
22690676,8750,"Pigeons, Doves",Ocyphaps lophotes,Crested Pigeon,LC
22726273,8860,"Pigeons, Doves",Otidiphaps insularis,Black-naped Pheasant-pigeon,CR
22690062,8970,"Pigeons, Doves",Pezophaps solitaria,Rodrigues Solitaire,EX
22725538,8990,"Pigeons, Doves",Chalcophaps indica,Grey-capped Emerald Dove,LC
22725548,9000,"Pigeons, Doves",Chalcophaps longirostris,Brown-capped Emerald Dove,LC
22690645,9080,"Pigeons, Doves",Oena capensis,Namaqua Dove,LC
22727841,9110,"Pigeons, Doves",Phapitreron brevirostris,Short-billed Brown-dove,LC
60543516,9140,"Pigeons, Doves",Phapitreron frontalis,Cebu Brown-dove,CR
22724523,9150,"Pigeons, Doves",Phapitreron brunneiceps,Dark-eared Brown-dove,VU
22691127,9200,"Pigeons, Doves",Treron fulvicollis,Cinnamon-headed Green-pigeon,VU
22691142,9230,"Pigeons, Doves",Treron bicinctus,Orange-breasted Green-pigeon,LC
22691198,9350,"Pigeons, Doves",Treron capellei,Large Green-pigeon,VU
22727848,9390,"Pigeons, Doves",Treron australis,Madagascar Green-pigeon,LC
200093329,9620,"Pigeons, Doves",Ducula nicobarica,Nicobar Imperial-pigeon,NT
45447768,9650,"Pigeons, Doves",Ducula neglecta,Seram Imperial-pigeon,LC
22689613,11260,Frogmouths,Batrachostomus mixtus,Bornean Frogmouth,LC
22727987,11270,Frogmouths,Batrachostomus javensis,Horsfield's Frogmouth,LC
22689636,11320,Potoos,Nyctibius grandis,Great Potoo,LC
22689642,11340,Potoos,Nyctibius jamaicensis,Northern Potoo,LC
22729169,11380,Potoos,Phyllaemulor bracteatus,Rufous Potoo,LC
22689680,11440,Nightjars,Eurostopodus archboldi,Archbold's Nightjar,LC
22689717,11530,Nightjars,Chordeiles gundlachii,Antillean Nighthawk,LC
22689711,11540,Nightjars,Chordeiles acutipennis,Lesser Nighthawk,LC
22689695,11560,Nightjars,Lurocalis semitorquatus,Short-tailed Nighthawk,LC
22689698,11570,Nightjars,Lurocalis rufiventris,Rufous-bellied Nighthawk,LC
22689704,11590,Nightjars,Nyctiprogne vielliardi,Bahian Nighthawk,LC
22689862,11600,Nightjars,Nyctipolus nigrescens,Blackish Nightjar,LC
22690040,11690,Nightjars,Uropsalis segmentata,Swallow-tailed Nightjar,LC
22734672,11710,Nightjars,Setopagis heterura,Todd's Nightjar,LC
22734667,11720,Nightjars,Setopagis parvula,Little Nightjar,LC
22690032,11760,Nightjars,Hydropsalis torquata,Scissor-tailed Nightjar,LC
22689738,11800,Nightjars,Siphonorhis americana,Jamaican Poorwill,CR(PE)
22689755,11830,Nightjars,Nyctiphrynus mcleodii,Eared Poorwill,LC
22689813,11910,Nightjars,Antrostomus saturatus,Dusky Nightjar,LC
22689875,12000,Nightjars,Caprimulgus ruficollis,Red-necked Nightjar,NT
22689916,12100,Nightjars,Caprimulgus eximius,Golden Nightjar,LC
22724428,12250,Nightjars,Caprimulgus solala,Nechisar Nightjar,VU
22690012,12330,Nightjars,Caprimulgus clarus,Slender-tailed Nightjar,LC
22690021,12350,Nightjars,Caprimulgus longipennis,Standard-winged Nightjar,LC
230050796,12560,Owlet-nightjars,Aegotheles affinis,Vogelkop Owlet-nightjar,NT
230054372,12570,Owlet-nightjars,Aegotheles bennettii,Barred Owlet-nightjar,LC
22689572,12590,Owlet-nightjars,Aegotheles archboldi,Archbold's Owlet-nightjar,LC
22689576,12600,Owlet-nightjars,Aegotheles albertisi,Mountain Owlet-nightjar,LC
22686440,12720,Swifts,Cypseloides niger,Black Swift,VU
22686940,14240,Hummingbirds,Phaethornis superciliosus,Long-tailed Hermit,LC
22736557,14300,Hummingbirds,Phaethornis longuemareus,Little Hermit,LC
22687010,14320,Hummingbirds,Phaethornis idaliae,Minute Hermit,LC
22686982,14330,Hummingbirds,Phaethornis nattereri,Cinnamon-throated Hermit,LC
22686979,14400,Hummingbirds,Phaethornis subochraceus,Buff-bellied Hermit,LC
22686976,14420,Hummingbirds,Phaethornis pretrei,Planalto Hermit,LC
22688069,14580,Hummingbirds,Augastes lumachella,Hooded Visorbearer,NT
22687114,14600,Hummingbirds,Colibri coruscans,Sparkling Violetear,LC
22687877,14840,Hummingbirds,Heliangelus mavors,Orange-throated Sunangel,LC
60859989,14850,Hummingbirds,Heliangelus clarisse,Longuemare's Sunangel,LC
22687259,15010,Hummingbirds,Discosura langsdorffi,Black-bellied Thorntail,LC
22687187,15060,Hummingbirds,Lophornis gouldii,Dot-eared Coquette,NT
22687190,15070,Hummingbirds,Lophornis magnificus,Frilled Coquette,LC
22687235,15130,Hummingbirds,Lophornis pavoninus,Peacock Coquette,LC
22687984,15390,Hummingbirds,Ramphomicron microrhynchum,Purple-backed Thornbill,LC
22727930,15500,Hummingbirds,Oreonympha albolimbata,Western Mountaineer,LC
22688015,15540,Hummingbirds,Metallura tyrianthina,Tyrian Metaltail,LC
22687990,15550,Hummingbirds,Metallura williami,Viridian Metaltail,LC
22687993,15560,Hummingbirds,Metallura baroni,Violet-throated Metaltail,VU
22687998,15570,Hummingbirds,Metallura odomae,Neblina Metaltail,LC
22688012,15610,Hummingbirds,Metallura phoebe,Black Metaltail,LC
22733896,15620,Hummingbirds,Haplophaedia aureliae,Greenish Puffleg,LC
22687304,17030,Hummingbirds,Cynanthus canivetii,Canivet's Emerald,LC
22687362,17090,Hummingbirds,Chlorostilbon poortmani,Short-tailed Emerald,LC
22687345,17120,Hummingbirds,Chlorostilbon russatus,Coppery Emerald,LC
22687164,17240,Hummingbirds,Orthorhyncus cristatus,Antillean Crested Hummingbird,LC
154809350,17290,Hummingbirds,Anthocephala berlepschi,Tolima Blossomcrown,VU
200277707,17320,Hummingbirds,Campylopterus calcirupicola,Outcrop Sabrewing,VU
22687090,17370,Hummingbirds,Campylopterus villaviscensio,Napo Sabrewing,LC
22726696,17500,Hummingbirds,Thalurania colombica,Crowned Woodnymph,LC
22687464,17590,Hummingbirds,Goldmania bella,Pirre Hummingbird,NT
22687627,17610,Hummingbirds,Eupherusa poliocerca,White-tailed Hummingbird,NT
22687640,17640,Hummingbirds,Eupherusa nigriventris,Black-bellied Hummingbird,LC
22687041,17650,Hummingbirds,Phaeochroa cuvierii,Scaly-breasted Sabrewing,LC
22687474,17740,Hummingbirds,Trochilus scitulus,Black-billed Streamertail,LC
61200240,17770,Hummingbirds,Leucolia viridifrons,Green-fronted Hummingbird,LC
22687590,17830,Hummingbirds,Saucerottia saucerottei,Steely-vented Hummingbird,LC
119194033,17880,Hummingbirds,Amazilia cyanifrons,Indigo-capped Hummingbird,LC
22687562,17940,Hummingbirds,Amazilia boucardi,Mangrove Hummingbird,EN
22687458,18060,Hummingbirds,Chrysuronia oenone,Golden-tailed Sapphire,LC
22687417,18080,Hummingbirds,Chrysuronia lilliae,Sapphire-bellied Hummingbird,EN
22733641,18100,Hummingbirds,Chrysuronia grayi,Gray's Hummingbird,LC
22687574,18120,Hummingbirds,Chrysuronia leucogaster,Plain-bellied Emerald,LC
22687479,18130,Hummingbirds,Leucochloris albicollis,White-throated Hummingbird,LC
22687534,18140,Hummingbirds,Chionomesa fimbriata,Glittering-throated Emerald,LC
22687436,18170,Hummingbirds,Hylocharis sapphirina,Rufous-throated Hummingbird,LC
22687506,18220,Hummingbirds,Elliotomyia viridicauda,Green-and-white Hummingbird,LC
22687559,18230,Hummingbirds,Polyerata rosenbergi,Purple-chested Hummingbird,LC
22687552,18240,Hummingbirds,Polyerata amabilis,Blue-chested Hummingbird,LC
22687439,18280,Hummingbirds,Chlorestes cyanus,White-chinned Sapphire,LC
22684461,18400,Cuckoos,Geococcyx velox,Lesser Roadrunner,LC
62144610,18420,Cuckoos,Neomorphus geoffroyi,Rufous-vented Ground-cuckoo,VU
22684478,18440,Cuckoos,Neomorphus rufipennis,Rufous-winged Ground-cuckoo,LC
22683827,19990,Cuckoos,Cuculus crassirostris,Sulawesi Cuckoo,LC
22734715,20050,Cuckoos,Cuculus saturatus,Himalayan Cuckoo,LC
22734721,20060,Cuckoos,Cuculus optatus,Oriental Cuckoo,LC
22683889,20080,Cuckoos,Cuculus poliocephalus,Lesser Cuckoo,LC
22692177,20140,Finfoots,Podica senegalensis,African Finfoot,LC
22692181,20150,Finfoots,Heliopais personatus,Masked Finfoot,CR
22692236,20220,"Rails, Gallinules, Coots",Sarothrura affinis,Striped Flufftail,LC
22692250,20250,"Rails, Gallinules, Coots",Sarothrura watersi,Slender-billed Flufftail,NT
22692256,20260,"Rails, Gallinules, Coots",Himantornis haematopus,Nkulengu Rail,LC
22692303,20340,"Rails, Gallinules, Coots",Rallicula mayri,Mayr's Forest Rail,LC
22692308,20350,"Rails, Gallinules, Coots",Rallina tricolor,Red-necked Crake,LC
22692311,20360,"Rails, Gallinules, Coots",Rallina canningi,Andaman Crake,LC
22692343,20470,"Rails, Gallinules, Coots",Laterallus ruber,Ruddy Crake,LC
22692476,20650,"Rails, Gallinules, Coots",Rallus wetmorei,Plain-flanked Rail,EN
22692479,20660,"Rails, Gallinules, Coots",Rallus limicola,Virginia Rail,LC
22692529,20820,"Rails, Gallinules, Coots",Lewinia muelleri,Auckland Island Rail,VU
22732059,20840,"Rails, Gallinules, Coots",Aptenorallus calayanensis,Calayan Rail,VU
22728873,20940,"Rails, Gallinules, Coots",Cabalus modestus,Chatham Islands Rail,EX
22727459,20990,"Rails, Gallinules, Coots",Hypotaenidia tertia,Bougainville Rail,LC
22727465,21000,"Rails, Gallinules, Coots",Hypotaenidia immaculata,Santa Isabel Rail,LC
22692581,21160,"Rails, Gallinules, Coots",Aramides wolfi,Brown Wood-rail,LC
22692591,21220,"Rails, Gallinules, Coots",Aramides saracura,Slaty-breasted Wood-rail,LC
22692601,21250,"Rails, Gallinules, Coots",Amaurolimnas concolor,Uniform Crake,LC
22692604,21320,"Rails, Gallinules, Coots",Gymnocrex rosenbergii,Blue-faced Rail,LC
22692684,21380,"Rails, Gallinules, Coots",Porzana carolina,Sora,LC
22692624,21560,"Rails, Gallinules, Coots",Amaurornis isabellina,Isabelline Bush-hen,LC
22692723,21610,"Rails, Gallinules, Coots",Amaurornis cinerea,White-browed Crake,LC
22692792,21660,"Rails, Gallinules, Coots",Porphyrio porphyrio,Purple Swamphen,LC
22692848,21750,"Rails, Gallinules, Coots",Porphyrio flavirostris,Azure Gallinule,LC
22698567,23420,Northern Storm-petrels,Hydrobates hornbyi,Ringed Storm-petrel,NT
22698305,23480,Albatrosses,Diomedea exulans,Snowy Albatross,VU
22698335,23640,Albatrosses,Phoebastria albatrus,Short-tailed Albatross,VU
22728349,23690,Albatrosses,Thalassarche impavida,Campbell Albatross,VU
22698393,23730,Albatrosses,Thalassarche eremita,Chatham Albatross,VU
22697879,23830,"Petrels, Shearwaters",Daption capense,Cape Petrel,LC
22697885,23840,"Petrels, Shearwaters",Pagodroma nivea,Snow Petrel,LC
22697888,23940,"Petrels, Shearwaters",Aphrodroma brevirostris,Kerguelen Petrel,LC
22697967,24020,"Petrels, Shearwaters",Pterodroma hypoleuca,Bonin Petrel,LC
22698027,24070,"Petrels, Shearwaters",Pterodroma neglecta,Kermadec Petrel,LC
22698030,24170,"Petrels, Shearwaters",Pterodroma externa,Juan Fernandez Petrel,VU
22698080,24180,"Petrels, Shearwaters",Pterodroma mollis,Soft-plumaged Petrel,LC
22698088,24190,"Petrels, Shearwaters",Pterodroma cahow,Bermuda Petrel,EN
22698092,24200,"Petrels, Shearwaters",Pterodroma hasitata,Black-capped Petrel,EN
22728011,24220,"Petrels, Shearwaters",Pterodroma feae,Cape Verde Petrel,NT
45048812,24280,"Petrels, Shearwaters",Pterodroma macroptera,Great-winged Petrel,LC
22698140,24360,"Petrels, Shearwaters",Procellaria aequinoctialis,White-chinned Petrel,VU
22698188,24460,"Petrels, Shearwaters",Ardenna carneipes,Flesh-footed Shearwater,NT
45354718,24590,"Petrels, Shearwaters",Puffinus bryani,Bryan's Shearwater,CR
132467692,24610,"Petrels, Shearwaters",Puffinus newelli,Newell's Shearwater,CR
22698272,24650,"Petrels, Shearwaters",Puffinus bannermani,Bannerman's Shearwater,EN
22698230,24670,"Petrels, Shearwaters",Puffinus yelkouan,Yelkouan Shearwater,VU
45959186,24690,"Petrels, Shearwaters",Puffinus elegans,Subantarctic Shearwater,LC
22696810,26750,Cormorants,Leucocarbo bougainvilliorum,Guanay Cormorant,NT
22696853,26790,Cormorants,Leucocarbo chalconotus,Stewart Island Shag,VU
22696876,26820,Cormorants,Leucocarbo ranfurlyi,Bounty Islands Shag,VU
22696869,26830,Cormorants,Leucocarbo colensoi,Auckland Islands Shag,VU
22728950,26880,Cormorants,Urile pelagicus,Pelagic Cormorant,LC
22696770,26990,Cormorants,Phalacrocorax fuscescens,Black-faced Cormorant,LC
22696782,27000,Cormorants,Phalacrocorax varius,Great Pied Cormorant,LC
22696901,27010,Cormorants,Phalacrocorax punctatus,Spotted Shag,LC
22696907,27020,Cormorants,Phalacrocorax featherstoni,Pitt Island Shag,EN
22696702,27080,Darters,Anhinga anhinga,Anhinga,LC
22693580,27150,Thick-knees,Burhinus senegalensis,Senegal Thick-knee,LC
22693647,27350,Oystercatchers,Haematopus longirostris,Pied Oystercatcher,LC
22693651,27370,Oystercatchers,Haematopus unicolor,Variable Oystercatcher,LC
22693672,27430,Ibisbill,Ibidorhyncha struthersii,Ibisbill,LC
22693709,27440,"Avocets, Stilts",Cladorhynchus leucocephalus,Banded Stilt,LC
22693712,27450,"Avocets, Stilts",Recurvirostra avosetta,Pied Avocet,LC
22693690,27500,"Avocets, Stilts",Himantopus novaezelandiae,Black Stilt,CR
22693727,27580,Plovers,Pluvialis apricaria,Eurasian Golden Plover,LC
22693767,27680,Plovers,Charadrius placidus,Long-billed Plover,LC
22693774,27700,Plovers,Charadrius wilsonia,Wilson's Plover,LC
22693780,27730,Plovers,Charadrius thoracicus,Black-banded Plover,VU
22693943,28040,Plovers,Elseyornis melanops,Black-fronted Dotterel,LC
22693949,28060,Plovers,Vanellus vanellus,Northern Lapwing,NT
22693992,28100,Plovers,Vanellus duvaucelii,River Lapwing,NT
22694010,28200,Plovers,Vanellus cinereus,Grey-headed Lapwing,LC
22694013,28210,Plovers,Vanellus indicus,Red-wattled Lapwing,LC
22694053,28260,Plovers,Vanellus gregarius,Sociable Lapwing,CR
22694064,28270,Plovers,Vanellus leucurus,White-tailed Lapwing,LC
22693036,28350,Seedsnipes,Attagis gayi,Rufous-bellied Seedsnipe,LC
22693039,28360,Seedsnipes,Attagis malouinus,White-bellied Seedsnipe,LC
22735692,28400,Painted-snipes,Rostratula australis,Australian Painted-snipe,EN
22694452,30320,"Gulls, Terns, Skimmers",Larus fuliginosus,Lava Gull,VU
22694447,30340,"Gulls, Terns, Skimmers",Larus relictus,Relict Gull,VU
22694282,30420,"Gulls, Terns, Skimmers",Larus belcheri,Belcher's Gull,LC
22694337,30470,"Gulls, Terns, Skimmers",Larus occidentalis,Western Gull,LC
22694329,30490,"Gulls, Terns, Skimmers",Larus dominicanus,Kelp Gull,LC
62030608,30510,"Gulls, Terns, Skimmers",Larus argentatus,European Herring Gull,LC
22694357,30520,"Gulls, Terns, Skimmers",Larus armenicus,Armenian Gull,LC
22735929,30540,"Gulls, Terns, Skimmers",Larus cachinnans,Caspian Gull,LC
22729877,30560,"Gulls, Terns, Skimmers",Larus glaucoides,Iceland Gull,LC
22694343,30590,"Gulls, Terns, Skimmers",Larus hyperboreus,Glaucous Gull,LC
22694691,30870,"Gulls, Terns, Skimmers",Sternula nereis,Fairy Tern,VU
22694635,31060,"Gulls, Terns, Skimmers",Sterna vittata,Antarctic Tern,LC
22694711,31100,"Gulls, Terns, Skimmers",Sterna acuticauda,Black-bellied Tern,EN
22694571,31170,"Gulls, Terns, Skimmers",Thalasseus bergii,Greater Crested Tern,LC
22694218,31220,Skuas,Catharacta maccormicki,South Polar Skua,LC
22694934,31290,Auks,Fratercula cirrhata,Tufted Puffin,LC
22694927,31300,Auks,Fratercula arctica,Atlantic Puffin,VU
22729000,31370,Auks,Brachyramphus perdix,Long-billed Murrelet,NT
22694870,31380,Auks,Brachyramphus marmoratus,Marbled Murrelet,EN
22694867,31430,Auks,Cepphus carbo,Spectacled Guillemot,LC
22694899,31450,Auks,Synthliboramphus wumizusume,Japanese Murrelet,VU
62101249,31460,Auks,Synthliboramphus scrippsi,Scripps's Murrelet,VU
22694841,31540,Auks,Uria aalge,Common Murre,LC
22725132,31560,Barn-owls,Phodilus assimilis,Sri Lanka Bay-owl,LC
22688470,31640,Barn-owls,Tyto aurantia,Golden Masked-owl,VU
22724754,33500,Typical Owls,Otus beccarii,Biak Scops-owl,NT
22689512,33770,Typical Owls,Asio abyssinicus,Abyssinian Owl,LC
22689522,33790,Typical Owls,Asio clamator,Striped Owl,LC
22689539,33840,Typical Owls,Nesasio solomonensis,Fearful Owl,NT
22688766,33900,Typical Owls,Megascops trichopsis,Whiskered Screech-owl,LC
22688847,33980,Typical Owls,Megascops marshalli,Cloud-forest Screech-owl,LC
61769583,34010,Typical Owls,Megascops vermiculatus,Vermiculated Screech-owl,LC
22688874,34040,Typical Owls,Megascops sanctaecatarinae,Long-tufted Screech-owl,LC
22689180,34140,Typical Owls,Pulsatrix perspicillata,Spectacled Owl,LC
22733923,34290,Typical Owls,Strix rufipes,Rufous-legged Owl,LC
22689055,34390,Typical Owls,Bubo scandiacus,Snowy Owl,VU
22688927,34420,Typical Owls,Bubo bubo,Eurasian Eagle-owl,LC
22688986,34500,Typical Owls,Bubo lacteus,Verreaux's Eagle-owl,LC
22688976,34520,Typical Owls,Bubo sumatranus,Barred Eagle-owl,NT
22689122,34700,Typical Owls,Ciccaba virgata,Mottled Owl,LC
22689133,34710,Typical Owls,Ciccaba nigrolineata,Black-and-white Owl,LC
22697624,34770,New World vultures,Coragyps atratus,American Black Vulture,LC
22697645,34780,New World vultures,Sarcoramphus papa,King Vulture,LC
22696221,34820,Secretarybird,Sagittarius serpentarius,Secretarybird,EN
22695039,34890,Kites,Elanus scriptus,Letter-winged Kite,NT
22695673,36810,"Hawks, Eagles",Accipiter melanoleucus,Black Sparrowhawk,LC
22695568,36840,"Hawks, Eagles",Accipiter collaris,Semi-collared Hawk,LC
22695699,36990,"Hawks, Eagles",Erythrotriorchis radiatus,Red Goshawk,EN
22695097,37020,"Hawks, Eagles",Haliaeetus leucogaster,White-bellied Sea-eagle,LC
22695130,37060,"Hawks, Eagles",Haliaeetus leucoryphus,Pallas's Fish-eagle,EN
22695137,37070,"Hawks, Eagles",Haliaeetus albicilla,White-tailed Sea-eagle,LC
22695066,37270,"Hawks, Eagles",Ictinia mississippiensis,Mississippi Kite,LC
22695069,37280,"Hawks, Eagles",Ictinia plumbea,Plumbeous Kite,LC
22695048,37290,"Hawks, Eagles",Rostrhamus sociabilis,Snail Kite,LC
22695808,37380,"Hawks, Eagles",Buteogallus aequinoctialis,Rufous Crab-hawk,NT
22695832,37390,"Hawks, Eagles",Buteogallus meridionalis,Savanna Hawk,LC
22735520,37480,"Hawks, Eagles",Geranoaetus polyosoma,Variable Hawk,LC
22695786,37500,"Hawks, Eagles",Pseudastur albicollis,White Hawk,LC
22695987,37740,"Hawks, Eagles",Buteo rufofuscus,Jackal Buzzard,LC
22728020,37780,"Hawks, Eagles",Buteo oreophilus,Mountain Buzzard,NT
22695957,37800,"Hawks, Eagles",Buteo brachypterus,Madagascar Buzzard,LC
22683792,37880,Mousebirds,Urocolius macrourus,Blue-naped Mousebird,LC
22682715,37940,Trogons,Apaloderma narina,Narina Trogon,LC
22682723,37960,Trogons,Apaloderma vittatum,Bar-tailed Trogon,LC
22682824,37970,Trogons,Apalharpactes reinwardtii,Javan Trogon,VU
22682839,38080,Trogons,Harpactes ardens,Philippine Trogon,LC
22682741,38100,Trogons,Pharomachrus pavoninus,Pavonine Quetzal,LC
22682768,38180,Trogons,Trogon clathratus,Lattice-tailed Trogon,LC
22682785,38260,Trogons,Trogon citreolus,Citreoline Trogon,LC
22680616,44290,Honeyguides,Indicator indicator,Greater Honeyguide,LC
22680683,44340,Woodpeckers,Jynx torquilla,Eurasian Wryneck,LC
61488027,44440,Woodpeckers,Picumnus nigropunctatus,Black-spotted Piculet,LC
22680720,44460,Woodpeckers,Picumnus squamulatus,Scaled Piculet,LC
22680733,44500,Woodpeckers,Picumnus steindachneri,Speckle-chested Piculet,NT
22680768,44600,Woodpeckers,Picumnus castelnau,Plain-breasted Piculet,LC
22727159,44750,Woodpeckers,Campephilus splendens,Splendid Woodpecker,LC
22727150,44760,Woodpeckers,Campephilus haematogaster,Crimson-bellied Woodpecker,LC
22681396,44770,Woodpeckers,Campephilus rubricollis,Red-necked Woodpecker,LC
22681399,44780,Woodpeckers,Campephilus robustus,Robust Woodpecker,LC
22681411,44820,Woodpeckers,Campephilus leucopogon,Cream-backed Woodpecker,LC
22727182,45000,Woodpeckers,Dinopium javanense,Common Flameback,LC
62049548,45170,Woodpeckers,Chrysophlegma mentale,Javan Yellownape,LC
22680897,45220,Woodpeckers,Campethera scriptoricauda,Reichenow's Woodpecker,LC
22680902,45240,Woodpeckers,Campethera abingoni,Golden-tailed Woodpecker,LC
22680906,45250,Woodpeckers,Campethera mombassica,Mombasa Woodpecker,LC
22680910,45260,Woodpeckers,Campethera notata,Knysna Woodpecker,NT
22726364,45290,Woodpeckers,Campethera tullbergi,Tullberg's Woodpecker,LC
22680941,45340,Woodpeckers,Pardipicus caroli,Brown-eared Woodpecker,LC
22681434,45350,Woodpeckers,Picus puniceus,Crimson-winged Woodpecker,LC
22681431,45360,Woodpeckers,Picus chlorolophus,Lesser Yellownape,LC
22725015,45470,Woodpeckers,Picus sharpei,Iberian Green Woodpecker,LC
22681456,45490,Woodpeckers,Picus squamatus,Scaly-bellied Woodpecker,LC
22681228,45530,Woodpeckers,Piculus simplex,Rufous-winged Woodpecker,LC
22681246,45590,Woodpeckers,Piculus aurulentus,Yellow-browed Woodpecker,LC
22726404,45640,Woodpeckers,Colaptes auratus,Yellow-shafted Flicker,LC
22681272,45750,Woodpeckers,Colaptes punctigula,Spot-breasted Woodpecker,LC
22681327,45930,Woodpeckers,Celeus castaneus,Chestnut-colored Woodpecker,LC
22681382,46160,Woodpeckers,Dryocopus martius,Black Woodpecker,LC
22680874,46230,Woodpeckers,Sphyrapicus ruber,Red-breasted Sapsucker,LC
22680807,46280,Woodpeckers,Melanerpes portoricensis,Puerto Rican Woodpecker,LC
22680831,46360,Woodpeckers,Melanerpes cactorum,White-fronted Woodpecker,LC
22680865,46420,Woodpeckers,Melanerpes hoffmannii,Hoffmann's Woodpecker,LC
22680862,46470,Woodpeckers,Melanerpes aurifrons,Golden-fronted Woodpecker,LC
22680963,46660,Woodpeckers,Dendropicos fuscescens,Cardinal Woodpecker,LC
22680967,46670,Woodpeckers,Dendropicos lugubris,Melancholy Woodpecker,LC
22681023,46770,Woodpeckers,Dendropicos griseocephalus,Olive Woodpecker,LC
22681076,46830,Woodpeckers,Dryobates minor,Lesser Spotted Woodpecker,LC
22681155,46860,Woodpeckers,Dryobates pubescens,Downy Woodpecker,LC
22681158,46920,Woodpeckers,Leuconotopicus borealis,Red-cockaded Woodpecker,NT
22681169,46930,Woodpeckers,Leuconotopicus albolarvatus,White-headed Woodpecker,LC
22681205,46970,Woodpeckers,Veniliornis spilogaster,White-spotted Woodpecker,LC
22681208,47000,Woodpeckers,Veniliornis sanguineus,Blood-colored Woodpecker,LC
22681202,47020,Woodpeckers,Veniliornis frontalis,Dot-fronted Woodpecker,LC
22681105,47090,Woodpeckers,Dendrocopos hyperythrus,Rufous-bellied Woodpecker,LC
22681089,47100,Woodpeckers,Dendrocopos atratus,Stripe-breasted Woodpecker,LC
22726384,47120,Woodpeckers,Dendrocopos analis,Freckle-breasted Woodpecker,LC
22692208,47270,Seriemas,Chunga burmeisteri,Black-legged Seriema,LC
22696275,47300,"Falcons, Caracaras",Micrastur plumbeus,Plumbeous Forest-falcon,VU
22696281,47310,"Falcons, Caracaras",Micrastur gilvicollis,Lined Forest-falcon,LC
22696261,47470,"Falcons, Caracaras",Milvago chimachima,Yellow-headed Caracara,LC
22696324,47490,"Falcons, Caracaras",Microhierax caerulescens,Collared Falconet,LC
22686395,49100,Parrots,Amazona arausiaca,Red-necked Amazon,VU
45430572,49200,Parrots,Amazona farinosa,Southern Mealy Amazon,LC
22686403,49260,Parrots,Amazona guildingii,Saint Vincent Amazon,VU
22685923,49310,Parrots,Forpus cyanopygius,Mexican Parrotlet,NT
62181349,49400,Parrots,Pionites xanthomerius,Black-legged Parrot,LC
62181308,49420,Parrots,Pionites leucogaster,Green-thighed Parrot,VU
22685812,49490,Parrots,Pyrrhura perlata,Crimson-bellied Parakeet,LC
45422600,49570,Parrots,Pyrrhura caeruleiceps,Perija Parakeet,EN
22685836,49650,Parrots,Pyrrhura viridicata,Santa Marta Parakeet,EN
22685857,49720,Parrots,Pyrrhura rupicola,Black-capped Parakeet,LC
22685877,49750,Parrots,Pyrrhura rhodocephala,Rose-headed Parakeet,LC
22685888,49840,Parrots,Enicognathus ferrugineus,Austral Parakeet,LC
22685521,49880,Parrots,Anodorhynchus leari,Lear's Macaw,EN
22685766,49900,Parrots,Rhynchopsitta pachyrhyncha,Thick-billed Parrot,EN
22685710,50040,Parrots,Aratinga auricapillus,Golden-capped Parakeet,LC
22685593,50100,Parrots,Primolius couloni,Blue-headed Macaw,VU
22685606,50120,Parrots,Primolius maracana,Blue-winged Macaw,LC
22685539,50130,Parrots,Ara ararauna,Blue-and-yellow Macaw,LC
22685563,50170,Parrots,Ara macao,Scarlet Macaw,LC
61958763,50320,Parrots,Diopsittaca nobilis,Northern Red-shouldered Macaw,LC
22728696,50460,Parrots,Psittacara labati,Guadeloupe Parakeet,EX
22685258,50530,Parrots,Mascarinus mascarin,Mascarene Parrot,EX
22685139,50590,Parrots,Psephotus haematonotus,Red-rumped Parrot,LC
22685326,52150,Parrots,Agapornis canus,Grey-headed Lovebird,LC
22685338,52180,Parrots,Agapornis swindernianus,Black-collared Lovebird,LC
22685352,52210,Parrots,Agapornis personatus,Yellow-collared Lovebird,LC
22685356,52220,Parrots,Agapornis lilianae,Nyasa Lovebird,NT
22685081,52260,Parrots,Polytelis alexandrae,Princess Parrot,NT
22685058,52280,Parrots,Alisterus chloropterus,Papuan King-parrot,LC
22727878,52370,Parrots,Prioniturus mindorensis,Mindoro Racquet-tail,VU
155072212,52430,Parrots,Eclectus roratus,Moluccan Eclectus,LC
155072216,52440,Parrots,Eclectus cornelia,Sumba Eclectus,EN
62307504,52470,Parrots,Eclectus infectus,Oceanic Eclectus,EX
22685009,52550,Parrots,Tanygnathus lucionensis,Blue-naped Parrot,NT
22685473,52630,Parrots,Himalayapsitta finschii,Grey-headed Parakeet,NT
22685481,52660,Parrots,Himalayapsitta cyanocephala,Plum-headed Parakeet,LC
22685513,52710,Parrots,Belocercus longicaudus,Long-tailed Parakeet,VU
22684850,52830,Parrots,Micropsitta geelvinkiana,Geelvink Pygmy-parrot,LC
22684856,52840,Parrots,Micropsitta pusio,Buff-faced Pygmy-parrot,LC
103656402,52960,Pittas,Erythropitta rufiventris,North Moluccan Pitta,LC
22735819,53090,Pittas,Erythropitta granatina,Garnet Pitta,NT
22732662,53100,Pittas,Erythropitta ussheri,Black-crowned Pitta,LC
22698614,53190,Pittas,Hydrornis caeruleus,Giant Pitta,NT
22698676,53280,Pittas,Pitta reichenowi,Green-breasted Pitta,LC
22698684,53330,Pittas,Pitta nympha,Fairy Pitta,VU
22698644,53400,Pittas,Pitta steerii,Azure-breasted Pitta,VU
22698771,53550,Asities,Neodrepanis coruscans,Common Sunbird-Asity,LC
22698747,53580,Typical Broadbills,Psarisomus dalhousiae,Long-tailed Broadbill,LC
103656944,53660,Typical Broadbills,Eurylaimus javanicus,Javan Broadbill,LC
22698760,53790,African and green broadbills,Calyptomena whiteheadi,Whitehead's Broadbill,LC
22701659,53820,Typical Antbirds,Euchrepomis spodioptila,Ash-winged Antwren,LC
22701823,53860,Typical Antbirds,Ammonastes pelzelni,Grey-bellied Antbird,LC
22701466,53910,Typical Antbirds,Epinecrophylla gutturalis,Brown-bellied Stipplethroat,LC
103657286,53970,Typical Antbirds,Epinecrophylla hoffmannsi,Eastern Ornate Stipplethroat,LC
22701364,54030,Typical Antbirds,Clytoctantes atrogularis,Rondonia Bushbird,NT
22701605,54050,Typical Antbirds,Formicivora erythronotos,Black-hooded Antwren,EN
103657373,54080,Typical Antbirds,Formicivora serrana,Serra Antwren,LC
22701599,54090,Typical Antbirds,Formicivora melanogaster,Black-bellied Antwren,LC
22724477,54120,Typical Antbirds,Formicivora acutirostris,Parana Antwren,NT
103657434,54130,Typical Antbirds,Formicivora paludicola,Marsh Antwren,CR
22701743,54170,Typical Antbirds,Myrmochanes hemileucus,Black-and-white Antbird,LC
22701445,54220,Typical Antbirds,Myrmotherula surinamensis,Guianan Streaked Antwren,LC
22729067,54240,Typical Antbirds,Myrmotherula pacifica,Pacific Antwren,LC
22701505,54300,Typical Antbirds,Myrmotherula schisticolor,Slaty Antwren,LC
22701508,54310,Typical Antbirds,Myrmotherula sunensis,Rio Suno Antwren,LC
22701511,54330,Typical Antbirds,Myrmotherula longipennis,Long-winged Antwren,LC
22701520,54360,Typical Antbirds,Myrmotherula grisea,Ashy Antwren,LC
22701530,54390,Typical Antbirds,Myrmotherula behni,Plain-winged Antwren,LC
22701536,54400,Typical Antbirds,Myrmotherula menetriesii,Grey Antwren,LC
22701646,54490,Typical Antbirds,Terenura sicki,Orange-bellied Antwren,CR
22701463,54520,Typical Antbirds,Rhopias gularis,Star-throated Antwren,LC
22701423,54580,Typical Antbirds,Thamnomanes schistogynus,Bluish-slate Antshrike,LC
22701407,54660,Typical Antbirds,Dysithamnus occidentalis,Bicolored Antvireo,NT
22701390,54670,Typical Antbirds,Dysithamnus leucostictus,White-streaked Antvireo,LC
22701558,54690,Typical Antbirds,Herpsilochmus sellowi,Caatinga Antwren,LC
103657677,54730,Typical Antbirds,Herpsilochmus stotzi,Aripuana Antwren,LC
22701549,54750,Typical Antbirds,Herpsilochmus parkeri,Ash-throated Antwren,VU
22701583,54840,Typical Antbirds,Herpsilochmus axillaris,Yellow-breasted Antwren,LC
22701244,54980,Typical Antbirds,Frederickena unduliger,Undulated Antshrike,LC
103657712,55000,Typical Antbirds,Sakesphorus canadensis,Black-crested Antshrike,LC
22701257,55020,Typical Antbirds,Sakesphorus cristatus,Silvery-cheeked Antshrike,LC
103657721,55060,Typical Antbirds,Thamnophilus ruficapillus,Southern Rufous-capped Antshrike,LC
22701343,55080,Typical Antbirds,Thamnophilus torquatus,Rufous-winged Antshrike,LC
22701285,55100,Typical Antbirds,Thamnophilus multistriatus,Bar-crested Antshrike,LC
103660264,56660,Typical Antbirds,Thamnistes aequatorialis,Eastern Russet Antshrike,LC
22703415,56700,Gnateaters,Conopophaga melanops,Black-cheeked Gnateater,LC
22703418,56770,Gnateaters,Conopophaga melanogaster,Black-bellied Gnateater,LC
22703231,56800,Gnateaters,Pittasoma michleri,Black-crowned Pittasoma,LC
22703237,56870,Antpittas,Grallaria squamigera,Undulated Antpitta,LC
22703246,56900,Antpittas,Grallaria varia,Variegated Antpitta,LC
22703277,56980,Antpittas,Grallaria watkinsi,Watkins's Antpitta,NT
22703268,57000,Antpittas,Grallaria kaestneri,Cundinamarca Antpitta,EN
103660383,57140,Antpittas,Grallaria rufula,Rufous Antpitta,LC
22703327,57150,Antpittas,Grallaria blakei,Chestnut Antpitta,LC
103660417,57160,Antpittas,Grallaria quitensis,Tawny Antpitta,LC
22703352,57240,Antpittas,Cryptopezus nattereri,Speckle-breasted Antpitta,LC
22703346,57310,Antpittas,Myrmothera berlepschi,Amazonian Antpitta,LC
232624597,57330,Antpittas,Myrmothera campanisona,Thrush-like Antpitta,LC
22703358,57350,Antpittas,Myrmothera simplex,Tepui Antpitta,LC
22703362,57370,Antpittas,Grallaricula flavirostris,Ochre-breasted Antpitta,LC
22703426,57500,Tapaculos,Pteroptochos tarnii,Black-throated Huet-huet,LC
22703434,57530,Tapaculos,Scelorchilus albicollis,White-throated Tapaculo,LC
22703471,57560,Tapaculos,Psilorhamphus guttatus,Spotted Bamboowren,LC
22703474,57620,Tapaculos,Merulaxis ater,Slaty Bristlefront,LC
22703480,57650,Tapaculos,Eugralla paradoxa,Ochre-flanked Tapaculo,LC
22703527,57750,Tapaculos,Scytalopus speluncae,Mouse-colored Tapaculo,LC
103661238,57760,Tapaculos,Scytalopus gonzagai,Boa Nova Tapaculo,EN
22703493,57780,Tapaculos,Scytalopus macropus,Large-footed Tapaculo,LC
22734658,57880,Tapaculos,Scytalopus stilesi,Stiles's Tapaculo,LC
22733280,57890,Tapaculos,Scytalopus robbinsi,Ecuadorian Tapaculo,EN
22703513,57910,Tapaculos,Scytalopus latebricola,Brown-rumped Tapaculo,NT
22729265,57940,Tapaculos,Scytalopus caracae,Caracas Tapaculo,LC
22733277,57960,Tapaculos,Scytalopus parkeri,Chusquea Tapaculo,LC
22733291,58030,Tapaculos,Scytalopus zimmeri,Zimmer's Tapaculo,LC
22703524,58050,Tapaculos,Scytalopus superciliaris,White-browed Tapaculo,LC
22703221,58270,Ground-antbirds,Chamaeza meruloides,Cryptic Antthrush,LC
22703225,58290,Ground-antbirds,Chamaeza ruficauda,Rufous-tailed Antthrush,LC
22703228,58300,Ground-antbirds,Chamaeza mollissima,Barred Antthrush,LC
22702972,58340,Ovenbirds,Sclerurus caudacutus,Black-tailed Leaftosser,LC
22702003,58450,Ovenbirds,Geositta rufipennis,Rufous-banded Miner,LC
22701984,58460,Ovenbirds,Geositta maritima,Greyish Miner,LC
22703032,58500,Ovenbirds,Certhiasomus stictolaemus,Spot-throated Woodcreeper,LC
22703052,58660,Ovenbirds,Dendrexetastes rufigula,Cinnamon-throated Woodcreeper,LC
22703085,58710,Ovenbirds,Dendrocolaptes hoffmannsi,Hoffmanns's Woodcreeper,LC
103669815,58910,Ovenbirds,Xiphorhynchus atlanticus,Atlantic Woodcreeper,VU
22729055,58990,Ovenbirds,Xiphorhynchus susurrans,Cocoa Woodcreeper,LC
103670045,59000,Ovenbirds,Xiphorhynchus guttatus,Buff-throated Woodcreeper,LC
22703136,59020,Ovenbirds,Xiphorhynchus flavigaster,Ivory-billed Woodcreeper,LC
103670275,59050,Ovenbirds,Xiphorhynchus aequatorialis,Southern Spotted Woodcreeper,LC
22703185,59180,Ovenbirds,Campylorhamphus trochilirostris,Red-billed Scythebill,LC
103670382,59210,Ovenbirds,Campylorhamphus multostriatus,Xingu Scythebill,NT
103670702,59290,Ovenbirds,Lepidocolaptes fatimalimae,Inambari Woodcreeper,LC
22733748,59320,Ovenbirds,Lepidocolaptes falcinellus,Scalloped Woodcreeper,LC
22702304,62200,Ovenbirds,Synallaxis spixi,Spix's Spinetail,LC
22702311,62210,Ovenbirds,Synallaxis albigularis,Dark-breasted Spinetail,LC
22701173,62320,Manakins,Neopelma chrysocephalum,Saffron-crested Tyrant-manakin,LC
22724481,62340,Manakins,Neopelma chrysolophum,Serra do Mar Tyrant-manakin,LC
22700991,62480,Manakins,Pipra filicauda,Wire-tailed Manakin,LC
22700985,62490,Manakins,Pipra aureola,Crimson-hooded Manakin,LC
22701122,62510,Manakins,Machaeropterus deliciosus,Club-winged Manakin,LC
103676093,62530,Manakins,Machaeropterus regulus,Kinglet Manakin,LC
22701006,62580,Manakins,Ceratopipra cornuta,Scarlet-horned Manakin,LC
22700997,62600,Manakins,Ceratopipra erythrocephala,Golden-headed Manakin,LC
22701020,62680,Manakins,Lepidothrix suavissima,Orange-bellied Manakin,LC
22701012,62700,Manakins,Lepidothrix coronata,Blue-crowned Manakin,LC
22701040,62720,Manakins,Lepidothrix vilasboasi,Golden-crowned Manakin,LC
22701033,62730,Manakins,Lepidothrix iris,Opal-crowned Manakin,VU
22701093,62790,Manakins,Corapipo gutturalis,White-throated Manakin,LC
22701068,62830,Manakins,Antilophia galeata,Helmeted Manakin,LC
22701080,62870,Manakins,Chiroxiphia boliviana,Yungas Manakin,LC
103676613,62920,Cotingas,Pipreola frontalis,Scarlet-breasted Fruiteater,LC
22700791,62980,Cotingas,Pipreola aureopectus,Golden-breasted Fruiteater,LC
22700785,63000,Cotingas,Pipreola intermedia,Band-tailed Fruiteater,LC
22700725,63050,Cotingas,Carpornis cucullata,Hooded Berryeater,LC
22700700,63090,Cotingas,Phoenicircus carnifex,Guianan Red Cotinga,LC
22700773,63110,Cotingas,Zaratornis stresemanni,White-cheeked Cotinga,NT
22700767,63140,Cotingas,Phytotoma rutila,White-tipped Plantcutter,LC
22700928,63240,Cotingas,Pyroderus scutatus,Red-ruffed Fruitcrow,LC
22700940,63280,Cotingas,Cephalopterus ornatus,Amazonian Umbrellabird,LC
22700859,63300,Cotingas,Lipaugus unirufus,Rufous Piha,LC
22700721,63320,Cotingas,Lipaugus conditus,Grey-winged Cotinga,VU
22700862,63330,Cotingas,Lipaugus lanioides,Cinnamon-vented Piha,LC
22700844,63370,Cotingas,Lipaugus fuscocinereus,Dusky Piha,LC
22700891,63440,Cotingas,Cotinga cayana,Spangled Cotinga,LC
22700913,63510,Cotingas,Conioptilon mcilhennyi,Black-faced Cotinga,LC
22700910,63560,Cotingas,Carpodectes hopkei,Black-tipped Cotinga,LC
22698964,65240,Tyrant-flycatchers,Hemitriccus furcatus,Fork-tailed Tody-tyrant,LC
22698844,65280,Tyrant-flycatchers,Poecilotriccus albifacies,White-cheeked Tody-flycatcher,LC
22698979,65310,Tyrant-flycatchers,Poecilotriccus russatus,Ruddy Tody-flycatcher,LC
22698986,65320,Tyrant-flycatchers,Poecilotriccus plumbeiceps,Ochre-faced Tody-flycatcher,LC
22699007,65350,Tyrant-flycatchers,Poecilotriccus sylvia,Slate-headed Tody-flycatcher,LC
22699039,65430,Tyrant-flycatchers,Todirostrum pictum,Painted Tody-flycatcher,LC
22699043,65440,Tyrant-flycatchers,Todirostrum chrysocrotaphum,Yellow-browed Tody-flycatcher,LC
22699696,65500,Tyrant-flycatchers,Nephelomyias ochraceiventris,Ochraceous-breasted Flycatcher,LC
22699738,65530,Tyrant-flycatchers,Hirundinea ferruginea,Cliff Flycatcher,LC
103680835,65590,Tyrant-flycatchers,Zimmerius parvus,Mistletoe Tyrannulet,LC
22699156,65640,Tyrant-flycatchers,Zimmerius viridiflavus,Peruvian Tyrannulet,LC
22699346,65760,Tyrant-flycatchers,Inezia tenuirostris,Slender-billed Tyrannulet,LC
103681055,65810,Tyrant-flycatchers,Euscarthmus meloryphus,Tawny-crowned Pygmy-tyrant,LC
22699163,65850,Tyrant-flycatchers,Ornithion semiflavum,Yellow-bellied Tyrannulet,LC
22699160,65870,Tyrant-flycatchers,Ornithion inerme,White-lored Tyrannulet,LC
22699262,65970,Tyrant-flycatchers,Elaenia flavogaster,Yellow-bellied Elaenia,LC
22699259,66090,Tyrant-flycatchers,Elaenia martinica,Caribbean Elaenia,LC
103681536,66170,Tyrant-flycatchers,Myiopagis caniceps,Atlantic Grey Elaenia,LC
22699107,66400,Tyrant-flycatchers,Phyllomyias griseiceps,Sooty-headed Tyrannulet,LC
103681893,66490,Tyrant-flycatchers,Phaeomyias murina,Mouse-colored Tyrannulet,LC
22699322,66570,Tyrant-flycatchers,Mecocerculus calopterus,Rufous-winged Tyrannulet,LC
22699383,66610,Tyrant-flycatchers,Anairetes alpinus,Ash-breasted Tit-tyrant,VU
22699401,66640,Tyrant-flycatchers,Anairetes fernandezianus,Juan Fernandez Tit-tyrant,EN
22699420,66650,Tyrant-flycatchers,Polystictus pectoralis,Bearded Tachuri,NT
22699415,66670,Tyrant-flycatchers,Culicivora caudacuta,Sharp-tailed Tyrant,LC
22700343,68370,Tyrant-flycatchers,Attila citriniventris,Citron-bellied Attila,LC
22700464,68420,Tyrant-flycatchers,Ramphotrigon megacephalum,Large-headed Flatbill,LC
22700473,68440,Tyrant-flycatchers,Ramphotrigon fuscicauda,Dusky-tailed Flatbill,LC
22700461,68450,Tyrant-flycatchers,Deltarhynchus flammulatus,Flammulated Flycatcher,LC
22700599,68470,Tyrant-flycatchers,Philohydor lictor,Lesser Kiskadee,LC
22700530,68490,Tyrant-flycatchers,Tyrannopsis sulphurea,Sulphury Flycatcher,LC
22700586,68610,Tyrant-flycatchers,Myiozetetes similis,Social Flycatcher,LC
22700593,68630,Tyrant-flycatchers,Myiozetetes luteiventris,Dusky-chested Flycatcher,LC
22700402,68960,Tyrant-flycatchers,Myiarchus barbirostris,Sad Flycatcher,LC
22700399,68970,Tyrant-flycatchers,Myiarchus tuberculifer,Dusky-capped Flycatcher,LC
22700458,69070,Tyrant-flycatchers,Myiarchus oberi,Lesser Antillean Flycatcher,LC
22700442,69150,Tyrant-flycatchers,Myiarchus magnirostris,Galapagos Flycatcher,LC
22703608,69180,Scrub-birds,Atrichornis rufescens,Rufous Scrub-bird,EN
22703618,69200,Bowerbirds,Ailuroedus buccoides,White-eared Catbird,LC
22703621,69210,Bowerbirds,Ailuroedus melanotis,Black-eared Catbird,LC
22703654,69280,Bowerbirds,Amblyornis subalaris,Streaked Bowerbird,LC
22703644,69290,Bowerbirds,Amblyornis inornata,Vogelkop Bowerbird,LC
22703557,69440,Australasian Treecreepers,Cormobates placens,Papuan Treecreeper,LC
22703591,69470,Australasian Treecreepers,Climacteris rufus,Rufous Treecreeper,LC
22703765,69530,Fairy-wrens,Malurus cyanocephalus,Emperor Fairywren,LC
22703760,69540,Fairy-wrens,Malurus coronatus,Purple-crowned Fairywren,LC
22703736,69600,Fairy-wrens,Malurus cyaneus,Superb Fairywren,LC
22703728,69630,Fairy-wrens,Malurus melanocephalus,Red-backed Fairywren,LC
22703772,69680,Fairy-wrens,Stipiturus malachurus,Southern Emu-wren,LC
22703768,69700,Fairy-wrens,Stipiturus ruficeps,Rufous-crowned Emu-wren,LC
22703783,69720,Fairy-wrens,Amytornis woodwardi,White-throated Grasswren,EN
22704487,71300,Honeyeaters,Ashbyia lovensis,Gibberbird,LC
22703934,71350,Honeyeaters,Melilestes megarhynchus,Long-billed Honeyeater,LC
22703931,71360,Honeyeaters,Timeliopsis griseigula,Tawny Straightbill,LC
103688019,71400,Honeyeaters,Melipotes fumigatus,Smoky Honeyeater,LC
22735330,71410,Honeyeaters,Melipotes carolae,Foja Honeyeater,LC
22704304,71420,Honeyeaters,Melipotes ater,Spangled Honeyeater,LC
22704010,71460,Honeyeaters,Meliphaga notata,Yellow-spotted Honeyeater,LC
22703990,71500,Honeyeaters,Microptilotis orientalis,Hill-forest Honeyeater,LC
22704469,71730,Honeyeaters,Anthochaera paradoxa,Yellow Wattlebird,LC
22704088,71810,Honeyeaters,Ptilotula fusca,Fuscous Honeyeater,LC
22704372,71840,Honeyeaters,Purnella albifrons,White-fronted Honeyeater,LC
22704441,71920,Honeyeaters,Manorina melanotis,Black-eared Miner,EN
22704252,71950,Honeyeaters,Melionyx fuscus,Sooty Honeyeater,LC
22704520,72090,Thornbills,Oreoscopus gutturalis,Fernwren,EN
22704680,72120,Thornbills,Gerygone palpebrosa,Fairy Gerygone,LC
22704702,72200,Thornbills,Gerygone tenebrosa,Dusky Gerygone,LC
22704724,72240,Thornbills,Gerygone insularis,Lord Howe Gerygone,EX
22704718,72280,Thornbills,Gerygone levigaster,Mangrove Gerygone,LC
22704513,72330,Thornbills,Pycnoptilus floccosus,Pilotbird,VU
22728490,72350,Thornbills,Pyrrholaemus sagittatus,Speckled Warbler,LC
22704614,72370,Thornbills,Hylacola cauta,Shy Heathwren,LC
22704600,72380,Thornbills,Calamanthus fuliginosus,Striated Fieldwren,LC
103691268,72400,Thornbills,Calamanthus campestris,Rufous Fieldwren,LC
22704527,72460,Thornbills,Aethomyias nigrorufus,Bicoloured Scrubwren,LC
22704570,72500,Thornbills,Aethomyias rufescens,Vogelkop Scrubwren,LC
22704539,72540,Thornbills,Sericornis frontalis,White-browed Scrubwren,LC
22704585,72610,Thornbills,Acanthornis magna,Scrubtit,LC
22704665,72650,Thornbills,Acanthiza cinerea,Grey Thornbill,LC
22704653,72680,Thornbills,Acanthiza nana,Yellow Thornbill,LC
22705522,74150,Whistlers,Pachycephala aurea,Golden-backed Whistler,LC
22705579,74200,Whistlers,Pseudorectes incertus,White-bellied Pitohui,LC
22705543,74210,Whistlers,Colluricincla tenebrosa,Sooty Shrike-thrush,LC
22705124,74400,Vireos,Cyclarhis gujanensis,Rufous-browed Peppershrike,LC
22705276,74420,Vireos,Hylophilus amaurocephalus,Grey-eyed Greenlet,LC
103693800,74620,Vireos,Tunchiornis luteifrons,Olive-crowned Greenlet,LC
22731796,74790,Vireos,Vireo chivi,Chivi Vireo,LC
22705251,74810,Vireos,Vireo gracilirostris,Noronha Vireo,VU
22705146,74860,Vireos,Vireo masteri,Choco Vireo,NT
103694119,75110,Cuckooshrikes,Pericrocotus solaris,Grey-chinned Minivet,LC
22706760,75140,Cuckooshrikes,Pericrocotus brevirostris,Short-billed Minivet,LC
22706735,75180,Cuckooshrikes,Pericrocotus divaricatus,Ashy Minivet,LC
22706738,75190,Cuckooshrikes,Pericrocotus tegimae,Ryukyu Minivet,LC
22706728,75210,Cuckooshrikes,Pericrocotus roseus,Rosy Minivet,LC
22706508,75270,Cuckooshrikes,Coracina bicolor,Pied Cuckooshrike,NT
103694198,75360,Cuckooshrikes,Coracina striata,Bar-bellied Cuckooshrike,LC
183446899,75380,Cuckooshrikes,Coracina javensis,Large Cuckooshrike,LC
103694489,75510,Cuckooshrikes,Ceblepyris cucullatus,Comoro Cuckooshrike,EN
22706695,75570,Cuckooshrikes,Campephaga flava,Black Cuckooshrike,LC
22707741,77430,Bush-shrikes,Malaconotus monteiri,Monteiro's Bushshrike,NT
22707468,77510,Bush-shrikes,Dryoscopus senegalensis,Red-eyed Puffback,LC
22707482,77550,Bush-shrikes,Bocagia minuta,Marsh Tchagra,LC
22707451,77620,Bush-shrikes,Nilaus afer,Brubru,LC
22707672,77650,Bush-shrikes,Chlorophoneus nigrifrons,Black-fronted Bushshrike,LC
22707524,77740,Bush-shrikes,Laniarius luehderi,Lühder's Bushshrike,LC
22707629,77970,Bush-shrikes,Telophorus zeylonus,Bokmakierie,LC
103707122,77990,Bush-shrikes,Telophorus viridis,Gorgeous Bushshrike,LC
22707085,78050,Silktails,Eutrichomyias rowleyi,Cerulean Flycatcher,CR
103707823,78080,Fantails,Rhipidura cyaniceps,Blue-headed Fantail,LC
103708785,78170,Fantails,Rhipidura rufiventris,Timor Fantail,LC
103708881,78180,Fantails,Rhipidura hoedti,Banda Fantail,LC
103709130,78200,Fantails,Rhipidura obiensis,Obi Fantail,LC
103709025,78240,Fantails,Rhipidura isura,Northern Fantail,LC
22706805,78310,Fantails,Rhipidura leucophrys,Willie Wagtail,LC
103709500,78320,Fantails,Rhipidura javanica,Sunda Pied Fantail,LC
103709613,78350,Fantails,Rhipidura albogularis,White-spotted Fantail,LC
22706903,78400,Fantails,Rhipidura dahli,Bismarck Fantail,LC
22706906,78410,Fantails,Rhipidura matthiae,Mussau Fantail,NT
103710780,78580,Fantails,Rhipidura spilodera,Vanuatu Streaked Fantail,LC
22706861,78610,Fantails,Rhipidura tenebrosa,Dusky Fantail,NT
22735714,78660,Fantails,Rhipidura albiscapa,Grey Fantail,LC
22706943,78850,Drongos,Dicrurus aldabranus,Aldabra Drongo,NT
22706967,78900,Drongos,Dicrurus caerulescens,White-bellied Drongo,LC
22704998,80520,Shrikes,Lanius bucephalus,Bull-headed Shrike,LC
22705014,80570,Shrikes,Lanius collurioides,Burmese Shrike,LC
22705032,80610,Shrikes,Lanius tephronotus,Grey-backed Shrike,LC
22705035,80620,Shrikes,Lanius validirostris,Mountain Shrike,LC
22705070,80630,Shrikes,Lanius mackinnoni,Mackinnon's Shrike,LC
22705038,80640,Shrikes,Lanius minor,Lesser Grey Shrike,LC
22730635,80770,Shrikes,Lanius collaris,Common Fiscal,LC
22705855,80920,Crows and jays,Crypsirina temia,Racquet-tailed Treepie,LC
22705813,81120,Crows and jays,Cissa hypoleuca,Indochinese Green Magpie,LC
22705775,81170,Crows and jays,Perisoreus infaustus,Siberian Jay,LC
22705778,81180,Crows and jays,Perisoreus internigrans,Sichuan Jay,NT
103721987,81200,Crows and jays,Cyanopica cyanus,Asian Azure-winged Magpie,LC
22705877,81280,Crows and jays,Zavattariornis stresemanni,Ethiopian Bushcrow,EN
22705888,81310,Crows and jays,Podoces biddulphi,Xinjiang Ground-jay,NT
22705874,81380,Crows and jays,Pica nutalli,Yellow-billed Magpie,VU
22705909,81400,Crows and jays,Nucifraga columbiana,Clark's Nutcracker,LC
103727252,81410,Crows and jays,Nucifraga caryocatactes,Northern Nutcracker,LC
103727455,81430,Crows and jays,Nucifraga multipunctata,Large-spotted Nutcracker,LC
22706010,81470,Crows and jays,Corvus nasicus,Cuban Crow,LC
22731517,81540,Crows and jays,Corvus palmarum,Palm Crow,LC
22706055,81600,Crows and jays,Corvus cryptoleucus,Chihuahuan Raven,LC
22705986,81660,Crows and jays,Corvus caurinus,Northwestern Crow,LC
22706016,81670,Crows and jays,Corvus corone,Carrion Crow,LC
22705956,81690,Crows and jays,Corvus florensis,Flores Crow,NT
22705950,81700,Crows and jays,Corvus typicus,Piping Crow,LC
22705969,81770,Crows and jays,Corvus woodfordi,White-billed Crow,LC
22706036,81830,Crows and jays,Corvus mellori,Little Raven,LC
22705669,82010,Crows and jays,Cyanolyca pumilo,Black-throated Jay,LC
103727626,82060,Crows and jays,Cyanolyca armillata,Black-collared Jay,LC
22705608,82100,Crows and jays,Gymnorhinus cyanocephalus,Pinyon Jay,VU
22705629,82140,Crows and jays,Aphelocoma coerulescens,Florida Scrub-jay,VU
22705611,82190,Crows and jays,Cyanocitta cristata,Blue Jay,LC
22704860,83780,Australasian robins,Quoyornis georgianus,White-breasted Robin,LC
22704896,83850,Australasian robins,Peneothello cyanus,Blue-grey Robin,LC
22715457,83890,Hyliotas,Hyliota usambara,Usambara Hyliota,EN
22707034,83970,Fairy Flycatcher and allies,Elminia nigromitrata,Dusky Crested-flycatcher,LC
22711685,84020,Tits and chickadees,Cephalopyrus flammiceps,Fire-capped Tit,LC
22711800,84060,Tits and chickadees,Pardaliparus elegans,Elegant Tit,LC
22729143,84140,Tits and chickadees,Baeolophus ridgwayi,Juniper Titmouse,LC
22735995,84280,Tits and chickadees,Poecile palustris,Marsh Tit,LC
22711919,84460,Tits and chickadees,Parus monticolus,Green-backed Tit,LC
22735990,84470,Tits and chickadees,Parus major,Great Tit,LC
22711929,84660,Tits and chickadees,Machlolophus xanthogenys,Black-lored Tit,LC
22711934,84670,Tits and chickadees,Machlolophus spilonotus,Yellow-cheeked Tit,LC
22711839,84700,Tits and chickadees,Melaniparus albiventris,White-bellied Tit,LC
22711852,84750,Tits and chickadees,Melaniparus funereus,Dusky Tit,LC
22711845,84800,Tits and chickadees,Melaniparus leuconotus,White-backed Black Tit,LC
22711625,84870,Penduline-tits,Remiz coronatus,White-crowned Penduline-tit,LC
22717258,85050,Larks,Ammomanopsis grayi,Gray's Lark,LC
22735878,85080,Larks,Certhilauda curvirostris,Cape Long-billed Lark,LC
22717133,85180,Larks,Pinarocorys erythropygia,Rufous-rumped Lark,LC
22717275,85190,Larks,Ramphocoris clotbey,Thick-billed Lark,LC
22717222,85250,Larks,Eremopterix nigriceps,Black-crowned Sparrow-lark,LC
22713688,86790,Cisticolas and allies,Urolais epichlorus,Green Longtail,LC
22713719,86880,Cisticolas and allies,Apalis fuscigularis,Taita Apalis,CR
22713724,86900,Cisticolas and allies,Apalis lynesi,Namuli Apalis,EN
22713733,86970,Cisticolas and allies,Apalis jacksoni,Black-throated Apalis,LC
22713729,86990,Cisticolas and allies,Apalis nigriceps,Black-capped Apalis,LC
22713779,87070,Cisticolas and allies,Apalis argentea,Kungwe Apalis,LC
277302144,87090,Cisticolas and allies,Apalis stronachi,Maasai Apalis,VU
22713788,87100,Cisticolas and allies,Apalis bamendae,Bamenda Apalis,LC
22713890,87290,Cisticolas and allies,Calamonastes fasciolatus,Barred Wren-warbler,LC
103774800,87350,Cisticolas and allies,Camaroptera chloronota,Olive-green Camaroptera,LC
103774831,87360,Cisticolas and allies,Camaroptera toroensis,Tawny-breasted Camaroptera,LC
22713680,87490,Cisticolas and allies,Malcorus pectoralis,Rufous-eared Warbler,LC
22713268,87520,Cisticolas and allies,Cisticola erythrops,Red-faced Cisticola,LC
22713279,87530,Cisticolas and allies,Cisticola cantans,Singing Cisticola,LC
22713295,87570,Cisticolas and allies,Cisticola bulliens,Bubbling Cisticola,LC
22713394,87680,Cisticolas and allies,Cisticola restrictus,Tana River Cisticola,DD
103776144,87750,Cisticolas and allies,Cisticola haematocephalus,Coastal Cisticola,LC
22713415,87790,Cisticolas and allies,Cisticola carruthersi,Carruthers's Cisticola,LC
22713440,87830,Cisticolas and allies,Cisticola natalensis,Croaking Cisticola,LC
22713344,87840,Cisticolas and allies,Cisticola ruficeps,Red-pate Cisticola,LC
22713355,87850,Cisticolas and allies,Cisticola guinea,Dorst's Cisticola,LC
22713474,87870,Cisticolas and allies,Cisticola brachypterus,Short-winged Cisticola,LC
22713479,87880,Cisticolas and allies,Cisticola rufus,Rufous Cisticola,LC
22713444,87900,Cisticolas and allies,Cisticola fulvicapilla,Neddicky,LC
22713453,87910,Cisticolas and allies,Cisticola angusticauda,Tabora Cisticola,LC
22713491,87930,Cisticolas and allies,Cisticola juncidis,Zitting Cisticola,LC
22713500,87940,Cisticolas and allies,Cisticola haesitatus,Socotra Cisticola,LC
22713544,88030,Cisticolas and allies,Cisticola exilis,Golden-headed Cisticola,LC
103777078,88260,Cisticolas and allies,Prinia khasiana,Rufous-crowned Prinia,LC
22713578,88280,Cisticolas and allies,Prinia cinereocapilla,Grey-crowned Prinia,VU
103795069,90030,Grasshopper-warblers and grassbirds,Cincloramphus timoriensis,Tawny Grassbird,LC
219592393,90230,Grasshopper-warblers and grassbirds,Bradypterus baboecala,Little Rush-warbler,LC
22711273,90370,Donacobius,Donacobius atricapilla,Donacobius,LC
22712995,90420,Tetrakas,Xanthomixis zosterops,Spectacled Tetraka,NT
22713039,90440,Tetrakas,Xanthomixis cinereiceps,Grey-crowned Tetraka,NT
22712036,90490,Swallows and martins,Pseudochelidon eurystomina,African River Martin,LC
22712209,90520,Swallows and martins,Pseudhirundo griseopyga,Grey-rumped Swallow,LC
22712504,90530,Swallows and martins,Psalidoprocne nitens,Square-tailed Saw-wing,LC
22712540,90560,Swallows and martins,Psalidoprocne pristoptera,Black Saw-wing,LC
22712390,90740,Swallows and martins,Petrochelidon perdita,Red Sea Swallow,DD
22712458,90760,Swallows and martins,Petrochelidon fluvicola,Streak-throated Swallow,LC
22712435,90800,Swallows and martins,Petrochelidon fulva,Cave Swallow,LC
103812653,90870,Swallows and martins,Cecropis hyperythra,Sri Lanka Swallow,LC
22712312,90890,Swallows and martins,Hirundo nigrorufa,Black-and-rufous Swallow,LC
22712318,90900,Swallows and martins,Hirundo atrocaerulea,Blue Swallow,EN
22712299,90950,Swallows and martins,Hirundo smithii,Wire-tailed Swallow,LC
22712305,90960,Swallows and martins,Hirundo nigrita,White-bibbed Swallow,LC
22712330,91020,Swallows and martins,Hirundo megaensis,White-tailed Swallow,VU
22712336,91030,Swallows and martins,Hirundo dimidiata,Pearl-breasted Swallow,LC
22712216,91130,Swallows and martins,Ptyonoprogne rupestris,Eurasian Crag Martin,LC
22712189,91250,Swallows and martins,Riparia congica,Congo Sand Martin,LC
103826116,93070,Bulbuls,Rubigula gularis,Flame-throated Bulbul,LC
103827052,93090,Bulbuls,Rubigula dispar,Ruby-throated Bulbul,VU
22712631,93120,Bulbuls,Ixidia cyaniventris,Grey-bellied Bulbul,NT
22712634,93160,Bulbuls,Pycnonotus jocosus,Red-whiskered Bulbul,LC
22712640,93170,Bulbuls,Pycnonotus xanthorrhous,Brown-breasted Bulbul,LC
22712646,93190,Bulbuls,Pycnonotus taivanus,Styan's Bulbul,VU
22712699,93230,Bulbuls,Pycnonotus aurigaster,Sooty-headed Bulbul,LC
22712677,93260,Bulbuls,Pycnonotus capensis,Cape Bulbul,LC
103831996,93290,Bulbuls,Pycnonotus snouckaerti,Aceh Bulbul,EN
103828414,93300,Bulbuls,Pycnonotus bimaculatus,Orange-spotted Bulbul,NT
22712722,93340,Bulbuls,Pycnonotus penicillatus,Yellow-eared Bulbul,LC
22712737,93410,Bulbuls,Pycnonotus blanfordi,Streak-eared Bulbul,LC
155218901,93420,Bulbuls,Pycnonotus simplex,Cream-vented Bulbul,LC
22735824,93550,Bulbuls,Nok hualon,Bare-faced Bulbul,LC
22729514,93700,Leaf-warblers,Phylloscopus humei,Hume's Leaf-warbler,LC
22734370,93710,Leaf-warblers,Phylloscopus chloronotus,Lemon-rumped Leaf-warbler,LC
22715290,93760,Leaf-warblers,Phylloscopus maculipennis,Ashy-throated Warbler,LC
22729520,93810,Leaf-warblers,Phylloscopus ibericus,Iberian Chiffchaff,LC
22715278,93880,Leaf-warblers,Phylloscopus griseolus,Sulphur-bellied Warbler,LC
22715433,93930,Leaf-warblers,Phylloscopus poliogenys,Grey-cheeked Warbler,LC
22715348,94020,Leaf-warblers,Phylloscopus coronatus,Eastern Crowned Warbler,LC
22715200,94080,Leaf-warblers,Phylloscopus laurae,Laura's Woodland-warbler,LC
22715436,94100,Leaf-warblers,Phylloscopus castaniceps,Chestnut-crowned Warbler,LC
22724433,94140,Leaf-warblers,Phylloscopus emeiensis,Emei Leaf-warbler,LC
103845399,94160,Leaf-warblers,Phylloscopus trochiloides,Greenish Warbler,LC
103845702,94170,Leaf-warblers,Phylloscopus plumbeitarsus,Two-barred Warbler,LC
103845868,94190,Leaf-warblers,Phylloscopus examinandus,Kamchatka Leaf-warbler,LC
22735629,94200,Leaf-warblers,Phylloscopus xanthodryas,Japanese Leaf-warbler,LC
22715329,94210,Leaf-warblers,Phylloscopus borealoides,Sakhalin Leaf-warbler,LC
103845991,94240,Leaf-warblers,Phylloscopus calciatilis,Limestone Leaf-warbler,LC
22715385,94310,Leaf-warblers,Phylloscopus trivirgatus,Mountain Warbler,LC
103866004,94340,Leaf-warblers,Phylloscopus poliocephalus,Island Leaf-warbler,LC
155223332,94370,Leaf-warblers,Phylloscopus presbytes,Timor Leaf-warbler,LC
22715423,94410,Leaf-warblers,Phylloscopus xanthoschistos,Grey-hooded Warbler,LC
22716725,96050,White-eyes and Yuhinas,Staphida everetti,Chestnut-crested Yuhina,LC
22734563,96170,White-eyes and Yuhinas,Dasycrotapha pygmaea,Visayan Pygmy Babbler,NT
22735157,96180,White-eyes and Yuhinas,Dasycrotapha plateni,Mindanao Pygmy Babbler,NT
22716204,96200,White-eyes and Yuhinas,Sterrhoptilus nigrocapitatus,Black-crowned Babbler,LC
22716227,96230,White-eyes and Yuhinas,Zosterornis striatus,Luzon Striped Babbler,LC
22716224,96260,White-eyes and Yuhinas,Zosterornis whiteheadi,Chestnut-faced Babbler,LC
22714115,96290,White-eyes and Yuhinas,Heleia wallacei,Yellow-spectacled White-eye,LC
22714299,96330,White-eyes and Yuhinas,Heleia squamiceps,Streak-headed White-eye,LC
22714303,96340,White-eyes and Yuhinas,Heleia goodfellowi,Mindanao White-eye,LC
22714315,96370,White-eyes and Yuhinas,Heleia dohertyi,Crested White-eye,LC
22714332,96490,White-eyes and Yuhinas,Zosterops emiliae,Mountain Black-eye,LC
155179593,96500,White-eyes and Yuhinas,Zosterops everetti,Everett's White-eye,LC
22714037,96510,White-eyes and Yuhinas,Zosterops meyeni,Lowland White-eye,LC
155155950,96530,White-eyes and Yuhinas,Zosterops palpebrosus,Indian White-eye,LC
103891813,96640,White-eyes and Yuhinas,Zosterops kaffensis,Kafa White-eye,LC
22713919,96720,White-eyes and Yuhinas,Zosterops leucophaeus,Principe Speirops,LC
22713934,96770,White-eyes and Yuhinas,Zosterops senegalensis,African Yellow White-eye,LC
103889606,96780,White-eyes and Yuhinas,Zosterops virens,Cape White-eye,LC
22713939,96790,White-eyes and Yuhinas,Zosterops vaughani,Pemba White-eye,LC
103889885,96840,White-eyes and Yuhinas,Zosterops kirki,Kirk's White-eye,LC
155164575,97000,White-eyes and Yuhinas,Zosterops citrinella,Ashy-bellied White-eye,LC
22714242,97060,White-eyes and Yuhinas,Zosterops flavifrons,Vanuatu White-eye,LC
103891968,97120,White-eyes and Yuhinas,Zosterops minor,Green-fronted White-eye,LC
103891950,97150,White-eyes and Yuhinas,Zosterops chrysolaemus,Black-fronted White-eye,LC
22714261,97180,White-eyes and Yuhinas,Zosterops finschii,Dusky White-eye,LC
22714180,97300,White-eyes and Yuhinas,Zosterops splendidus,Ranongga White-eye,LC
232637243,97310,White-eyes and Yuhinas,Zosterops kulambangrae,Solomons White-eye,LC
22714078,97360,White-eyes and Yuhinas,Zosterops natalis,Christmas Island White-eye,LC
22714056,97380,White-eyes and Yuhinas,Zosterops semperi,Citrine White-eye,LC
103889155,97390,White-eyes and Yuhinas,Zosterops conspicillatus,Bridled White-eye,EX
22714053,97400,White-eyes and Yuhinas,Zosterops hypolais,Yap Plain White-eye,NT
22714258,97430,White-eyes and Yuhinas,Zosterops samoensis,Samoan White-eye,NT
22714254,97460,White-eyes and Yuhinas,Zosterops minutus,Small Lifou White-eye,LC
22714246,97470,White-eyes and Yuhinas,Zosterops xanthochroa,Green-backed White-eye,LC
22710817,103640,Starlings,Lamprotornis regius,Golden-breasted Starling,LC
22710813,103680,Starlings,Lamprotornis albicapillus,White-crowned Starling,LC
22710710,103700,Starlings,Lamprotornis acuticaudus,Sharp-tailed Starling,LC
106005777,103710,Starlings,Lamprotornis chloropterus,Lesser Blue-eared Starling,LC
22710642,103760,Starlings,Lamprotornis iris,Emerald Starling,LC
22710825,103800,Starlings,Hartlaubius auratus,Madagascar Starling,LC
22710791,103810,Starlings,Cinnyricinclus leucogaster,Violet-backed Starling,LC
22710958,103900,Starlings,Basilornis celebensis,Sulawesi Myna,LC
22710961,103910,Starlings,Basilornis galeatus,Helmeted Myna,NT
22710965,103920,Starlings,Basilornis corythaix,Long-crested Myna,LC
103878446,103950,Starlings,Streptocitta albicollis,Southern White-necked Myna,LC
103878667,104000,Starlings,Mino kreffti,Long-tailed Myna,LC
103878766,104040,Starlings,Gracula indica,Southern Hill Myna,LC
22711001,104110,Starlings,Scissirostrum dubium,Grosbeak Starling,LC
181772488,104130,Starlings,Aplonis circumscripta,Purple-chinned Starling,NT
22710525,104150,Starlings,Aplonis cantoroides,Singing Starling,LC
22710565,104200,Starlings,Aplonis brunneicapillus,White-eyed Starling,VU
22710537,104210,Starlings,Aplonis grandis,Brown-winged Starling,LC
22710519,104290,Starlings,Aplonis opaca,Micronesian Starling,LC
22710490,104300,Starlings,Aplonis pelzelni,Pohnpei Starling,CR
22710502,104340,Starlings,Aplonis cinerascens,Rarotonga Starling,NT
22710511,104370,Starlings,Aplonis fusca,Tasman Starling,EX
22711020,104390,Mockingbirds and thrashers,Melanotis caerulescens,Blue Mockingbird,LC
22711140,104440,Mockingbirds and thrashers,Allenia fusca,Scaly-breasted Thrasher,LC
22711130,104460,Mockingbirds and thrashers,Cinclocerthia ruficauda,Brown Trembler,LC
22711084,104560,Mockingbirds and thrashers,Mimus graysoni,Socorro Mockingbird,CR
22711115,104630,Mockingbirds and thrashers,Toxostoma curvirostre,Curve-billed Thrasher,LC
22711111,104690,Mockingbirds and thrashers,Toxostoma cinereum,Grey Thrasher,LC
22711124,104700,Mockingbirds and thrashers,Toxostoma redivivum,California Thrasher,LC
22711127,104710,Mockingbirds and thrashers,Toxostoma crissale,Crissal Thrasher,LC
22711121,104720,Mockingbirds and thrashers,Toxostoma lecontei,LeConte's Thrasher,LC
103878959,104810,Thrushes,Stizorhina fraseri,Rufous Flycatcher-thrush,LC
22708608,104930,Thrushes,Myadestes unicolor,Slate-colored Solitaire,LC
22708339,104970,Thrushes,Zoothera heinrichi,Geomalia,LC
22708532,105020,Thrushes,Zoothera marginata,Dark-sided Thrush,LC
22708496,105070,Thrushes,Zoothera major,Amami Thrush,LC
155657173,105080,Thrushes,Zoothera dauma,Scaly Thrush,LC
22708523,105110,Thrushes,Zoothera margaretae,Makira Thrush,NT
22708512,105120,Thrushes,Zoothera lunulata,Bassian Thrush,LC
103879758,105140,Thrushes,Zoothera talaseae,New Britain Thrush,LC
22708624,105320,Thrushes,Entomodestes coracinus,Black Solitaire,LC
103881133,105340,Thrushes,Cichlopsis chubbi,Chestnut-throated Solitaire,NT
22708391,105390,Thrushes,Ridgwayia pinicola,Aztec Thrush,LC
22708655,105430,Thrushes,Catharus fuscescens,Veery,LC
22708667,105460,Thrushes,Catharus guttatus,Hermit Thrush,LC
22708639,105470,Thrushes,Catharus occidentalis,Russet Nightingale-thrush,LC
22708647,105510,Thrushes,Catharus mexicanus,Black-headed Nightingale-thrush,LC
22708965,105580,Thrushes,Chlamydochaera jefferyi,Fruithunter,LC
22708464,105650,Thrushes,Geokichla guttata,Spotted Ground-thrush,VU
22733666,105760,Thrushes,Geokichla dumasi,Buru Thrush,NT
22708426,105780,Thrushes,Geokichla gurneyi,Orange Ground-thrush,LC
22708433,105790,Thrushes,Geokichla oberlaenderi,Oberländer's Ground-thrush,NT
22730723,105810,Thrushes,Geokichla piaggiae,Abyssinian Ground-thrush,LC
103887388,105900,Thrushes,Psophocichla simensis,Ethiopian Thrush,LC
103888106,106000,Thrushes,Turdus merula,Eurasian Blackbird,LC
22708925,106100,Thrushes,Turdus maculirostris,Ecuadorian Thrush,LC
22708914,106110,Thrushes,Turdus grayi,Clay-colored Thrush,LC
22708748,106180,Thrushes,Turdus bewsheri,Comoro Thrush,NT
103889499,106290,Thrushes,Turdus migratorius,American Robin,LC
103889802,106300,Thrushes,Turdus confinis,San Lucas Robin,LC
22708885,106330,Thrushes,Turdus falcklandii,Austral Thrush,LC
22708872,106360,Thrushes,Turdus olivater,Black-hooded Thrush,LC
103889964,106370,Thrushes,Turdus chiguanco,Chiguanco Thrush,LC
22708848,106390,Thrushes,Turdus fuscater,Great Thrush,LC
22708855,106420,Thrushes,Turdus serranus,Glossy-black Thrush,LC
22708541,106430,Thrushes,Turdus eremita,Tristan Thrush,NT
22708891,106440,Thrushes,Turdus amaurochalinus,Creamy-bellied Thrush,LC
22708832,106510,Thrushes,Turdus aurantius,White-chinned Thrush,LC
22708702,106560,Thrushes,Turdus pelios,African Thrush,LC
22708756,106630,Thrushes,Turdus unicolor,Tickell's Thrush,LC
22708797,106680,Thrushes,Turdus pallidus,Pale Thrush,LC
22708783,106740,Thrushes,Turdus rubrocanus,Chestnut Thrush,LC
22709958,107030,Old World Flycatchers and Chats,Tychaedon coryphoeus,Karoo Scrub-robin,LC
22709949,107080,Old World Flycatchers and Chats,Cercotrichas paena,Kalahari Scrub-robin,LC
22709918,107110,Old World Flycatchers and Chats,Cercotrichas hartlaubi,Brown-backed Scrub-robin,LC
22709927,107120,Old World Flycatchers and Chats,Cercotrichas leucophrys,White-browed Scrub-robin,LC
103894037,107150,Old World Flycatchers and Chats,Copsychus albospecularis,Madagascar Magpie-robin,LC
22709978,107160,Old World Flycatchers and Chats,Copsychus sechellarum,Seychelles Magpie-robin,EN
22710012,107190,Old World Flycatchers and Chats,Copsychus pyrropygus,Rufous-tailed Shama,NT
103894735,107210,Old World Flycatchers and Chats,Copsychus superciliaris,Visayan Shama,LC
22709200,107300,Old World Flycatchers and Chats,Muscicapa griseisticta,Grey-streaked Flycatcher,LC
22709220,107330,Old World Flycatchers and Chats,Muscicapa muttui,Brown-breasted Flycatcher,LC
22709207,107340,Old World Flycatchers and Chats,Muscicapa dauurica,Asian Brown Flycatcher,LC
22709214,107360,Old World Flycatchers and Chats,Muscicapa segregata,Sumba Brown Flycatcher,NT
22709234,107460,Old World Flycatchers and Chats,Myopornis boehmi,Böhm's Flycatcher,LC
22709054,107500,Old World Flycatchers and Chats,Bradornis microrhynchus,African Grey Flycatcher,LC
22709035,107530,Old World Flycatchers and Chats,Agricola pallidus,Pale Flycatcher,LC
22709276,107610,Old World Flycatchers and Chats,Fraseria tessmanni,Tessmann's Flycatcher,LC
22709244,107620,Old World Flycatchers and Chats,Fraseria olivascens,Olivaceous Flycatcher,LC
22709031,107680,Old World Flycatchers and Chats,Empidornis semipartitus,Silverbird,LC
22709061,107690,Old World Flycatchers and Chats,Melaenornis chocolatinus,Abyssinian Slaty-flycatcher,LC
22709067,107710,Old World Flycatchers and Chats,Melaenornis fischeri,White-eyed Slaty-flycatcher,LC
22709095,107730,Old World Flycatchers and Chats,Melaenornis annamarulae,Nimba Flycatcher,VU
22709467,107780,Old World Flycatchers and Chats,Niltava macgrigoriae,Small Niltava,LC
22709476,107790,Old World Flycatchers and Chats,Niltava sumatrana,Rufous-vented Niltava,LC
22709482,108000,Old World Flycatchers and Chats,Eumyias sanfordi,Matinan Warbling-flycatcher,LC
22709147,108050,Old World Flycatchers and Chats,Cyornis olivaceus,Fulvous-chested Jungle-flycatcher,LC
230037720,108080,Old World Flycatchers and Chats,Cyornis colonus,Sula Jungle-flycatcher,NT
230035307,108090,Old World Flycatchers and Chats,Cyornis pelingensis,Banggai Jungle-flycatcher,NT
22709527,108150,Old World Flycatchers and Chats,Cyornis poliogenys,Pale-chinned Flycatcher,LC
22735904,108160,Old World Flycatchers and Chats,Cyornis magnirostris,Large Blue Flycatcher,NT
22709548,108210,Old World Flycatchers and Chats,Cyornis lemprieri,Palawan Blue Flycatcher,NT
22709553,108250,Old World Flycatchers and Chats,Cyornis superbus,Bornean Blue Flycatcher,LC
22709586,108310,Old World Flycatchers and Chats,Cyornis omissus,Sulawesi Blue Flycatcher,LC
22709778,108480,Old World Flycatchers and Chats,Dessonornis archeri,Archer's Robin-chat,LC
22709675,108510,Old World Flycatchers and Chats,Erithacus rubecula,European Robin,LC
22709611,108530,Old World Flycatchers and Chats,Pogonocichla stellata,White-starred Robin,LC
22709004,108600,Old World Flycatchers and Chats,Chamaetylas choloensis,Thyolo Alethe,VU
22709822,108630,Old World Flycatchers and Chats,Cossypha heuglini,White-browed Robin-chat,LC
22709834,108650,Old World Flycatchers and Chats,Cossypha dichroa,Chorister Robin-chat,LC
22709667,108810,Old World Flycatchers and Chats,Sheppardia lowei,Iringa Akalat,NT
22709655,108830,Old World Flycatchers and Chats,Sheppardia gabela,Gabela Akalat,EN
103866352,108940,Old World Flycatchers and Chats,Heinrichia simplex,Minahasa Shortwing,LC
103866611,109060,Old World Flycatchers and Chats,Brachypteryx goodfellowi,Taiwan Shortwing,LC
103866633,109080,Old World Flycatchers and Chats,Brachypteryx erythrogyna,Bornean Shortwing,LC
22709688,109170,Old World Flycatchers and Chats,Larvivora sibilans,Rufous-tailed Robin,LC
22710108,109250,Old World Flycatchers and Chats,Luscinia phaenicuroides,White-bellied Redstart,LC
22709701,109310,Old World Flycatchers and Chats,Calliope calliope,Siberian Rubythroat,LC
22735416,109390,Old World Flycatchers and Chats,Sholicola major,Nilgiri Sholakili,NT
22709753,109450,Old World Flycatchers and Chats,Tarsiger johnstoniae,Collared Bush-robin,LC
22710138,109530,Old World Flycatchers and Chats,Enicurus leschenaulti,White-crowned Forktail,LC
22708292,109570,Old World Flycatchers and Chats,Myophonus blighi,Sri Lanka Whistling-thrush,EN
22733656,109590,Old World Flycatchers and Chats,Myophonus glaucinus,Javan Whistling-thrush,LC
22732973,109610,Old World Flycatchers and Chats,Myophonus borneensis,Bornean Whistling-thrush,LC
22708324,109630,Old World Flycatchers and Chats,Myophonus horsfieldii,Malabar Whistling-thrush,LC
22709325,109670,Old World Flycatchers and Chats,Ficedula zanthopygia,Yellow-rumped Flycatcher,LC
22709409,109730,Old World Flycatchers and Chats,Ficedula tricolor,Slaty-blue Flycatcher,LC
22709337,109760,Old World Flycatchers and Chats,Ficedula strophiata,Rufous-gorgeted Flycatcher,LC
22709412,109770,Old World Flycatchers and Chats,Ficedula sapphira,Sapphire Flycatcher,LC
22717443,111360,Sugarbirds,Promerops gurneyi,Gurney's Sugarbird,NT
103775156,111400,Fairy-bluebirds,Irena puella,Asian Fairy-bluebird,LC
22704936,111420,Fairy-bluebirds,Irena cyanogastra,Philippine Fairy-bluebird,NT
22704950,111450,Leafbirds,Chloropsis sonnerati,Greater Green Leafbird,EN
22717490,111690,Flowerpeckers,Dicaeum vincens,White-throated Flowerpecker,NT
22717469,111700,Flowerpeckers,Dicaeum annae,Golden-rumped Flowerpecker,LC
179385431,111710,Flowerpeckers,Dicaeum dayakorum,Spectacled Flowerpecker,DD
22717478,111730,Flowerpeckers,Dicaeum everetti,Brown-backed Flowerpecker,NT
103776016,111750,Flowerpeckers,Dicaeum anthonyi,Yellow-crowned Flowerpecker,LC
22717522,111840,Flowerpeckers,Dicaeum hypoleucum,Buzzing Flowerpecker,LC
103776128,111870,Flowerpeckers,Dicaeum concolor,Nilgiri Flowerpecker,LC
216915953,111960,Flowerpeckers,Dicaeum rhodopygiale,Flores Flowerpecker,LC
103776669,111970,Flowerpeckers,Dicaeum wilhelminae,Sumba Flowerpecker,LC
22717565,112020,Flowerpeckers,Dicaeum maugei,Red-chested Flowerpecker,LC
22717575,112030,Flowerpeckers,Dicaeum celebicum,Grey-sided Flowerpecker,LC
103776843,112050,Flowerpeckers,Dicaeum ignipectus,Fire-breasted Flowerpecker,LC
103777506,112080,Flowerpeckers,Dicaeum luzoniense,Fire-throated Flowerpecker,LC
22717558,112110,Flowerpeckers,Dicaeum tristrami,Mottled Flowerpecker,LC
22718106,112270,Sunbirds,Arachnothera crassirostris,Thick-billed Spiderhunter,LC
22718109,112280,Sunbirds,Arachnothera robusta,Long-billed Spiderhunter,LC
22718118,112330,Sunbirds,Arachnothera clarae,Naked-faced Spiderhunter,LC
22717645,112560,Sunbirds,Anthreptes neglectus,Uluguru Violet-backed Sunbird,LC
22717683,112580,Sunbirds,Anthreptes seimundi,Little Green Sunbird,LC
22717742,112760,Sunbirds,Cyanomitra bannermani,Bannerman's Sunbird,LC
22719682,117220,Waxbills,Taeniopygia bichenovii,Double-barred Finch,LC
22719725,117310,Waxbills,Erythrura psittacea,Red-throated Parrotfinch,LC
22719744,117370,Waxbills,Chloebia gouldiae,Gouldian Finch,LC
103818583,117410,Whydahs and Indigobirds,Vidua orientalis,Sahel Paradise-whydah,LC
22718187,117670,Old World Sparrows,Passer castanopterus,Somali Sparrow,LC
22718191,117680,Old World Sparrows,Passer cinnamomeus,Russet Sparrow,LC
22736005,117720,Old World Sparrows,Passer motitensis,Great Sparrow,LC
22736000,117730,Old World Sparrows,Passer insularis,Socotra Sparrow,LC
22735599,117740,Old World Sparrows,Passer hemileucus,Abd al Kuri Sparrow,VU
22736010,117760,Old World Sparrows,Passer shelleyi,White Nile Sparrow,LC
22718237,117790,Old World Sparrows,Passer swainsonii,Swainson's Sparrow,LC
22718249,117810,Old World Sparrows,Passer suahelicus,Swahili Sparrow,LC
22718230,117820,Old World Sparrows,Passer griseus,Northern Grey-headed Sparrow,LC
22718255,117830,Old World Sparrows,Passer diffusus,Southern Grey-headed Sparrow,LC
22736020,117840,Old World Sparrows,Passer simplex,Desert Sparrow,LC
22718307,117980,Old World Sparrows,Petronia petronia,Rock Sparrow,LC
22718336,118080,Old World Sparrows,Pyrgilauda ruficollis,Rufous-necked Snowfinch,LC
22718339,118100,Old World Sparrows,Pyrgilauda blanfordi,Plain-backed Snowfinch,LC
22718342,118110,Old World Sparrows,Pyrgilauda theresae,Afghan Snowfinch,LC
22718536,118160,Pipits and Wagtails,Anthus caffer,Bush Pipit,LC
22718546,118180,Pipits and Wagtails,Anthus trivialis,Tree Pipit,LC
22718564,118210,Pipits and Wagtails,Anthus roseatus,Rosy Pipit,LC
22718591,118310,Pipits and Wagtails,Anthus spragueii,Sprague's Pipit,VU
22718597,118320,Pipits and Wagtails,Anthus hellmayri,Hellmayr's Pipit,LC
22718611,118340,Pipits and Wagtails,Anthus nattereri,Ochre-breasted Pipit,VU
22718585,118350,Pipits and Wagtails,Anthus correndera,Correndera Pipit,LC
22718467,118390,Pipits and Wagtails,Anthus hoeschi,Mountain Pipit,NT
22718448,118410,Pipits and Wagtails,Anthus lineiventris,Striped Pipit,LC
103821389,118420,Pipits and Wagtails,Anthus richardi,Richard's Pipit,LC
22718505,118460,Pipits and Wagtails,Anthus godlewskii,Blyth's Pipit,LC
22718508,118480,Pipits and Wagtails,Anthus berthelotii,Berthelot's Pipit,LC
22714290,118690,Pipits and Wagtails,Madanga ruficollis,Madanga,NT
22718436,118770,Pipits and Wagtails,Macronyx sharpei,Sharpe's Longclaw,EN
22718401,118790,Pipits and Wagtails,Tmetothylacus tenellus,Golden Pipit,LC
22718371,118820,Pipits and Wagtails,Motacilla capensis,Cape Wagtail,LC
22722778,119200,Finches,Chlorophonia flavirostris,Yellow-collared Chlorophonia,LC
22722787,119230,Finches,Chlorophonia occipitalis,Blue-crowned Chlorophonia,LC
22722694,119250,Finches,Euphonia jamaica,Jamaican Euphonia,LC
22722706,119290,Finches,Euphonia chlorotica,Purple-throated Euphonia,LC
22722709,119300,Finches,Euphonia trinitatis,Trinidad Euphonia,LC
22722715,119320,Finches,Euphonia saturata,Orange-crowned Euphonia,LC
22722718,119330,Finches,Euphonia finschi,Finsch's Euphonia,LC
22722721,119340,Finches,Euphonia violacea,Violaceous Euphonia,LC
22722741,119390,Finches,Euphonia cyanocephala,Golden-rumped Euphonia,LC
103868399,119400,Finches,Euphonia musica,Hispaniolan Euphonia,LC
103868426,119410,Finches,Euphonia sclateri,Puerto Rican Euphonia,LC
103868436,119420,Finches,Euphonia flavifrons,Lesser Antillean Euphonia,LC
22722757,119470,Finches,Euphonia mesochrysa,Bronze-green Euphonia,LC
22722766,119500,Finches,Euphonia xanthogaster,Orange-bellied Euphonia,LC
22720827,119650,Finches,Paroreomyza maculata,Oahu Alauahio,CR(PE)
22720722,119700,Finches,Telespiza ultima,Nihoa Finch,CR
103823431,119790,Finches,Akialoa lanaiensis,Lanai Akialoa,EX
22720799,119880,Finches,Hemignathus wilsoni,Akiapolaau,EN
22720774,119930,Finches,Magumma parva,Anianiau,EN
22720832,119950,Finches,Loxops caeruleirostris,Akekee,CR
103824084,119970,Finches,Loxops ochraceus,Maui Akepa,EX
22720766,120020,Finches,Chlorodrepanis virens,Hawaii Amakihi,LC
22720844,120050,Finches,Drepanis coccinea,Iiwi,VU
22720635,120120,Finches,Carpodacus sipahi,Scarlet Finch,LC
22720413,121710,Finches,Spinus lawrencei,Lawrence's Goldfinch,LC
22720380,121760,Finches,Spinus crassirostris,Thick-billed Siskin,LC
22720383,121770,Finches,Spinus magellanicus,Hooded Siskin,LC
22720386,121790,Finches,Spinus siemiradzkii,Saffron Siskin,LC
22720392,121810,Finches,Spinus notatus,Black-headed Siskin,LC
22720395,121850,Finches,Spinus barbatus,Black-chinned Siskin,LC
22720872,121950,Old World Buntings,Emberiza lathami,Crested Bunting,LC
22720951,121990,Old World Buntings,Emberiza fucata,Chestnut-eared Bunting,LC
22720912,122060,Old World Buntings,Emberiza cineracea,Cinereous Bunting,NT
22720878,122110,Old World Buntings,Emberiza citrinella,Yellowhammer,LC
22720931,122170,Old World Buntings,Emberiza impetuani,Lark-like Bunting,LC
22720940,122180,Old World Buntings,Emberiza socotrana,Socotra Bunting,NT
22734808,122190,Old World Buntings,Emberiza sahari,House Bunting,LC
22720963,122230,Old World Buntings,Emberiza elegans,Yellow-throated Bunting,LC
103768261,122320,Old World Buntings,Emberiza personata,Masked Bunting,LC
22721003,122370,Old World Buntings,Emberiza variabilis,Grey Bunting,LC
22721179,122440,New World sparrows,Spizella pusilla,Field Sparrow,LC
22734705,122450,New World sparrows,Spizella breweri,Brewer's Sparrow,LC
22721194,122490,New World sparrows,Amphispiza bilineata,Black-throated Sparrow,LC
22721224,122590,New World sparrows,Peucaea ruficauda,Stripe-headed Sparrow,LC
22721401,122680,New World sparrows,Arremonops conirostris,Black-striped Sparrow,LC
22723024,122740,New World sparrows,Oreothraupis arremonops,Tanager Finch,LC
22722162,122750,New World sparrows,Chlorospingus flavopectus,Common Chlorospingus,LC
22721566,122850,New World sparrows,Arremon crassirostris,Sooty-faced Finch,LC
22724899,122920,New World sparrows,Arremon perijanus,Perija Brushfinch,LC
103769530,122930,New World sparrows,Arremon torquatus,White-browed Brushfinch,LC
22721310,123160,New World sparrows,Pipilo erythrophthalmus,Eastern Towhee,LC
103772527,123170,New World sparrows,Pipilo naufragus,Bermuda Towhee,EX
103773992,123230,New World sparrows,Atlapetes meridae,Merida Brushfinch,LC
22729128,124810,New World blackbirds,Icterus abeillei,Black-backed Oriole,LC
22724139,124910,New World blackbirds,Icterus wagleri,Black-vented Oriole,LC
22736369,124960,New World blackbirds,Icterus northropi,Bahama Oriole,EN
22724099,125030,New World blackbirds,Icterus auricapillus,Orange-crowned Oriole,LC
22724163,125130,New World blackbirds,Nesopsar nigerrimus,Jamaican Blackbird,EN
22724345,125220,New World blackbirds,Molothrus bonariensis,Shiny Cowbird,LC
22724317,125340,New World blackbirds,Quiscalus nicaraguensis,Nicaraguan Grackle,LC
22724283,125390,New World blackbirds,Lampropsar tanagrinus,Velvet-fronted Grackle,LC
22724290,125420,New World blackbirds,Macroagelaius subalaris,Mountain Grackle,EN
22724286,125430,New World blackbirds,Macroagelaius imthurni,Golden-tufted Grackle,LC
22724178,125520,New World blackbirds,Agelasticus thilius,Yellow-winged Blackbird,LC
22724212,125560,New World blackbirds,Chrysomus ruficapillus,Chestnut-capped Blackbird,LC
22724673,125570,New World blackbirds,Xanthopsar flavus,Saffron-cowled Blackbird,EN
22721607,125680,New World warblers,Vermivora bachmanii,Bachman's Warbler,CR(PE)
22721610,125700,New World warblers,Vermivora cyanoptera,Blue-winged Warbler,LC
103795596,125850,New World warblers,Geothlypis chiriquensis,Chiriqui Yellowthroat,LC
103797456,125920,New World warblers,Geothlypis semiflava,Olive-crowned Yellowthroat,LC
22721743,126020,New World warblers,Setophaga plumbea,Plumbeous Warbler,LC
22721657,126160,New World warblers,Setophaga petechia,American Yellow Warbler,LC
22721737,126180,New World warblers,Setophaga striata,Blackpoll Warbler,NT
22723822,127730,Cardinals,Cardinalis phoeniceus,Vermilion Cardinal,LC
22723831,127760,Cardinals,Caryothraustes canadensis,Yellow-green Grosbeak,LC
22722491,127790,Tanagers,Calochaetes coccineus,Vermilion Tanager,LC
22722675,127840,Tanagers,Iridosornis rufivertex,Golden-crowned Tanager,LC
103843076,127920,Tanagers,Dubusia taeniata,Buff-banded Mountain-tanager,LC
22722616,127970,Tanagers,Tephrophilus wetmorei,Masked Mountain-tanager,VU
22722651,128030,Tanagers,Anisognathus notabilis,Black-chinned Mountain-tanager,LC
22722624,128040,Tanagers,Anisognathus melanogenys,Santa Marta Mountain-tanager,LC
22722621,128150,Tanagers,Wetmorethraupis sterrhopteron,Orange-throated Tanager,VU
22722198,128160,Tanagers,Bangsia flavovirens,Yellow-green Tanager,VU
22722142,128280,Tanagers,Cissopis leverianus,Magpie Tanager,LC
22721582,128310,Tanagers,Paroaria coronata,Red-crested Cardinal,LC
22722866,128400,Tanagers,Tangara punctata,Spotted Tanager,LC
22722869,128410,Tanagers,Tangara guttata,Speckled Tanager,LC
103846035,128440,Tanagers,Tangara fulvicervix,Rusty-naped Tanager,LC
22722537,128500,Tanagers,Tangara cyanoptera,Azure-shouldered Tanager,LC
22722543,128510,Tanagers,Tangara abbas,Yellow-winged Tanager,LC
22722942,128560,Tanagers,Tangara viridicollis,Silver-backed Tanager,LC
22722939,128570,Tanagers,Tangara phillipsi,Sira Tanager,LC
22722915,128610,Tanagers,Tangara cyanicollis,Blue-necked Tanager,LC
22722921,128620,Tanagers,Tangara nigrocincta,Masked Tanager,LC
103848314,128670,Tanagers,Tangara cayana,Burnished-buff Tanager,LC
103848963,128700,Tanagers,Tangara cucullata,Grenada Tanager,LC
22722912,128760,Tanagers,Tangara cyanotis,Blue-browed Tanager,LC
103849231,128840,Tanagers,Tangara parzudakii,Flame-faced Tanager,LC
22722830,128930,Tanagers,Tangara cyanocephala,Red-necked Tanager,LC
22722803,128960,Tanagers,Tangara inornata,Plain-colored Tanager,LC
103849376,128970,Tanagers,Tangara mexicana,Turquoise Tanager,LC
22722953,129010,Tanagers,Tangara velia,Opal-rumped Tanager,LC
22733946,130650,Tanagers,Sporophila americana,Wing-barred Seedeater,LC
22723443,130710,Tanagers,Sporophila ardesiaca,Dubois's Seedeater,LC
22723522,130740,Tanagers,Sporophila nuttingi,Nicaraguan Seed-finch,LC
22723403,130790,Tanagers,Sporophila falcirostris,Temminck's Seedeater,VU
22723463,130880,Tanagers,Sporophila simplex,Drab Seedeater,LC
103817972,130910,Tanagers,Sporophila bouvreuil,Copper Seedeater,LC
22723481,130930,Tanagers,Sporophila hypoxantha,Tawny-bellied Seedeater,LC
22723182,131120,Tanagers,Piezorina cinerea,Cinereous Finch,LC
22723185,131130,Tanagers,Xenospingus concolor,Slender-billed Finch,NT
22723286,131230,Tanagers,Poospiza hispaniolensis,Collared Warbling-finch,LC
103823065,131330,Tanagers,Kleinothraupis auricularis,White-browed Hemispingus,LC
103823252,131400,Tanagers,Sphenopsis melanotis,Black-eared Hemispingus,LC
22722257,131480,Tanagers,Thlypopsis ornata,Rufous-chested Tanager,LC
22722260,131490,Tanagers,Thlypopsis pectoralis,Brown-flanked Tanager,LC
22723214,131500,Tanagers,Castanozoster thoracicus,Bay-chested Warbling-finch,LC
22736278,131580,Tanagers,Microspingus cabanisi,Grey-breasted Warbling-finch,LC
22716320,98310,Scimitar-babblers and allies,Timalia pileata,Chestnut-capped Babbler,LC
22715879,98540,Ground babblers,Malacopteron cinereum,Scaly-crowned Babbler,LC
22715882,98550,Ground babblers,Malacopteron magnum,Rufous-crowned Babbler,NT
22735172,98580,Ground babblers,Gampsorhynchus rufulus,White-hooded Babbler,LC
103869025,98710,Ground babblers,Illadopsis rufipennis,Pale-breasted Illadopsis,LC
22715918,98730,Ground babblers,Illadopsis pyrrhoptera,Mountain Illadopsis,LC
22715891,98740,Ground babblers,Illadopsis cleaveri,Black-capped Illadopsis,LC
22715899,98780,Ground babblers,Illadopsis rufescens,Rufous-winged Illadopsis,NT
22715859,98820,Ground babblers,Pellorneum ruficeps,Puff-throated Babbler,LC
22716026,98990,Ground babblers,Kenopia striata,Striped Wren-babbler,NT
22715827,99020,Ground babblers,Malacocincla perspicillata,Black-browed Babbler,NT
103869689,99070,Ground babblers,Gypsophila calcicola,Rufous Limestone-babbler,VU
22716040,99100,Ground babblers,Gypsophila rufipecta,Rusty-breasted Wren-babbler,LC
22716057,99140,Ground babblers,Turdinus marmoratus,Marbled Wren-babbler,LC
22716094,99190,Ground babblers,Napothera epilepidota,Eyebrowed Wren-babbler,LC
22734528,99230,Ground babblers,Napothera pasquieri,White-throated Wren-babbler,EN
22734523,99240,Ground babblers,Napothera albostriata,Sumatran Wren-babbler,LC
103870362,99250,Ground babblers,Graminicola bengalensis,Indian Grass-babbler,NT
103870381,99260,Ground babblers,Graminicola striatus,Chinese Grass-babbler,NT
22734608,99290,Alcippe Fulvettas,Alcippe grotei,Black-browed Fulvetta,LC
22716647,99310,Alcippe Fulvettas,Alcippe nipalensis,Nepal Fulvetta,LC
22716361,99460,Laughingthrushes and allies,Argya malcolmi,Large Grey Babbler,LC
22716392,99480,Laughingthrushes and allies,Argya subrufa,Rufous Babbler,LC
22716358,99490,Laughingthrushes and allies,Argya longirostris,Slender-billed Babbler,VU
103871402,99510,Laughingthrushes and allies,Argya striata,Jungle Babbler,LC
22716409,99540,Laughingthrushes and allies,Argya affinis,Yellow-billed Babbler,LC
22716364,99580,Laughingthrushes and allies,Argya squamiceps,Arabian Babbler,LC
22716368,99590,Laughingthrushes and allies,Argya fulva,Fulvous Babbler,LC
22716338,99620,Laughingthrushes and allies,Acanthoptila nipalensis,Spiny Babbler,LC
103871272,99670,Laughingthrushes and allies,Phyllanthus rubiginosus,Black-crowned Capuchin Babbler,NT
22734448,99940,Laughingthrushes and allies,Garrulax bicolor,Sumatran Laughingthrush,EN
22715589,99950,Laughingthrushes and allies,Garrulax palliatus,Sunda Laughingthrush,NT
22715662,100190,Laughingthrushes and allies,Ianthocincla sukatschewi,Snowy-cheeked Laughingthrush,LC
22715595,100250,Laughingthrushes and allies,Pterorhinus perspicillatus,Masked Laughingthrush,LC
22715639,100270,Laughingthrushes and allies,Pterorhinus nuchalis,Chestnut-backed Laughingthrush,NT
22715685,100390,Laughingthrushes and allies,Pterorhinus caerulatus,Grey-sided Laughingthrush,LC
22732350,100440,Laughingthrushes and allies,Pterorhinus courtoisi,Blue-crowned Laughingthrush,CR
22735082,100520,Laughingthrushes and allies,Trochalopteron lineatum,Streaked Laughingthrush,LC
22715750,100570,Laughingthrushes and allies,Trochalopteron morrisonianum,White-whiskered Laughingthrush,NT
22735117,100620,Laughingthrushes and allies,Trochalopteron erythrocephalum,Chestnut-crowned Laughingthrush,LC
22716711,100740,Laughingthrushes and allies,Heterophasia auricularis,White-eared Sibia,LC
22716714,100760,Laughingthrushes and allies,Heterophasia pulchella,Beautiful Sibia,LC
22716699,100770,Laughingthrushes and allies,Heterophasia capistrata,Rufous Sibia,LC
103878509,100830,Laughingthrushes and allies,Leiothrix laurinae,Sumatran Mesia,EN
22716522,100840,Laughingthrushes and allies,Leiothrix lutea,Red-billed Leiothrix,LC
22716563,100940,Laughingthrushes and allies,Sibia nipalensis,Hoary-throated Barwing,LC
22716693,101060,Laughingthrushes and allies,Laniellus albonotatus,Spotted Crocias,NT
22711155,101200,Nuthatches,Sitta nagaensis,Chestnut-vented Nuthatch,LC
103880163,101240,Nuthatches,Sitta neglecta,Burmese Nuthatch,LC
103881613,101280,Nuthatches,Sitta pusilla,Brown-headed Nuthatch,LC
103881687,101290,Nuthatches,Sitta insularis,Bahama Nuthatch,CR
22711184,101320,Nuthatches,Sitta krueperi,Krueper's Nuthatch,LC
22711192,101330,Nuthatches,Sitta yunnanensis,Yunnan Nuthatch,LC
103881719,101360,Nuthatches,Sitta leucopsis,White-cheeked Nuthatch,LC
22711225,101440,Nuthatches,Sitta azurea,Blue Nuthatch,LC
22711578,101570,Gnatcatchers,Ramphocaenus melanurus,Long-billed Gnatwren,LC
22711332,101740,Wrens,Salpinctes obsoletus,Rock Wren,LC
22711542,101760,Wrens,Microcerculus marginatus,Southern Nightingale-wren,LC
22711547,101770,Wrens,Microcerculus ustulatus,Flutist Wren,LC
22711335,101790,Wrens,Catherpes mexicanus,Canyon Wren,LC
103883277,101880,Wrens,Troglodytes troglodytes,Northern Wren,LC
22724382,101920,Wrens,Troglodytes cobbi,Cobb's Wren,LC
22711503,101960,Wrens,Troglodytes monticola,Santa Marta Wren,CR
103887224,102130,Wrens,Thryothorus albinucha,White-browed Wren,LC
22711377,102180,Wrens,Thryomanes bewickii,Bewick's Wren,LC
22711319,102190,Wrens,Campylorhynchus nuchalis,Stripe-backed Wren,LC
22711322,102200,Wrens,Campylorhynchus fasciatus,Fasciated Wren,LC
22711316,102230,Wrens,Campylorhynchus albobrunneus,White-headed Wren,LC
22711287,102310,Wrens,Campylorhynchus brunneicapillus,Cactus Wren,LC
22711413,102410,Wrens,Pheugopedius genibarbis,Moustached Wren,LC
105294263,102450,Wrens,Pheugopedius columbianus,Colombian Wren,LC
22711455,102530,Wrens,Thryophilus rufalbus,Rufous-and-white Wren,LC
22733805,102590,Wrens,Cinnycerthia peruana,Peruvian Wren,LC
22733810,102600,Wrens,Cinnycerthia fulva,Fulvous Wren,LC
22711444,102620,Wrens,Cantorchilus leucopogon,Stripe-throated Wren,LC
22711470,102640,Wrens,Cantorchilus superciliaris,Superciliated Wren,LC
22711467,102650,Wrens,Cantorchilus leucotis,Buff-breasted Wren,LC
22711435,102680,Wrens,Cantorchilus semibadius,Riverside Wren,LC
103889550,102700,Wrens,Cantorchilus modestus,Plain Wren,LC
22711479,102720,Wrens,Cantorchilus griseus,Grey Wren,LC
22711532,102760,Wrens,Henicorhina leucoptera,Bar-winged Wood-wren,LC
103889940,102810,Wrens,Cyphorhinus dichrous,Northern Chestnut-breasted Wren,LC
22708169,102900,Dippers,Cinclus schulzii,Rufous-throated Dipper,VU
22711009,102910,Oxpeckers,Buphagus erythrorynchus,Red-billed Oxpecker,LC
22711005,102920,Oxpeckers,Buphagus africanus,Yellow-billed Oxpecker,LC
22710886,102930,Starlings,Sturnus vulgaris,Common Starling,LC
22710874,102980,Starlings,Agropsar philippensis,Chestnut-cheeked Starling,LC
22710903,103020,Starlings,Gracupica nigricollis,Black-collared Starling,LC
22710844,103050,Starlings,Sturnornis albofrontatus,White-faced Starling,VU
22710909,103200,Starlings,Acridotheres melanopterus,Black-winged Myna,EN
22710932,103210,Starlings,Acridotheres fuscus,Jungle Myna,LC
103871334,103230,Starlings,Acridotheres javanicus,Javan Myna,VU
22710629,103320,Starlings,Onychognathus tenuirostris,Slender-billed Starling,LC
22710595,103370,Starlings,Onychognathus walleri,Waller's Starling,LC
22710775,103540,Starlings,Lamprotornis shelleyi,Shelley's Starling,LC
22709403,109790,Old World Flycatchers and Chats,Ficedula westermanni,Little Pied Flycatcher,LC
22709217,109800,Old World Flycatchers and Chats,Ficedula ruficauda,Rusty-tailed Flycatcher,LC
22709315,109860,Old World Flycatchers and Chats,Ficedula albicollis,Collared Flycatcher,LC
22709376,109870,Old World Flycatchers and Chats,Ficedula henrici,Damar Flycatcher,NT
22709382,109900,Old World Flycatchers and Chats,Ficedula harterti,Sumba Flycatcher,LC
22709373,109920,Old World Flycatchers and Chats,Ficedula basilanica,Little Slaty Flycatcher,VU
22709399,109950,Old World Flycatchers and Chats,Ficedula bonthaina,Lompobattang Flycatcher,EN
22709415,109960,Old World Flycatchers and Chats,Ficedula nigrorufa,Black-and-orange Flycatcher,LC
103771748,109980,Old World Flycatchers and Chats,Ficedula riedeli,Tanimbar Flycatcher,NT
22709386,110000,Old World Flycatchers and Chats,Ficedula platenae,Palawan Flycatcher,VU
22710092,110140,Old World Flycatchers and Chats,Phoenicurus fuliginosus,Plumbeous Water-redstart,LC
22710051,110160,Old World Flycatchers and Chats,Phoenicurus ochruros,Black Redstart,LC
22710055,110170,Old World Flycatchers and Chats,Phoenicurus phoenicurus,Common Redstart,LC
22710072,110200,Old World Flycatchers and Chats,Phoenicurus erythrogastrus,White-winged Redstart,LC
22708281,110230,Old World Flycatchers and Chats,Monticola rufiventris,Chestnut-bellied Rock-thrush,LC
22708276,110240,Old World Flycatchers and Chats,Monticola gularis,White-throated Rock-thrush,LC
22708202,110290,Old World Flycatchers and Chats,Monticola sharpei,Forest Rock-thrush,LC
22708286,110310,Old World Flycatchers and Chats,Monticola solitarius,Blue Rock-thrush,LC
22710457,110330,Old World Flycatchers and Chats,Monticola semirufus,White-winged Cliff-chat,LC
22708227,110350,Old World Flycatchers and Chats,Monticola rupestris,Cape Rock-thrush,LC
22710214,110400,Old World Flycatchers and Chats,Saxicola jerdoni,Jerdon's Bushchat,LC
22710218,110410,Old World Flycatchers and Chats,Saxicola ferreus,Grey Bushchat,LC
22710354,110570,Old World Flycatchers and Chats,Emarginata sinuata,Sickle-winged Chat,LC
22710363,110580,Old World Flycatchers and Chats,Emarginata tractrac,Tractrac Chat,LC
22710416,110630,Old World Flycatchers and Chats,Myrmecocichla nigra,Sooty Chat,LC
22710400,110640,Old World Flycatchers and Chats,Myrmecocichla aethiops,Northern Anteater Chat,LC
103774137,110730,Old World Flycatchers and Chats,Oenanthe frenata,Rusty-breasted Wheatear,LC
103774053,110740,Old World Flycatchers and Chats,Oenanthe bottae,Buff-breasted Wheatear,LC
22710348,110750,Old World Flycatchers and Chats,Oenanthe heuglinii,Heuglin's Wheatear,LC
22710367,110860,Old World Flycatchers and Chats,Oenanthe familiaris,Familiar Chat,LC
22710376,110890,Old World Flycatchers and Chats,Oenanthe fusca,Brown Rockchat,LC
22710295,110900,Old World Flycatchers and Chats,Oenanthe picata,Variable Wheatear,LC
22710259,110910,Old World Flycatchers and Chats,Oenanthe leucura,Black Wheatear,LC
22710238,110920,Old World Flycatchers and Chats,Oenanthe leucopyga,White-crowned Wheatear,LC
22735002,111130,Kinglets and firecrests,Regulus ignicapilla,Common Firecrest,LC
103867212,111200,Hylocitreas,Hylocitrea bonthaina,Southern Hylocitrea,EN
22708136,111280,Silky-flycatchers,Ptiliogonys caudatus,Long-tailed Silky-flycatcher,LC
22704323,111290,Oos,Moho braccatus,Kauai Oo,EX
22717778,112820,Sunbirds,Chalcomitra adelberti,Buff-throated Sunbird,LC
22717766,112840,Sunbirds,Chalcomitra rubescens,Green-throated Sunbird,LC
22717782,112890,Sunbirds,Leptocoma zeylonica,Purple-rumped Sunbird,LC
103795278,112930,Sunbirds,Leptocoma juliae,Orange-lined Sunbird,LC
22717919,113160,Sunbirds,Cinnyris chloropygius,Olive-bellied Sunbird,LC
103797506,113190,Sunbirds,Cinnyris manoensis,Eastern Miombo Sunbird,LC
103798440,113250,Sunbirds,Cinnyris ludovicensis,Montane Double-collared Sunbird,LC
22717927,113270,Sunbirds,Cinnyris regius,Regal Sunbird,LC
103799620,113300,Sunbirds,Cinnyris usambaricus,Usambara Double-collared Sunbird,LC
22735340,113310,Sunbirds,Cinnyris fuelleborni,Forest Double-collared Sunbird,LC
103799817,113340,Sunbirds,Cinnyris pulchellus,Beautiful Sunbird,LC
103800445,113350,Sunbirds,Cinnyris melanogastrus,Gorgeous Sunbird,LC
22717990,113370,Sunbirds,Cinnyris shelleyi,Shelley's Sunbird,LC
22717998,113380,Sunbirds,Cinnyris congensis,Congo Sunbird,LC
22718043,113400,Sunbirds,Cinnyris nectarinioides,Black-bellied Sunbird,LC
103801419,113410,Sunbirds,Cinnyris bifasciatus,Purple-banded Sunbird,LC
103801517,113420,Sunbirds,Cinnyris tsavoensis,Tsavo Sunbird,LC
22718012,113430,Sunbirds,Cinnyris chalcomelas,Violet-breasted Sunbird,LC
22717846,113450,Sunbirds,Cinnyris bouvieri,Orange-tufted Sunbird,LC
103803926,113470,Sunbirds,Cinnyris habessinicus,Shining Sunbird,LC
22717687,113580,Sunbirds,Cinnyris batesi,Bates's Sunbird,LC
103804139,113610,Sunbirds,Cinnyris jugularis,Olive-backed Sunbird,LC
103804169,113620,Sunbirds,Cinnyris idenburgi,Rand's Sunbird,LC
22717813,113660,Sunbirds,Cinnyris humbloti,Humblot's Sunbird,LC
22717822,113680,Sunbirds,Cinnyris coquerellii,Mayotte Sunbird,LC
22718068,113820,Sunbirds,Aethopyga duyvenbodei,Elegant Sunbird,VU
22734230,113890,Sunbirds,Aethopyga shelleyi,Lovely Sunbird,LC
103804493,113900,Sunbirds,Aethopyga vigorsii,Sahyadri Sunbird,LC
103804411,113910,Sunbirds,Aethopyga siparaja,Crimson Sunbird,LC
22718065,113930,Sunbirds,Aethopyga pulcherrima,Metallic-winged Sunbird,LC
22732130,113960,Sunbirds,Aethopyga bella,Handsome Sunbird,LC
22718620,114080,Accentors,Prunella himalayana,Altai Accentor,LC
22718659,114100,Accentors,Prunella immaculata,Maroon-backed Accentor,LC
22718627,114120,Accentors,Prunella strophiata,Rufous-breasted Accentor,LC
22718644,114180,Accentors,Prunella atrogularis,Black-throated Accentor,LC
105986083,114190,Accentors,Prunella ocularis,Radde's Accentor,LC
22720868,114230,Przevalski's Rosefinch,Urocynchramus pylzowi,Przevalski's Rosefinch,LC
22718668,114250,Weavers,Bubalornis niger,Red-billed Buffalo-Weaver,LC
22718690,114270,Weavers,Plocepasser mahali,White-browed Sparrow-Weaver,LC
22719120,114380,Weavers,Quelea cardinalis,Cardinal Quelea,LC
22719124,114390,Weavers,Quelea erythrops,Red-headed Quelea,LC
22719164,114410,Weavers,Euplectes afer,Yellow-crowned Bishop,LC
22719176,114450,Weavers,Euplectes hordeaceus,Black-winged Bishop,LC
22719209,114520,Weavers,Euplectes macroura,Yellow-mantled Widowbird,LC
22719132,114600,Weavers,Foudia madagascariensis,Red Fody,LC
103811601,114650,Weavers,Foudia delloni,Reunion Fody,EX
22719149,114660,Weavers,Foudia rubra,Mauritius Fody,EN
22718779,114800,Weavers,Ploceus luteolus,Little Weaver,LC
22718787,114810,Weavers,Ploceus ocularis,Spectacled Weaver,LC
22718803,114870,Weavers,Ploceus temporalis,Bocage's Weaver,LC
22718818,114900,Weavers,Ploceus xanthops,Holub's Golden Weaver,LC
22718837,114930,Weavers,Ploceus bojeri,Golden Palm Weaver,LC
22718841,114940,Weavers,Ploceus castaneiceps,Taveta Golden Weaver,LC
22718825,114950,Weavers,Ploceus princeps,Principe Golden Weaver,LC
22718850,114960,Weavers,Ploceus castanops,Northern Brown-throated Weaver,LC
22718856,114980,Weavers,Ploceus burnieri,Kilombero Weaver,VU
22718860,114990,Weavers,Ploceus galbula,Rüppell's Weaver,LC
22718890,115020,Weavers,Ploceus velatus,Southern Masked Weaver,LC
22718882,115060,Weavers,Ploceus vitellinus,Vitelline Masked Weaver,LC
22718933,115080,Weavers,Ploceus spekeoides,Fox's Weaver,NT
22718945,115140,Weavers,Ploceus golandi,Clarke's Weaver,EN
22718995,115240,Weavers,Ploceus sakalava,Sakalava Weaver,LC
22719054,115260,Weavers,Ploceus superciliosus,Compact Weaver,LC
22719040,115360,Weavers,Ploceus insignis,Brown-capped Weaver,LC
22719078,115500,Weavers,Malimbus ballmanni,Gola Malimbe,NT
22719099,115530,Weavers,Malimbus nitens,Blue-billed Malimbe,LC
22719434,115630,Waxbills,Lagonosticta nitidula,Brown Firefinch,LC
103813118,115850,Waxbills,Pytilia phoenicoptera,Red-winged Pytilia,LC
22719411,115930,Waxbills,Hypargos niveoguttatus,Red-throated Twinspot,LC
22719504,115970,Waxbills,Granatina ianthinogaster,Purple Grenadier,LC
22719488,115980,Waxbills,Uraeginthus angolensis,Blue-breasted Cordon-bleu,LC
22719499,116000,Waxbills,Uraeginthus cyanocephalus,Blue-capped Cordon-bleu,LC
22719394,116010,Waxbills,Spermophaga poliogenys,Grant's Bluebill,LC
22719574,116160,Waxbills,Estrilda astrild,Common Waxbill,LC
22719354,116320,Waxbills,Mandingoa nitidula,Green Twinspot,LC
103815110,116370,Waxbills,Coccopygia bocagei,Angola Waxbill,LC
103814997,116380,Waxbills,Coccopygia melanotis,Swee Waxbill,LC
103815089,116390,Waxbills,Coccopygia quartinia,Yellow-bellied Waxbill,LC
22719318,116420,Waxbills,Nesocharis ansorgei,White-collared Oliveback,LC
22719932,116520,Waxbills,Amadina erythrocephala,Red-headed Finch,LC
22719614,116570,Waxbills,Amandava amandava,Red Avadavat,LC
22719778,116640,Waxbills,Spermestes griseicapilla,Grey-headed Silverbill,LC
22719753,116660,Waxbills,Lepidopygia nana,Madagascar Munia,LC
22719806,116690,Waxbills,Lonchura striata,White-rumped Munia,LC
22719837,116790,Waxbills,Lonchura malacca,Tricoloured Munia,LC
22729138,116800,Waxbills,Lonchura atricapilla,Chestnut Munia,LC
105968299,116900,Waxbills,Lonchura hunsteini,Hunstein's Mannikin,LC
22719893,116940,Waxbills,Lonchura teerinki,Black-breasted Mannikin,LC
22728596,117030,Waxbills,Padda fuscata,Timor Sparrow,NT
22719657,117070,Waxbills,Stagonopleura oculata,Red-eared Firetail,LC
103817919,117130,Waxbills,Neochmia evangelinae,White-bellied Crimson Finch,LC
103834496,120190,Finches,Carpodacus verreauxii,Sharpe's Rosefinch,LC
103834342,120200,Finches,Carpodacus rodopeplus,Spot-winged Rosefinch,LC
103834630,120210,Finches,Carpodacus vinaceus,Vinaceous Rosefinch,LC
103834861,120230,Finches,Carpodacus synoicus,Sinai Rosefinch,LC
103835324,120240,Finches,Carpodacus stoliczkae,Pale Rosefinch,LC
22720592,120330,Finches,Carpodacus roseus,Pallas's Rosefinch,LC
22720595,120340,Finches,Carpodacus trifasciatus,Three-banded Rosefinch,LC
103836876,120350,Finches,Carpodacus thura,Himalayan White-browed Rosefinch,LC
103837055,120360,Finches,Carpodacus dubius,Chinese White-browed Rosefinch,LC
22734426,120530,Finches,Rhodopechys alienus,African Crimson-winged Finch,LC
22720347,120800,Finches,Chloris ambigua,Black-headed Greenfinch,LC
22720084,120820,Finches,Crithagra citrinelloides,Abyssinian Citril,LC
22731333,120890,Finches,Crithagra atrogularis,Black-throated Canary,LC
22720191,120980,Finches,Crithagra buchanani,Southern Grosbeak-canary,LC
22720246,121090,Finches,Crithagra ankoberensis,Ankober Serin,VU
22720241,121100,Finches,Crithagra menachensis,Yemen Serin,LC
22720450,121230,Finches,Linaria yemenensis,Yemen Linnet,LC
22720646,121280,Finches,Loxia curvirostra,Red Crossbill,LC
103764840,121320,Finches,Chrysocorythus estherae,Mountain Serin,LC
103764968,121360,Finches,Carduelis caniceps,Grey-capped Goldfinch,LC
22720062,121370,Finches,Carduelis citrinella,Citril Finch,LC
22720078,121510,Finches,Serinus nigriceps,Ethiopian Siskin,LC
22720069,121660,Finches,Spinus thibetanus,Tibetan Siskin,LC
103774363,123350,New World sparrows,Atlapetes nigrifrons,Black-fronted Brushfinch,LC
103774724,123420,New World sparrows,Atlapetes taczanowskii,Taczanowski's Brushfinch,LC
22721465,123470,New World sparrows,Atlapetes seebohmi,Bay-crowned Brushfinch,LC
22722111,131710,Tanagers,Conirostrum albifrons,Capped Conebill,LC
22722114,131720,Tanagers,Conirostrum binghami,Giant Conebill,NT
22723306,131800,Tanagers,Sicalis citrina,Stripe-tailed Yellow-finch,LC
22723316,131820,Tanagers,Sicalis uropigyalis,Bright-rumped Yellow-finch,LC
22723341,131840,Tanagers,Sicalis columbiana,Orange-fronted Yellow-finch,LC
22723311,131920,Tanagers,Sicalis lutea,Puna Yellow-finch,LC
22726798,15460,Hummingbirds,Oxypogon cyanolaemus,Blue-bearded Helmetcrest,EN
22679650,1980,New World quails,Odontophorus atrifrons,Black-fronted Wood-quail,LC
22732183,2290,"Pheasants, Partridges, Turkeys, Grouse",Arborophila rolli,Tan-breasted Partridge,LC
22678993,2830,"Pheasants, Partridges, Turkeys, Grouse",Anurophasis monorthonyx,Snow Mountain Quail,LC
22678673,2860,"Pheasants, Partridges, Turkeys, Grouse",Tetraogallus himalayensis,Himalayan Snowcock,LC
22679157,3650,"Pheasants, Partridges, Turkeys, Grouse",Tragopan satyra,Satyr Tragopan,LC
22727425,3920,"Pheasants, Partridges, Turkeys, Grouse",Lophura pyronota,Bornean Crestless Fireback,EN
22727431,3930,"Pheasants, Partridges, Turkeys, Grouse",Lophura ignita,Bornean Crested Fireback,VU
22679487,4220,"Pheasants, Partridges, Turkeys, Grouse",Tetrao urogallus,Western Capercaillie,LC
22679824,4490,"Ducks, Geese, Swans",Oxyura vittata,Lake Duck,LC
22680462,5020,"Ducks, Geese, Swans",Bucephala albeola,Bufflehead,LC
22680472,5060,"Ducks, Geese, Swans",Lophodytes cucullatus,Hooded Merganser,LC
22680380,5560,"Ducks, Geese, Swans",Aythya innotata,Madagascar Pochard,CR
22680373,5580,"Ducks, Geese, Swans",Aythya nyroca,Ferruginous Duck,NT
22692560,21170,"Rails, Gallinules, Coots",Aramides mangle,Little Wood-rail,LC
22728760,21470,"Rails, Gallinules, Coots",Zapornia astrictocarpus,Saint Helena Crake,EX
22692808,21720,"Rails, Gallinules, Coots",Porphyrio hochstetteri,South Island Takahe,EN
22692937,22030,"Rails, Gallinules, Coots",Fulica armillata,Red-gartered Coot,LC
22692167,22280,Cranes,Grus japonensis,Red-crowned Crane,VU
22692156,22290,Cranes,Grus americana,Whooping Crane,EN
22691896,22330,Bustards,Tetrax tetrax,Little Bustard,NT
22688335,22770,Turacos,Tauraco corythaix,Knysna Turaco,LC
22697571,25160,"Ibises, Spoonbills",Platalea flavipes,Yellow-billed Spoonbill,LC
22728791,25220,"Ibises, Spoonbills",Threskiornis solitarius,Reunion Ibis,EX
22697531,25300,"Ibises, Spoonbills",Pseudibis davisoni,White-shouldered Ibis,CR
22697548,25340,"Ibises, Spoonbills",Nipponia nippon,Asian Crested Ibis,EN
22697277,25570,Herons,Tigriornis leucolopha,White-crested Tiger-heron,LC
22697200,25610,Herons,Agamia agami,Agami Heron,NT
22697250,25620,Herons,Cochlearius cochlearius,Boat-billed Heron,LC
22728777,25840,Herons,Nycticorax mauritianus,Mauritius Night Heron,EX
22727677,26140,Herons,Ardea brachyrhyncha,Yellow-billed Egret,LC
22727668,26150,Herons,Ardea intermedia,Intermediate Egret,LC
22696916,26250,Herons,Egretta rufescens,Reddish Egret,NT
22693717,27460,"Avocets, Stilts",Recurvirostra americana,American Avocet,LC
22693724,27480,"Avocets, Stilts",Recurvirostra andina,Andean Avocet,LC
22693749,27570,Plovers,Pluvialis squatarola,Grey Plover,VU
22693740,27600,Plovers,Pluvialis dominica,American Golden Plover,LC
22693931,27620,Plovers,Phegornis mitchellii,Diademed Plover,NT
22727471,27760,Plovers,Charadrius tricollaris,African Three-banded Plover,LC
22693995,28110,Plovers,Vanellus tectus,Black-headed Lapwing,LC
22693936,28320,Plovers,Peltohyas australis,Inland Dotterel,LC
22693928,28330,Plovers,Anarhynchus frontalis,Wrybill,VU
22693162,28610,"Sandpipers, Snipes, Phalaropes",Limosa fedoa,Marbled Godwit,VU
22693396,28840,"Sandpipers, Snipes, Phalaropes",Calidris minutilla,Least Sandpiper,NT
22683772,39430,Bee-eaters,Merops nubicoides,Southern Carmine Bee-eater,LC
22682874,39730,Rollers,Coracias caudatus,Lilac-breasted Roller,LC
61634657,39970,Motmots,Momotus subrufescens,Whooping Motmot,LC
22683341,41090,Kingfishers,Todiramphus leucopygius,Ultramarine Kingfisher,LC
22682218,41660,Jacamars,Galbula leucogastra,Bronzy Jacamar,LC
22680638,44230,Honeyguides,Indicator exilis,Least Honeyguide,LC
22681414,44830,Woodpeckers,Campephilus magellanicus,Magellanic Woodpecker,LC
22681417,44850,Woodpeckers,Campephilus imperialis,Imperial Woodpecker,CR(PE)
22726554,44910,Woodpeckers,Chrysocolaptes stricklandi,Greater Sri Lanka Flameback,LC
22681450,45400,Woodpeckers,Picus vittatus,Laced Woodpecker,LC
22726503,45420,Woodpeckers,Picus canus,Grey-faced Woodpecker,LC
22726515,45430,Woodpeckers,Picus guerini,Black-naped Woodpecker,LC
22727957,45670,Woodpeckers,Colaptes melanolaimus,Golden-breasted Woodpecker,LC
61536248,45960,Woodpeckers,Celeus ochraceus,Ochre-backed Woodpecker,LC
61536191,45970,Woodpeckers,Celeus flavescens,Blond-crested Woodpecker,LC
22681095,46790,Woodpeckers,Dendropicos dorae,Arabian Woodpecker,NT
22681222,47060,Woodpeckers,Veniliornis affinis,Red-stained Woodpecker,LC
22681225,47080,Woodpeckers,Veniliornis maculifrons,Yellow-eared Woodpecker,LC
22731930,47610,"Falcons, Caracaras",Falco duboisi,Reunion Kestrel,EX
22686350,49250,Parrots,Amazona amazonica,Orange-winged Amazon,LC
45421217,49530,Parrots,Pyrrhura emma,Venezuelan Parakeet,LC
22685533,50080,Parrots,Cyanopsitta spixii,Spix's Macaw,EW
22685628,50110,Parrots,Primolius auricollis,Yellow-collared Macaw,LC
22685669,50400,Parrots,Psittacara mitratus,Mitred Parakeet,LC
22684603,51450,Parrots,Lorius albidinucha,White-naped Lory,NT
22684567,51760,Parrots,Trichoglossus chlorolepidotus,Scaly-breasted Lorikeet,LC
22685389,52020,Parrots,Loriculus stigmatus,Sulawesi Hanging-parrot,LC
22685063,52300,Parrots,Aprosmictus jonquillaceus,Jonquil Parrot,NT
22727599,52600,Parrots,Psittinus cyanurus,Blue-rumped Parrot,NT
22684871,52870,Parrots,Micropsitta bruijnii,Red-breasted Pygmy-parrot,LC
22700396,69090,Tyrant-flycatchers,Myiarchus yucatanensis,Yucatan Flycatcher,LC
22704119,70240,Honeyeaters,Meliphacator provocator,Kadavu Honeyeater,LC
22704230,70550,Honeyeaters,Philemon diemenensis,New Caledonian Friarbird,LC
22703871,70790,Honeyeaters,Myzomela chermesina,Rotuma Myzomela,VU
22704478,71340,Honeyeaters,Epthianura aurifrons,Orange Chat,LC
103693193,73620,Quail-thrushes and Jewel-babblers,Cinclosoma castaneothorax,Chestnut-breasted Quail-thrush,LC
103693230,73630,Quail-thrushes and Jewel-babblers,Cinclosoma alisteri,Nullarbor Quail-thrush,LC
22705273,74740,Vireos,Vireo leucophrys,Brown-capped Vireo,LC
22706700,75590,Cuckooshrikes,Campephaga phoenicea,Red-shouldered Cuckooshrike,LC
22706710,75610,Cuckooshrikes,Lobotos lobatus,Western Wattled Cuckooshrike,VU
22706719,75620,Cuckooshrikes,Lobotos oriolinus,Eastern Wattled Cuckooshrike,DD
103702644,75880,Cuckooshrikes,Edolisoma insperatum,Pohnpei Cicadabird,EN
22706614,75890,Cuckooshrikes,Edolisoma melas,New Guinea Cicadabird,LC
22707419,76460,Boatbills,Machaerirhynchus flaviventer,Yellow-breasted Boatbill,LC
22708033,76660,Vangas and allies,Xenopirostris polleni,Pollen's Vanga,VU
22707769,76740,Vangas and allies,Prionops alberti,Yellow-crested Helmetshrike,VU
22707788,76770,Vangas and allies,Prionops retzii,Retz's Helmetshrike,LC
22707877,77030,Batises and Wattle-eyes,Batis senegalensis,Senegal Batis,LC
22707938,77340,Batises and Wattle-eyes,Platysteira peltata,Black-throated Wattle-eye,LC
22707586,77860,Bush-shrikes,Laniarius atrococcineus,Crimson-breasted Gonolek,LC
22706815,78150,Fantails,Rhipidura fuscorufa,Cinnamon-tailed Fantail,LC
22706897,78430,Fantails,Rhipidura lepida,Palau Fantail,LC
22706887,78450,Fantails,Rhipidura superflua,Tawny-backed Fantail,LC
22707393,79290,Monarch-flycatchers,Myiagra albiventris,Samoan Flycatcher,LC
103711173,79310,Monarch-flycatchers,Myiagra azureocapilla,Azure-crested Flycatcher,NT
22707409,79340,Monarch-flycatchers,Myiagra alecto,Shining Flycatcher,LC
22734314,79850,Monarch-flycatchers,Pomarea iphis,Iphis Monarch,CR
22707192,79860,Monarch-flycatchers,Pomarea whitneyi,Fatu Hiva Monarch,CR
22707096,80410,Monarch-flycatchers,Terpsiphone bedfordi,Bedford's Paradise-flycatcher,LC
22705103,80710,Shrikes,Lanius corvinus,Yellow-billed Shrike,LC
22705057,80740,Shrikes,Lanius cabanisi,Long-tailed Fiscal,LC
155646620,105060,Thrushes,Zoothera aurea,White's Thrush,LC
103880904,105350,Thrushes,Cichlopsis peruviana,Peruvian Solitaire,NT
22708875,106480,Thrushes,Turdus maranonicus,Maranon Thrush,LC
22736414,106490,Thrushes,Turdus xanthorhynchus,Principe Thrush,CR
22736406,106500,Thrushes,Turdus olivaceofuscus,Sao Tome Thrush,LC
22709286,107600,Old World Flycatchers and Chats,Fraseria caerulescens,Ashy Flycatcher,LC
22709449,107900,Old World Flycatchers and Chats,Eumyias albicaudatus,Nilgiri Flycatcher,LC
22709461,107910,Old World Flycatchers and Chats,Eumyias indigo,Indigo Flycatcher,LC
22709791,108440,Old World Flycatchers and Chats,Dessonornis caffer,Cape Robin-chat,LC
103762537,108460,Old World Flycatchers and Chats,Dessonornis macclounii,Rusty-flanked Robin-chat,LC
22709187,109000,Old World Flycatchers and Chats,Vauriella goodfellowi,Slaty-backed Jungle-flycatcher,NT
22734119,109820,Old World Flycatchers and Chats,Ficedula albicilla,Red-throated Flycatcher,LC
22710084,110100,Old World Flycatchers and Chats,Phoenicurus frontalis,Blue-fronted Redstart,LC
22710409,110660,Old World Flycatchers and Chats,Myrmecocichla formicivora,Southern Anteater Chat,LC
22708153,111240,Waxwings,Bombycilla cedrorum,Cedar Waxwing,LC
103777452,112060,Flowerpeckers,Dicaeum cambodianum,Cambodian Flowerpecker,LC
103776954,112070,Flowerpeckers,Dicaeum beccarii,Sumatran Flowerpecker,LC
103792496,112370,Sunbirds,Arachnothera affinis,Streaky-breasted Spiderhunter,LC
103795247,112910,Sunbirds,Leptocoma brasiliana,Maroon-bellied Sunbird,LC
103798399,113220,Sunbirds,Cinnyris afer,Greater Double-collared Sunbird,LC
103798409,113230,Sunbirds,Cinnyris stuhlmanni,Rwenzori Double-collared Sunbird,LC
22718031,113500,Sunbirds,Cinnyris johannae,Johanna's Sunbird,LC
22718035,113510,Sunbirds,Cinnyris superbus,Superb Sunbird,LC
22719676,117150,Waxbills,Neochmia modesta,Plum-headed Finch,LC
22719972,117430,Whydahs and Indigobirds,Vidua hypocherina,Steel-blue Whydah,LC
22734959,118030,Old World Sparrows,Montifringilla henrici,Tibetan Snowfinch,LC
22715170,119140,Pipits and Wagtails,Amaurocichla bocagii,Sao Tome Shorttail,VU
22720030,119150,Finches,Fringilla coelebs,Common Chaffinch,LC
22720607,120270,Finches,Carpodacus rubicilloides,Streaked Rosefinch,LC
22720513,120560,Finches,Bucanetes githagineus,Trumpeter Finch,LC
22720546,120580,Finches,Agraphospiza rubescens,Blanford's Rosefinch,LC
22678172,200,Tinamous,Crypturellus ptaritepui,Tepui Tinamou,LC
22678179,290,Tinamous,Crypturellus cinnamomeus,Thicket Tinamou,LC
22678223,330,Tinamous,Crypturellus variegatus,Variegated Tinamou,LC
22678232,370,Tinamous,Crypturellus parvirostris,Small-billed Tinamou,LC
22678246,480,Tinamous,Nothoprocta taczanowskii,Taczanowski's Tinamou,VU
22678254,490,Tinamous,Nothoprocta ornata,Ornate Tinamou,LC
22678280,560,Tinamous,Nothura minor,Lesser Nothura,VU
22678271,570,Tinamous,Nothura darwinii,Darwin's Nothura,LC
22678286,610,Tinamous,Taoniscus nanus,Dwarf Tinamou,EN
22678302,650,Tinamous,Tinamotis ingoufi,Patagonian Tinamou,LC
22678114,680,"Cassowaries, Emus",Casuarius unappendiculatus,Northern Cassowary,LC
22724449,710,"Cassowaries, Emus",Dromaius baudinianus,Kangaroo Island Emu,EX
22678129,740,Kiwis,Apteryx owenii,Little Spotted Kiwi,NT
22732871,770,Kiwis,Apteryx rowi,Okarito Kiwi,VU
22678568,840,Megapodes,Talegalla fuscirostris,Yellow-legged Brushturkey,LC
22678620,940,Megapodes,Megapodius laperouse,Micronesian Scrubfowl,NT
22678625,950,Megapodes,Megapodius pritchardii,Tongan Scrubfowl,VU
22678354,1080,"Guans, Chachalacas, Curassows",Penelope argyrotis,Band-tailed Guan,LC
22678379,1170,"Guans, Chachalacas, Curassows",Penelope perspicax,Cauca Guan,VU
22678382,1180,"Guans, Chachalacas, Curassows",Penelope albipennis,White-winged Guan,EN
22727333,1250,"Guans, Chachalacas, Curassows",Pipile grayi,White-throated Piping-guan,NT
22678315,1340,"Guans, Chachalacas, Curassows",Ortalis ruficauda,Rufous-vented Chachalaca,LC
22678322,1360,"Guans, Chachalacas, Curassows",Ortalis wagleri,Rufous-bellied Chachalaca,LC
22678525,1520,"Guans, Chachalacas, Curassows",Crax alberti,Blue-billed Curassow,CR
22678544,1580,"Guans, Chachalacas, Curassows",Crax blumenbachii,Red-billed Curassow,EN
22678486,1610,"Guans, Chachalacas, Curassows",Mitu mitu,Alagoas Curassow,EW
22678497,1660,"Guans, Chachalacas, Curassows",Pauxi pauxi,Helmeted Curassow,VU
22678851,3180,"Pheasants, Partridges, Turkeys, Grouse",Pternistis rufopictus,Grey-breasted Spurfowl,LC
22678883,3220,"Pheasants, Partridges, Turkeys, Grouse",Pternistis nobilis,Handsome Spurfowl,LC
22678891,3230,"Pheasants, Partridges, Turkeys, Grouse",Pternistis camerunensis,Mount Cameroon Spurfowl,EN
22678725,3310,"Pheasants, Partridges, Turkeys, Grouse",Francolinus pintadeanus,Chinese Francolin,LC
22678740,3390,"Pheasants, Partridges, Turkeys, Grouse",Campocolinus albogularis,White-throated Francolin,LC
22678760,3450,"Pheasants, Partridges, Turkeys, Grouse",Scleroptila finschi,Finsch's Francolin,LC
22679147,3640,"Pheasants, Partridges, Turkeys, Grouse",Tragopan melanocephalus,Western Tragopan,VU
22679346,3750,"Pheasants, Partridges, Turkeys, Grouse",Syrmaticus reevesii,Reeves's Pheasant,VU
22679292,3810,"Pheasants, Partridges, Turkeys, Grouse",Crossoptilon crossoptilon,White Eared-pheasant,LC
22679287,3820,"Pheasants, Partridges, Turkeys, Grouse",Crossoptilon harmani,Tibetan Eared-pheasant,LC
22679299,3830,"Pheasants, Partridges, Turkeys, Grouse",Crossoptilon mantchuricum,Brown Eared-pheasant,LC
45355372,3900,"Pheasants, Partridges, Turkeys, Grouse",Lophura inornata,Salvadori's Pheasant,NT
22679525,4070,"Pheasants, Partridges, Turkeys, Grouse",Meleagris gallopavo,Wild Turkey,LC
22679529,4080,"Pheasants, Partridges, Turkeys, Grouse",Meleagris ocellata,Ocellated Turkey,NT
22679464,4130,"Pheasants, Partridges, Turkeys, Grouse",Lagopus muta,Rock Ptarmigan,LC
22679446,4190,"Pheasants, Partridges, Turkeys, Grouse",Falcipennis falcipennis,Siberian Grouse,LC
22679726,4330,Screamers,Chauna chavaria,Northern Screamer,LC
22679735,4380,"Ducks, Geese, Swans",Dendrocygna guttata,Spotted Whistling-duck,LC
22679758,4430,"Ducks, Geese, Swans",Dendrocygna javanica,Lesser Whistling-duck,LC
22679830,4560,"Ducks, Geese, Swans",Biziura lobata,Musk Duck,LC
22680336,4570,"Ducks, Geese, Swans",Malacorhynchus membranaceus,Pink-eared Duck,LC
22679836,4580,"Ducks, Geese, Swans",Stictonetta naevosa,Freckled Duck,LC
22679866,4600,"Ducks, Geese, Swans",Coscoroba coscoroba,Coscoroba Swan,LC
22679846,4610,"Ducks, Geese, Swans",Cygnus melancoryphus,Black-necked Swan,LC
22679859,4640,"Ducks, Geese, Swans",Cygnus buccinator,Trumpeter Swan,LC
22679862,4660,"Ducks, Geese, Swans",Cygnus columbianus,Tundra Swan,LC
22679943,4690,"Ducks, Geese, Swans",Branta leucopsis,Barnacle Goose,LC
22733619,4710,"Ducks, Geese, Swans",Branta hutchinsii,Cackling Goose,LC
22679909,4790,"Ducks, Geese, Swans",Anser rossii,Ross's Goose,LC
22679893,4800,"Ducks, Geese, Swans",Anser indicus,Bar-headed Goose,LC
22679889,4810,"Ducks, Geese, Swans",Anser anser,Greylag Goose,LC
22697360,6530,Flamingos,Phoenicopterus roseus,Greater Flamingo,LC
22729706,6540,Flamingos,Phoenicopterus ruber,American Flamingo,LC
22697387,6580,Flamingos,Phoenicoparrus andinus,Andean Flamingo,VU
22692211,6630,Kagu,Rhynochetos jubatus,Kagu,EN
22691893,6640,Sunbittern,Eurypyga helias,Sunbittern,LC
22690103,6760,"Pigeons, Doves",Columba palumbus,Common Woodpigeon,LC
22690112,6770,"Pigeons, Doves",Columba trocaz,Madeira Laurel-pigeon,LC
22690201,6920,"Pigeons, Doves",Columba palumboides,Andaman Woodpigeon,NT
22690359,6990,"Pigeons, Doves",Columba delegorguei,Eastern Bronze-naped Pigeon,LC
22690346,7000,"Pigeons, Doves",Columba iriditorques,Western Bronze-naped Pigeon,LC
22690426,7080,"Pigeons, Doves",Streptopelia hypopyrrha,Adamawa Turtle-dove,LC
22727533,7100,"Pigeons, Doves",Streptopelia dusumieri,Philippine Collared-dove,VU
22727521,7110,"Pigeons, Doves",Streptopelia bitorquata,Sunda Collared-dove,LC
22690529,7150,"Pigeons, Doves",Streptopelia reichenowi,White-winged Collared-dove,LC
22690477,7160,"Pigeons, Doves",Streptopelia decipiens,Mourning Collared-dove,LC
22690392,7270,"Pigeons, Doves",Nesoenas mayeri,Pink Pigeon,VU
22728712,7280,"Pigeons, Doves",Nesoenas duboisi,Reunion Pigeon,EX
22728722,7300,"Pigeons, Doves",Nesoenas rodericanus,Rodrigues Turtle-dove,EX
154625453,7380,"Pigeons, Doves",Macropygia macassariensis,Flores Sea Cuckoo-Dove,LC
154625310,7390,"Pigeons, Doves",Macropygia magna,Timor Cuckoo-Dove,LC
22690241,7600,"Pigeons, Doves",Patagioenas squamosa,Scaly-naped Pigeon,LC
22728285,7640,"Pigeons, Doves",Patagioenas maculosa,Spot-winged Pigeon,LC
22725264,7660,"Pigeons, Doves",Patagioenas fasciata,Northern Band-tailed Pigeon,LC
22690296,7710,"Pigeons, Doves",Patagioenas flavirostris,Red-billed Pigeon,LC
22690328,7750,"Pigeons, Doves",Patagioenas subvinacea,Ruddy Pigeon,LC
22690334,7760,"Pigeons, Doves",Patagioenas nigrirostris,Short-billed Pigeon,LC
22690954,7870,"Pigeons, Doves",Geotrygon chrysia,Key West Quail-Dove,LC
22690958,7880,"Pigeons, Doves",Geotrygon mystacea,Bridled Quail-Dove,LC
22690928,7920,"Pigeons, Doves",Leptotrygon veraguensis,Olive-backed Quail-Dove,LC
22690854,7930,"Pigeons, Doves",Leptotila verreauxi,White-tipped Dove,LC
22690895,7970,"Pigeons, Doves",Leptotila ochraceiventris,Ochre-bellied Dove,VU
22690877,8000,"Pigeons, Doves",Leptotila rufaxilla,Grey-fronted Dove,LC
22690950,8080,"Pigeons, Doves",Zentrygon frenata,White-throated Quail-Dove,LC
22690946,8090,"Pigeons, Doves",Zentrygon linearis,Lined Quail-Dove,LC
22728096,9720,"Pigeons, Doves",Ducula myristicivora,Spice Imperial-pigeon,LC
22691724,9740,"Pigeons, Doves",Ducula rufigaster,Purple-tailed Imperial-pigeon,LC
22725292,9750,"Pigeons, Doves",Ducula basilica,Cinnamon-bellied Imperial-pigeon,LC
22691734,9780,"Pigeons, Doves",Ducula chalconota,Shining Imperial-pigeon,LC
22691694,9790,"Pigeons, Doves",Ducula pistrinaria,Island Imperial-pigeon,LC
22691710,9820,"Pigeons, Doves",Ducula pickeringii,Grey Imperial-pigeon,NT
22691760,9870,"Pigeons, Doves",Ducula pinon,Pinon's Imperial-pigeon,LC
22691775,9900,"Pigeons, Doves",Ducula zoeae,Zoe's Imperial-pigeon,LC
22691794,9940,"Pigeons, Doves",Ducula cineracea,Timor Imperial-pigeon,NT
22691341,10160,"Pigeons, Doves",Ramphiculus jambu,Jambu Fruit-dove,VU
22728146,10180,"Pigeons, Doves",Ramphiculus subgularis,Banggai Fruit-dove,NT
22691327,10210,"Pigeons, Doves",Ramphiculus occipitalis,Yellow-breasted Fruit-dove,LC
62759683,10250,"Pigeons, Doves",Alectroenas payandeei,Rodrigues Blue-pigeon,EX
22691588,10260,"Pigeons, Doves",Alectroenas madagascariensis,Madagascar Blue-pigeon,NT
22691605,10280,"Pigeons, Doves",Alectroenas pulcherrimus,Seychelles Blue-pigeon,LC
22691585,10290,"Pigeons, Doves",Drepanoptila holosericea,Cloven-feathered Dove,LC
22691577,10310,"Pigeons, Doves",Chrysoena luteovirens,Golden Dove,LC
22691568,10340,"Pigeons, Doves",Ptilinopus arcanus,Negros Fruit-dove,CR
22728089,10430,"Pigeons, Doves",Ptilinopus speciosus,Geelvink Fruit-dove,LC
22691386,10450,"Pigeons, Doves",Ptilinopus tannensis,Tanna Fruit-dove,LC
22691391,10490,"Pigeons, Doves",Ptilinopus aurantiifrons,Orange-fronted Fruit-dove,LC
22728052,10500,"Pigeons, Doves",Ptilinopus ornatus,Western Ornate Fruit-dove,LC
22691544,10530,"Pigeons, Doves",Ptilinopus iozonus,Orange-bellied Fruit-dove,LC
22691519,10550,"Pigeons, Doves",Ptilinopus viridis,Claret-breasted Fruit-dove,LC
22728066,10690,"Pigeons, Doves",Ptilinopus porphyraceus,Tongan Fruit-dove,LC
22691410,10710,"Pigeons, Doves",Ptilinopus perousii,Many-coloured Fruit-dove,LC
22691485,10740,"Pigeons, Doves",Ptilinopus chalcurus,Makatea Fruit-dove,VU
60760066,10760,"Pigeons, Doves",Ptilinopus chrysogaster,Raiatea Fruit-dove,EN
22691465,10770,"Pigeons, Doves",Ptilinopus rarotongensis,Rarotonga Fruit-dove,NT
60759996,10780,"Pigeons, Doves",Ptilinopus purpuratus,Grey-green Fruit-dove,LC
22727557,10860,"Pigeons, Doves",Hemiphaga novaeseelandiae,New Zealand Pigeon,LC
22691847,10900,"Pigeons, Doves",Cryptophaps poecilorrhoa,Sombre Pigeon,LC
45448755,10930,"Pigeons, Doves",Gymnophaps mada,Buru Mountain-pigeon,LC
22692980,10970,Sandgrouse,Syrrhaptes paradoxus,Pallas's Sandgrouse,LC
22692994,11020,Sandgrouse,Pterocles senegallus,Spotted Sandgrouse,LC
22693009,11040,Sandgrouse,Pterocles personatus,Madagascar Sandgrouse,LC
22692983,11060,Sandgrouse,Pterocles alchata,Pin-tailed Sandgrouse,LC
22693013,11080,Sandgrouse,Pterocles decoratus,Black-faced Sandgrouse,LC
22734967,11140,Frogmouths,Rigidipenna inexpectata,Solomons Frogmouth,NT
22736125,11150,Frogmouths,Podargus ocellatus,Marbled Frogmouth,LC
22686450,12740,Swifts,Cypseloides rothschildi,Rothschild's Swift,LC
22686434,12790,Swifts,Streptoprocne phelpsi,Tepui Swift,LC
22686482,12820,Swifts,Streptoprocne semicollaris,White-naped Swift,LC
22686630,12830,Swifts,Mearnsia picina,Philippine Spinetail,NT
22686649,12870,Swifts,Zoonavena sylvatica,White-rumped Spinetail,LC
22686652,12880,Swifts,Telacanthura ussheri,Mottled Spinetail,LC
22686664,12910,Swifts,Rhaphidura sabini,Sabine's Spinetail,LC
22686698,12960,Swifts,Chaetura martinica,Lesser Antillean Swift,LC
22686706,12980,Swifts,Chaetura egregia,Pale-rumped Swift,LC
22686677,13110,Swifts,Hirundapus caudacutus,White-throated Needletail,LC
22686684,13120,Swifts,Hirundapus cochinchinensis,Silver-backed Needletail,LC
22686687,13130,Swifts,Hirundapus giganteus,Brown-backed Needletail,LC
22686498,13160,Swifts,Collocalia linchi,Cave Swiftlet,LC
22686549,13350,Swifts,Aerodramus whiteheadi,Whitehead's Swiftlet,DD
22728501,13360,Swifts,Aerodramus nuditarsus,Bare-legged Swiftlet,LC
22686543,13420,Swifts,Aerodramus vulcanorum,Volcano Swiftlet,LC
22686581,13450,Swifts,Aerodramus sawtelli,Atiu Swiftlet,VU
22728583,13490,Swifts,Aerodramus bartschi,Mariana Swiftlet,VU
22686736,13610,Swifts,Aeronautes montivagus,White-tipped Swift,LC
22686742,13630,Swifts,Tachornis phoenicobia,Antillean Palm Swift,LC
22686751,13650,Swifts,Tachornis squamata,Fork-tailed Palm Swift,LC
22686769,13700,Swifts,Cypsiurus balasiensis,Asian Palm Swift,LC
22686788,13730,Swifts,Tachymarptis aequatorialis,Mottled Swift,LC
22686853,13740,Swifts,Apus acuticauda,Dark-rumped Swift,NT
22686845,13750,Swifts,Apus pacificus,Pacific Swift,LC
22686887,13770,Swifts,Apus batesi,Bates's Swift,LC
22686861,13790,Swifts,Apus nipalensis,House Swift,LC
22686815,13890,Swifts,Apus pallidus,Pallid Swift,LC
22687097,13990,Hummingbirds,Florisuga mellivora,White-necked Jacobin,LC
22687022,14030,Hummingbirds,Ramphodon naevius,Saw-billed Hermit,LC
22686925,14070,Hummingbirds,Threnetes ruckeri,Band-tailed Barbthroat,LC
22686952,14140,Hummingbirds,Phaethornis hispidus,White-bearded Hermit,LC
22687914,15680,Hummingbirds,Eriocnemis vestita,Glowing Puffleg,LC
61162182,15720,Hummingbirds,Eriocnemis luciani,Sapphire-vented Puffleg,LC
22687933,15740,Hummingbirds,Eriocnemis mosquera,Golden-breasted Puffleg,LC
22687936,15750,Hummingbirds,Eriocnemis glaucopoides,Blue-capped Puffleg,LC
22687939,15760,Hummingbirds,Eriocnemis mirabilis,Colorful Puffleg,EN
22687944,15770,Hummingbirds,Eriocnemis aline,Emerald-bellied Puffleg,LC
22687810,15850,Hummingbirds,Coeligena wilsoni,Brown Inca,LC
22687813,15860,Hummingbirds,Coeligena prunellei,Black Inca,VU
22726736,15890,Hummingbirds,Coeligena eisenmanni,Vilcabamba Inca,LC
22726750,15940,Hummingbirds,Coeligena violifer,Bolivian Starfrontlet,LC
61173094,15990,Hummingbirds,Coeligena consita,Perija Starfrontlet,EN
61173059,16010,Hummingbirds,Coeligena eos,Golden Starfrontlet,LC
22687834,16020,Hummingbirds,Coeligena helianthea,Blue-throated Starfrontlet,LC
22687871,16100,Hummingbirds,Boissonneaua matthewsii,Chestnut-breasted Coronet,LC
22725814,16130,Hummingbirds,Urochroa bougueri,Rufous-gaped Hillstar,LC
22687962,16160,Hummingbirds,Urosticte benjamini,Purple-bibbed Whitetip,LC
22687721,16190,Hummingbirds,Heliodoxa gularis,Pink-throated Brilliant,LC
22687725,16200,Hummingbirds,Heliodoxa branickii,Rufous-webbed Brilliant,LC
45450143,16220,Hummingbirds,Heliodoxa whitelyana,Black-breasted Brilliant,LC
22687731,16230,Hummingbirds,Heliodoxa aurescens,Gould's Brilliant,LC
22687737,16240,Hummingbirds,Heliodoxa rubinoides,Fawn-breasted Brilliant,LC
22687715,16260,Hummingbirds,Heliodoxa imperatrix,Empress Brilliant,LC
22687712,16290,Hummingbirds,Clytolaema rubricauda,Brazilian Ruby,LC
22687785,16300,Hummingbirds,Patagona gigas,Giant Hummingbird,LC
22688135,16370,Hummingbirds,Heliomaster constantii,Plain-capped Starthroat,LC
22687672,16410,Hummingbirds,Lampornis viridipallens,Green-throated Mountain-gem,LC
22687676,16420,Hummingbirds,Lampornis sybillae,Green-breasted Mountain-gem,LC
22688241,16580,Hummingbirds,Myrtis fanny,Purple-collared Woodstar,LC
22688172,16700,Hummingbirds,Doricha enicura,Slender Sheartail,LC
133484007,16770,Hummingbirds,Nesophlox lyrura,Lyre-tailed Hummingbird,LC
22688305,16890,Hummingbirds,Selasphorus scintilla,Scintillant Hummingbird,LC
22687330,16920,Hummingbirds,Riccordia ricordii,Cuban Emerald,LC
22687339,16960,Hummingbirds,Riccordia maugaeus,Puerto Rican Emerald,LC
22725767,16980,Hummingbirds,Cynanthus latirostris,Broad-billed Hummingbird,LC
22726267,16990,Hummingbirds,Cynanthus lawrencei,Tres Marias Hummingbird,NT
22724454,17020,Hummingbirds,Cynanthus forficatus,Cozumel Emerald,LC
22684483,18450,Cuckoos,Neomorphus pucheranii,Red-billed Ground-cuckoo,LC
22684148,18490,Cuckoos,Coua gigas,Giant Coua,VU
22684152,18500,Cuckoos,Coua coquereli,Coquerel's Coua,LC
22684156,18510,Cuckoos,Coua serriana,Red-breasted Coua,LC
22684164,18530,Cuckoos,Coua cursor,Running Coua,LC
22725453,18560,Cuckoos,Coua cristata,Crested Coua,LC
22684206,18670,Cuckoos,Centropus ateralbus,Pied Coucal,LC
22684303,18750,Cuckoos,Centropus celebensis,Bay Coucal,LC
22684266,18760,Cuckoos,Centropus anselli,Gabon Coucal,LC
22684280,18800,Cuckoos,Centropus cupreicaudus,Coppery-tailed Coucal,LC
22684232,18840,Cuckoos,Centropus andamanensis,Andaman Coucal,LC
22684195,18850,Cuckoos,Centropus goliath,Goliath Coucal,LC
22684092,19060,Cuckoos,Phaenicophaeus diardi,Black-bellied Malkoha,NT
22725423,19090,Cuckoos,Phaenicophaeus curvirostris,Chestnut-breasted Malkoha,LC
22725431,19100,Cuckoos,Phaenicophaeus oeneicaudus,Mentawai Malkoha,LC
22684318,19210,Cuckoos,Coccycua cinerea,Ash-colored Cuckoo,LC
22684334,19270,Cuckoos,Coccyzus euleri,Pearly-breasted Cuckoo,LC
22684337,19280,Cuckoos,Coccyzus minor,Mangrove Cuckoo,LC
22684343,19300,Cuckoos,Coccyzus melacoryphus,Dark-billed Cuckoo,LC
22684346,19320,Cuckoos,Coccyzus lansbergi,Grey-capped Cuckoo,LC
22728153,19350,Cuckoos,Coccyzus merlini,Cuban Lizard-cuckoo,LC
22684399,19370,Cuckoos,Coccyzus vetula,Jamaican Lizard-cuckoo,LC
22684072,19490,Cuckoos,Urodynamis taitensis,Long-tailed Koel,LC
22684000,19590,Cuckoos,Chrysococcyx maculatus,Asian Emerald Cuckoo,LC
22684003,19600,Cuckoos,Chrysococcyx xanthorhynchus,Violet Cuckoo,LC
22683941,19710,Cuckoos,Cacomantis flabelliformis,Fan-tailed Cuckoo,LC
22683846,19930,Cuckoos,Hierococcyx varius,Common Hawk-Cuckoo,LC
22683850,19940,Cuckoos,Hierococcyx vagans,Moustached Hawk-Cuckoo,NT
22692907,21970,"Rails, Gallinules, Coots",Fulica cristata,Red-knobbed Coot,LC
62169677,22000,"Rails, Gallinules, Coots",Fulica americana,American Coot,LC
22692943,22050,"Rails, Gallinules, Coots",Fulica gigantea,Giant Coot,LC
45478181,22090,Trumpeters,Psophia crepitans,Grey-winged Trumpeter,LC
45470698,22130,Trumpeters,Psophia dextralis,Olive-winged Trumpeter,EN
45470702,22140,Trumpeters,Psophia obscura,Black-winged Trumpeter,CR
22692046,22180,Cranes,Balearica regulorum,Grey Crowned Crane,EN
22692053,22200,Cranes,Leucogeranus leucogeranus,Siberian Crane,CR
22692129,22210,Cranes,Bugeranus carunculatus,Wattled Crane,VU
22691900,22340,Bustards,Otis tarda,Great Bustard,EN
22692007,22390,Bustards,Lissotis melanogaster,Black-bellied Bustard,LC
22691910,22400,Bustards,Neotis ludwigii,Ludwig's Bustard,EN
22691914,22430,Bustards,Neotis nuba,Nubian Bustard,VU
22691960,22510,Bustards,Lophotis gindiana,Buff-crested Bustard,LC
22691965,22520,Bustards,Lophotis ruficrista,Red-crested Bustard,LC
22691970,22570,Bustards,Afrotis afraoides,Northern Black Bustard,LC
22688420,22640,Turacos,Crinifer zonurus,Eastern Plantain-eater,LC
22688312,22780,Turacos,Tauraco persa,Green Turaco,LC
22697829,22870,Loons/Divers,Gavia stellata,Red-throated Loon,LC
22697834,22880,Loons/Divers,Gavia arctica,Arctic Loon,LC
22697839,22890,Loons/Divers,Gavia pacifica,Pacific Loon,LC
22697748,22920,Penguins,Aptenodytes patagonicus,King Penguin,LC
22697797,22970,Penguins,Eudyptes schlegeli,Royal Penguin,LC
22697793,22980,Penguins,Eudyptes chrysolophus,Macaroni Penguin,VU
22697789,23010,Penguins,Eudyptes sclateri,Erect-crested Penguin,EN
22697805,23080,Penguins,Eudyptula minor,Little Penguin,LC
22697822,23100,Penguins,Spheniscus magellanicus,Magellanic Penguin,LC
22697817,23110,Penguins,Spheniscus humboldti,Humboldt Penguin,VU
22698442,23140,Southern Storm-petrels,Oceanites gracilis,White-vented Storm-petrel,DD
22698459,23210,Southern Storm-petrels,Fregetta tropica,Black-bellied Storm-petrel,LC
22698557,23300,Northern Storm-petrels,Hydrobates melania,Black Storm-petrel,LC
22698280,24890,"Petrels, Shearwaters",Pelecanoides garnotii,Peruvian Diving-petrel,NT
22698300,24920,"Petrels, Shearwaters",Pelecanoides urinatrix,Common Diving-petrel,LC
22697713,24970,Storks,Leptoptilos javanicus,Lesser Adjutant,NT
22697654,24990,Storks,Mycteria ibis,Yellow-billed Stork,LC
22697651,25010,Storks,Mycteria cinerea,Milky Stork,EN
22697669,25040,Storks,Ciconia nigra,Black Stork,LC
22697702,25140,Storks,Ephippiorhynchus asiaticus,Black-necked Stork,LC
22697706,25150,Storks,Ephippiorhynchus senegalensis,Saddle-billed Stork,NT
22697561,25210,"Ibises, Spoonbills",Platalea regia,Royal Spoonbill,LC
22697519,25260,"Ibises, Spoonbills",Threskiornis moluccus,Australian Ibis,LC
22734000,25440,"Ibises, Spoonbills",Theristicus melanopis,Black-faced Ibis,LC
22697432,25460,"Ibises, Spoonbills",Cercibis oxycerca,Sharp-tailed Ibis,LC
22697415,25500,"Ibises, Spoonbills",Eudocimus ruber,Scarlet Ibis,LC
22697422,25510,"Ibises, Spoonbills",Plegadis falcinellus,Glossy Ibis,LC
22697504,25540,"Ibises, Spoonbills",Lophotibis cristata,Madagascar Crested Ibis,VU
22697353,25650,Herons,Botaurus poiciloptilus,Australasian Bittern,VU
22697323,25750,Herons,Ixobrychus cinnamomeus,Cinnamon Bittern,LC
22697327,25760,Herons,Ixobrychus sturmii,Dwarf Bittern,LC
22697242,25810,Herons,Gorsachius melanolophus,Malay Night Heron,LC
22697226,25820,Herons,Calherodius leuconotus,White-backed Night Heron,LC
22728781,25830,Herons,Nycticorax duboisi,Reunion Night Heron,EX
181501221,26040,Herons,Ardea occidentalis,Great White Heron,EN
22696944,26290,Herons,Egretta caerulea,Little Blue Heron,LC
22696974,26300,Herons,Egretta thula,Snowy Egret,LC
22729692,26320,Herons,Egretta gularis,Western Reef-egret,LC
22697356,26390,Hamerkop,Scopus umbretta,Hamerkop,LC
22697599,26410,Pelicans,Pelecanus crispus,Dalmatian Pelican,NT
22697611,26480,Pelicans,Pelecanus erythrorhynchos,American White Pelican,LC
22696657,26560,"Gannets, Boobies",Morus bassanus,Northern Gannet,LC
22696694,26590,"Gannets, Boobies",Sula sula,Red-footed Booby,LC
22696743,26720,Cormorants,Microcarbo melanoleucos,Little Pied Cormorant,LC
22693532,28470,Jacanas,Actophilornis albinucha,Madagascar Jacana,EN
22693195,28570,"Sandpipers, Snipes, Phalaropes",Numenius americanus,Long-billed Curlew,LC
22693150,28630,"Sandpipers, Snipes, Phalaropes",Limosa limosa,Black-tailed Godwit,NT
22693356,28680,"Sandpipers, Snipes, Phalaropes",Calidris virgata,Surfbird,LC
22693388,28740,"Sandpipers, Snipes, Phalaropes",Calidris temminckii,Temminck's Stint,LC
22693424,28800,"Sandpipers, Snipes, Phalaropes",Calidris ptilocnemis,Rock Sandpiper,LC
22693348,28990,"Sandpipers, Snipes, Phalaropes",Limnodromus scolopaceus,Long-billed Dowitcher,NT
22693056,29010,"Sandpipers, Snipes, Phalaropes",Scolopax mira,Amami Woodcock,NT
22729848,29030,"Sandpipers, Snipes, Phalaropes",Scolopax rosenbergii,New Guinea Woodcock,LC
22729854,29040,"Sandpipers, Snipes, Phalaropes",Scolopax bukidnonensis,Bukidnon Woodcock,LC
22727509,29110,"Sandpipers, Snipes, Phalaropes",Coenocorypha huegeli,Snares Island Snipe,NT
22693102,29230,"Sandpipers, Snipes, Phalaropes",Gallinago nigripennis,African Snipe,LC
22693243,29420,"Sandpipers, Snipes, Phalaropes",Tringa ochropus,Green Sandpiper,LC
22693207,29480,"Sandpipers, Snipes, Phalaropes",Tringa erythropus,Spotted Redshank,LC
22693211,29510,"Sandpipers, Snipes, Phalaropes",Tringa totanus,Common Redshank,LC
22680500,29550,Buttonquails,Turnix sylvaticus,Common Buttonquail,LC
22680539,29570,Buttonquails,Turnix tanki,Yellow-legged Buttonquail,LC
22725531,29580,Buttonquails,Turnix nanus,Black-rumped Buttonquail,LC
22694099,29790,"Coursers, Pratincoles",Rhinoptilus cinctus,Three-banded Courser,LC
22735845,29820,"Coursers, Pratincoles",Cursorius cursor,Cream-coloured Courser,LC
22732297,29830,"Coursers, Pratincoles",Cursorius somalensis,Somali Courser,LC
22694120,29850,"Coursers, Pratincoles",Cursorius temminckii,Temminck's Courser,LC
22694124,29860,"Coursers, Pratincoles",Cursorius coromandelicus,Indian Courser,NT
22694132,29900,"Coursers, Pratincoles",Glareola maldivarum,Oriental Pratincole,LC
22694136,29910,"Coursers, Pratincoles",Glareola nordmanni,Black-winged Pratincole,NT
22694148,29940,"Coursers, Pratincoles",Glareola cinerea,Grey Pratincole,LC
22727746,30000,"Gulls, Terns, Skimmers",Anous ceruleus,Blue Noddy,LC
216558622,30030,"Gulls, Terns, Skimmers",Gygis alba,Atlantic White Tern,LC
22694493,30130,"Gulls, Terns, Skimmers",Creagrus furcatus,Swallow-tailed Gull,LC
22694432,30180,"Gulls, Terns, Skimmers",Larus philadelphia,Bonaparte's Gull,LC
22688511,31700,Barn-owls,Tyto glaucops,Ashy-faced Owl,LC
22689398,31840,Typical Owls,Ninox rudolfi,Sumba Boobook,NT
62023843,31910,Typical Owls,Ninox novaeseelandiae,Morepork,LC
22725653,31960,Typical Owls,Ninox japonica,Northern Boobook,LC
22728252,31990,Typical Owls,Ninox spilocephala,Mindanao Boobook,NT
22725505,32020,Typical Owls,Ninox rumseyi,Cebu Boobook,VU
22725512,32030,Typical Owls,Ninox leventisi,Camiguin Boobook,VU
22727900,32080,Typical Owls,Ninox hypogramma,Halmahera Boobook,LC
22689452,32120,Typical Owls,Ninox natalis,Christmas Island Boobook,VU
22689460,32130,Typical Owls,Ninox theomacha,Jungle Boobook,LC
22689490,32290,Typical Owls,Uroglaux dimorpha,Papuan Hawk-owl,LC
22689335,32410,Typical Owls,Athene blewitti,Forest Owlet,EN
22689290,32530,Typical Owls,Glaucidium capense,African Barred Owlet,LC
22729005,32570,Typical Owls,Glaucidium costaricanum,Costa Rican Pygmy-owl,LC
22724604,32580,Typical Owls,Glaucidium nubicola,Cloud-forest Pygmy-owl,VU
22724465,32620,Typical Owls,Glaucidium sanchezi,Tamaulipas Pygmy-owl,NT
22729012,32630,Typical Owls,Glaucidium griseiceps,Central American Pygmy-owl,LC
22689234,32650,Typical Owls,Glaucidium hardyi,Amazonian Pygmy-owl,LC
22688548,32950,Typical Owls,Otus sagittatus,White-fronted Scops-owl,VU
22688559,32980,Typical Owls,Otus icterorhynchus,Sandy Scops-owl,LC
22724390,33110,Typical Owls,Otus enganensis,Enggano Scops-owl,LC
22728447,33130,Typical Owls,Otus alius,Nicobar Scops-owl,NT
279197053,33210,Typical Owls,Otus senegalensis,African Scops-owl,LC
155019839,33270,Typical Owls,Otus cyprius,Cyprus Scops-owl,LC
22735960,33320,Typical Owls,Otus rutilus,Madagascar Scops-owl,LC
22724585,33360,Typical Owls,Otus moheliensis,Moheli Scops-owl,EN
22695293,35310,"Hawks, Eagles",Spilornis cheela,Crested Serpent-eagle,LC
22695330,35390,"Hawks, Eagles",Dryotriorchis spectabilis,Congo Serpent-eagle,LC
22696012,35410,"Hawks, Eagles",Pithecophaga jefferyi,Philippine Eagle,CR
22732272,35430,"Hawks, Eagles",Circaetus beaudouini,Beaudouin's Snake-eagle,VU
22695277,35460,"Hawks, Eagles",Circaetus fasciolatus,Southern Banded Snake-eagle,NT
22695254,35500,"Hawks, Eagles",Sarcogyps calvus,Red-headed Vulture,CR
22695250,35510,"Hawks, Eagles",Trigonoceps occipitalis,White-headed Vulture,CR
22695207,35590,"Hawks, Eagles",Gyps rueppelli,Rüppell's Vulture,CR
22695238,35630,"Hawks, Eagles",Torgos tracheliotos,Lappet-faced Vulture,EN
22696165,35700,"Hawks, Eagles",Nisaetus bartelsi,Javan Hawk-eagle,EN
22696159,35720,"Hawks, Eagles",Nisaetus alboniger,Blyth's Hawk-eagle,LC
22732096,35770,"Hawks, Eagles",Nisaetus floris,Flores Hawk-eagle,EN
22696197,35860,"Hawks, Eagles",Spizaetus ornatus,Ornate Hawk-eagle,NT
22696038,35940,"Hawks, Eagles",Aquila nipalensis,Steppe Eagle,EN
22695376,36270,"Hawks, Eagles",Circus assimilis,Spotted Harrier,LC
22695379,36280,"Hawks, Eagles",Circus maurus,Black Harrier,EN
22695396,36320,"Hawks, Eagles",Circus macrourus,Pallid Harrier,NT
22727721,36510,"Hawks, Eagles",Accipiter hiogaster,Variable Goshawk,LC
22695532,36560,"Hawks, Eagles",Accipiter melanochlamys,Black-mantled Goshawk,LC
22695610,36710,"Hawks, Eagles",Accipiter rhodogaster,Vinous-breasted Sparrowhawk,LC
22695613,36720,"Hawks, Eagles",Accipiter madagascariensis,Madagascar Sparrowhawk,NT
22695619,36730,"Hawks, Eagles",Accipiter ovampensis,Ovambo Sparrowhawk,LC
22726830,38330,Trogons,Trogon elegans,Elegant Trogon,LC
22682413,38520,Hornbills,Lophoceros nasutus,African Grey Hornbill,LC
22682507,38690,Hornbills,Berenicornis comatus,White-crowned Hornbill,EN
22682621,38750,Hornbills,Ceratogymna atrata,Black-casqued Hornbill,NT
22682577,38770,Hornbills,Bycanistes subcylindricus,Black-and-white-casqued Hornbill,LC
22725962,38810,Hornbills,Bycanistes fistulator,Western Piping Hornbill,LC
22725974,38820,Hornbills,Bycanistes sharpii,Eastern Piping Hornbill,LC
22682450,38890,Hornbills,Buceros rhinoceros,Rhinoceros Hornbill,VU
22682504,39050,Hornbills,Rhabdotorrhinus exarhatus,Sulawesi Hornbill,VU
22682528,39160,Hornbills,Rhyticeros undulatus,Wreathed Hornbill,VU
22729402,39210,Hoopoes,Upupa marginata,Madagascar Hoopoe,LC
22682667,39250,Woodhoopoes,Phoeniculus purpureus,Green Woodhoopoe,LC
22682704,39310,Woodhoopoes,Rhinopomastus cyanomelas,Common Scimitarbill,LC
22683706,39380,Bee-eaters,Merops breweri,Black-headed Bee-eater,LC
22725888,39440,Bee-eaters,Merops viridissimus,African Green Bee-eater,LC
22683761,39470,Bee-eaters,Merops leschenaulti,Chestnut-headed Bee-eater,LC
22725908,39490,Bee-eaters,Merops americanus,Rufous-crowned Bee-eater,LC
22683756,39530,Bee-eaters,Merops apiaster,European Bee-eater,LC
61627085,39570,Bee-eaters,Merops lafresnayii,Ethiopian Bee-eater,LC
61627052,39590,Bee-eaters,Merops variegatus,Blue-breasted Bee-eater,LC
22682961,39860,Ground-rollers,Atelornis crossleyi,Rufous-headed Ground-roller,NT
22682983,39930,Motmots,Aspatha gularis,Blue-throated Motmot,LC
22683001,39940,Motmots,Momotus mexicanus,Russet-crowned Motmot,LC
61634591,39950,Motmots,Momotus coeruliceps,Blue-capped Motmot,LC
61634940,39980,Motmots,Momotus bahamensis,Trinidad Motmot,LC
22682989,40050,Motmots,Electron carinatum,Keel-billed Motmot,VU
22683174,40080,Kingfishers,Ispidina lecontei,African Dwarf-kingfisher,LC
22683165,40090,Kingfishers,Ispidina picta,African Pygmy-kingfisher,LC
61655451,40180,Kingfishers,Ceyx melanurus,North Philippine Dwarf-kingfisher,LC
22683144,40210,Kingfishers,Ceyx rufidorsa,Rufous-backed Dwarf-kingfisher,LC
22726631,40290,Kingfishers,Ceyx sacerdotis,New Britain Dwarf-kingfisher,LC
22726979,40450,Kingfishers,Alcedo peninsulae,Malay Blue-banded Kingfisher,NT
22726971,40460,Kingfishers,Alcedo euryzona,Javan Blue-banded Kingfisher,CR
22683037,40490,Kingfishers,Alcedo quadribrachys,Shining-blue Kingfisher,LC
22683634,40620,Kingfishers,Megaceryle torquata,Ringed Kingfisher,LC
22683623,40630,Kingfishers,Megaceryle alcyon,Belted Kingfisher,LC
22683645,40640,Kingfishers,Ceryle rudis,Pied Kingfisher,LC
22726905,40690,Kingfishers,Lacedo pulchella,Banded Kingfisher,LC
22726913,40700,Kingfishers,Lacedo melanops,Black-faced Kingfisher,LC
22683255,40810,Kingfishers,Halcyon leucocephala,Grey-headed Kingfisher,LC
22683278,40830,Kingfishers,Halcyon chelicuti,Striped Kingfisher,LC
22683265,40860,Kingfishers,Halcyon senegaloides,Mangrove Kingfisher,LC
22683282,41030,Kingfishers,Todiramphus nigrocyaneus,Blue-black Kingfisher,NT
22683304,41050,Kingfishers,Todiramphus diops,Blue-and-white Kingfisher,LC
22683310,41060,Kingfishers,Todiramphus lazuli,Lazuli Kingfisher,LC
22725870,41140,Kingfishers,Todiramphus pelewensis,Palau Kingfisher,NT
22726919,41240,Kingfishers,Todiramphus veneratus,Tahiti Kingfisher,NT
22726889,41320,Kingfishers,Cittura cyanotis,Sulawesi Lilac Kingfisher,LC
22683582,41350,Kingfishers,Tanysiptera ellioti,Kofiau Paradise-kingfisher,NT
22725828,41400,Kingfishers,Tanysiptera sylvia,Buff-breasted Paradise-kingfisher,LC
22682174,41550,Jacamars,Brachygalba salmoni,Dusky-backed Jacamar,LC
22682200,41600,Jacamars,Galbula ruficauda,Rufous-tailed Jacamar,LC
22682209,41620,Jacamars,Galbula tombacea,White-chinned Jacamar,LC
61998257,41750,Puffbirds,Notharchus subtectus,Lesser Pied Puffbird,LC
61998234,41760,Puffbirds,Notharchus tectus,Greater Pied Puffbird,LC
22682258,41820,Puffbirds,Bucco capensis,Collared Puffbird,LC
22682261,41830,Puffbirds,Nystalus radiatus,Barred Puffbird,LC
22682277,41900,Puffbirds,Malacoptila fusca,White-chested Puffbird,LC
22682280,41910,Puffbirds,Malacoptila semicincta,Semicollared Puffbird,LC
22682292,41950,Puffbirds,Malacoptila panamensis,White-whiskered Puffbird,LC
22682286,41960,Puffbirds,Malacoptila fulvogularis,Black-streaked Puffbird,LC
22682301,42000,Puffbirds,Nonnula rubecula,Rusty-breasted Nunlet,LC
22682304,42010,Puffbirds,Nonnula sclateri,Fulvous-chinned Nunlet,LC
22682315,42040,Puffbirds,Nonnula ruficapilla,Rufous-capped Nunlet,LC
22682153,42150,Toucans,Ramphastos tucanus,Red-billed Toucan,LC
22682102,42160,Toucans,Ramphastos sulfuratus,Keel-billed Toucan,NT
22726239,42190,Toucans,Ramphastos culminatus,Yellow-ridged Toucan,LC
22726233,42210,Toucans,Ramphastos ariel,Ariel Toucan,NT
22726183,42350,Toucans,Aulacorhynchus atrogularis,Black-throated Toucanet,LC
22681981,42370,Toucans,Aulacorhynchus huallagae,Yellow-browed Toucanet,NT
22682055,42530,Toucans,Andigena hypoglauca,Grey-breasted Mountain-toucan,LC
22682050,42540,Toucans,Andigena laminirostris,Plate-billed Mountain-toucan,NT
22682061,42550,Toucans,Andigena cucullata,Hooded Mountain-toucan,LC
22727100,42590,Toucans,Selenidera reinwardtii,Red-billed Toucanet,LC
22727108,42600,Toucans,Selenidera langsdorffii,Green-billed Toucanet,LC
22682096,42610,Toucans,Selenidera gouldii,Gould's Toucanet,LC
22682093,42620,Toucans,Selenidera maculirostris,Spot-billed Toucanet,LC
22726186,42680,Toucans,Pteroglossus inscriptus,Lettered Araçari,LC
22682014,42740,Toucans,Pteroglossus castanotis,Chestnut-eared Araçari,LC
22681905,42870,New World Barbets,Capito aurovirens,Scarlet-crowned Barbet,LC
22681929,42950,New World Barbets,Capito brunneipectus,Brown-chested Barbet,LC
22726156,42990,New World Barbets,Eubucco richardsoni,Lemon-throated Barbet,LC
22727080,43040,New World Barbets,Eubucco glaucogularis,Blue-chinned Barbet,NT
22681953,43080,Prong-billed Barbets,Semnornis frantzii,Prong-billed Barbet,LC
22726130,43220,Asian Barbets,Psilopogon cyanotis,Blue-eared Barbet,LC
22726136,43230,Asian Barbets,Psilopogon duvaucelii,Black-eared Barbet,LC
22681665,43250,Asian Barbets,Psilopogon eximius,Bornean Barbet,LC
22681594,43260,Asian Barbets,Psilopogon lagrandieri,Red-vented Barbet,LC
22681622,43300,Asian Barbets,Psilopogon javensis,Black-banded Barbet,LC
22681625,43390,Asian Barbets,Psilopogon flavifrons,Yellow-fronted Barbet,LC
22681643,43440,Asian Barbets,Psilopogon monticola,Mountain Barbet,LC
22734433,43450,Asian Barbets,Psilopogon nuchalis,Taiwan Barbet,LC
22681885,43620,African barbets,Trachyphonus margaritatus,Yellow-breasted Barbet,LC
22681732,43690,African barbets,Cryptolybia olivacea,Green Barbet,LC
22726043,43710,African barbets,Gymnobucco cinereiceps,Grey-headed Barbet,LC
22726016,43740,African barbets,Gymnobucco calvus,Naked-faced Barbet,LC
22726061,43770,African barbets,Stactolaema leucogrammica,White-lined Barbet,LC
22681740,43830,African barbets,Pogoniulus coryphaea,Western Green Tinkerbird,LC
22681761,43840,African barbets,Pogoniulus atroflavus,Red-rumped Tinkerbird,LC
22681774,43890,African barbets,Pogoniulus chrysoconus,Yellow-fronted Tinkerbird,LC
22681786,43910,African barbets,Tricholaema hirsuta,Hairy-breasted Barbet,LC
22681794,43930,African barbets,Tricholaema frontata,Miombo Pied Barbet,LC
22725996,44130,African barbets,Trachylaemus togoensis,Togo Yellow-billed Barbet,LC
22725980,44140,African barbets,Trachylaemus purpuratus,Eastern Yellow-billed Barbet,LC
22680667,44150,Honeyguides,Prodotiscus insignis,Cassin's Honeybird,LC
22680677,44170,Honeyguides,Prodotiscus regulus,Brown-backed Honeybird,LC
22680647,44220,Honeyguides,Indicator meliphilus,Pallid Honeyguide,LC
22680608,44250,Honeyguides,Indicator maculatus,Spotted Honeyguide,LC
22680652,44270,Honeyguides,Indicator xanthonotus,Yellow-rumped Honeyguide,LC
22696380,47600,"Falcons, Caracaras",Falco araeus,Seychelles Kestrel,VU
22696410,47680,"Falcons, Caracaras",Falco dickinsoni,Dickinson's Kestrel,LC
22696414,47690,"Falcons, Caracaras",Falco zoniventris,Banded Kestrel,LC
22727786,47710,"Falcons, Caracaras",Falco ruficollis,Red-necked Falcon,LC
22696460,47800,"Falcons, Caracaras",Falco subbuteo,Eurasian Hobby,LC
22696523,47940,"Falcons, Caracaras",Falco fasciinucha,Taita Falcon,VU
22684744,48030,Cockatoos,Calyptorhynchus banksii,Red-tailed Black-cockatoo,LC
22684727,48060,Cockatoos,Zanda baudinii,Baudin's Black-cockatoo,CR
22684767,48110,Cockatoos,Cacatua leadbeateri,Pink Cockatoo,LC
200296187,48200,Cockatoos,Cacatua sulphurea,Yellow-crested Cockatoo,CR
22685291,48280,Parrots,Poicephalus gulielmi,Red-fronted Parrot,LC
22732670,48310,Parrots,Poicephalus fuscicollis,Brown-necked Parrot,LC
22685295,48360,Parrots,Poicephalus senegalus,Senegal Parrot,LC
22686014,48400,Parrots,Touit huetii,Scarlet-shouldered Parrotlet,LC
22686021,48420,Parrots,Touit dilectissimus,Blue-fronted Parrotlet,LC
22685907,48480,Parrots,Psilopsiagon aurifrons,Mountain Parakeet,LC
22685997,48520,Parrots,Nannopsittaca panychlora,Tepui Parrotlet,LC
22685956,48580,Parrots,Brotogeris tirica,Plain Parakeet,LC
22685983,48630,Parrots,Brotogeris cyanoptera,Cobalt-winged Parakeet,LC
22686090,48650,Parrots,Pionopsitta pileata,Pileated Parrot,LC
22686145,48730,Parrots,Pyrilia vulturina,Vulturine Parrot,LC
22686158,48740,Parrots,Hapalopsittaca amazonina,Rusty-faced Parrot,NT
22686168,48760,Parrots,Hapalopsittaca pyrrhops,Red-faced Parrot,EN
22686155,48770,Parrots,Hapalopsittaca melanotis,Black-winged Parrot,LC
22686195,48860,Parrots,Pionus chalcopterus,Bronze-winged Parrot,LC
22686172,48890,Parrots,Graydidascalus brachyurus,Short-tailed Parrot,LC
22686311,48900,Parrots,Alipiopsitta xanthops,Yellow-faced Parrot,NT
22686251,48950,Parrots,Amazona pretrei,Red-spectacled Amazon,VU
22686239,49010,Parrots,Amazona vittata,Puerto Rican Amazon,CR
22686268,49020,Parrots,Amazona finschi,Lilac-crowned Amazon,EN
22685035,50790,Parrots,Prosopeia personata,Masked Shining-parrot,NT
22685185,50810,Parrots,Eunymphicus cornutus,Horned Parakeet,VU
22728354,50820,Parrots,Eunymphicus uvaeensis,Ouvea Parakeet,VU
22685175,50880,Parrots,Cyanoramphus auriceps,Yellow-fronted Parakeet,NT
22685203,51040,Parrots,Neophema chrysogaster,Orange-bellied Parrot,CR
22684925,51070,Parrots,Psittacella brehmii,Brehm's Tiger-parrot,LC
45419842,51080,Parrots,Psittacella lorentzi,Snow Mountain Tiger-parrot,LC
22684661,51140,Parrots,Charmosyna palmarum,Palm Lorikeet,LC
22684668,51160,Parrots,Charmosyna meeki,Meek's Lorikeet,LC
22684704,51260,Parrots,Charmosyna josefinae,Josephine's Lorikeet,LC
22684636,51320,Parrots,Vini stepheni,Henderson Lorikeet,VU
22684581,51410,Parrots,Lorius garrulus,Chattering Lory,VU
22684586,51420,Parrots,Lorius domicella,Purple-naped Lory,EN
22684499,51520,Parrots,Chalcopsitta cardinalis,Cardinal Lory,LC
22684570,51540,Parrots,Psitteuteles versicolor,Varied Lorikeet,LC
22726309,51650,Parrots,Trichoglossus weberi,Flores Lorikeet,NT
22725310,51670,Parrots,Trichoglossus haematodus,Coconut Lorikeet,LC
22726315,51680,Parrots,Trichoglossus rosenbergii,Biak Lorikeet,VU
22727565,51730,Parrots,Trichoglossus flavoviridis,Yellow-and-green Lorikeet,NT
22725611,51840,Parrots,Psittaculirostris godmani,Yellow-naped Fig-parrot,LC
22684914,51970,Parrots,Bolbopsittacus lunulatus,Guaiabero,LC
22685376,52000,Parrots,Loriculus philippensis,Philippine Hanging-parrot,LC
22701318,55180,Typical Antbirds,Thamnophilus murinus,Mouse-colored Antshrike,LC
22701306,55210,Typical Antbirds,Thamnophilus cryptoleucus,Castelnau's Antshrike,LC
22733317,55270,Typical Antbirds,Thamnophilus ambiguus,Sooretama Slaty Antshrike,LC
22701338,55280,Typical Antbirds,Thamnophilus caerulescens,Variable Antshrike,LC
22701312,55290,Typical Antbirds,Thamnophilus unicolor,Uniform Antshrike,LC
22701266,55330,Typical Antbirds,Thamnophilus melanothorax,Band-tailed Antshrike,LC
22701335,55340,Typical Antbirds,Thamnophilus amazonicus,Amazonian Antshrike,LC
22733324,55360,Typical Antbirds,Thamnophilus divisorius,Acre Antshrike,LC
22701368,55440,Typical Antbirds,Xenornis setifrons,Spiny-faced Antshrike,NT
22701666,55460,Typical Antbirds,Cercomacra brasiliana,Rio de Janeiro Antbird,LC
22733838,55530,Typical Antbirds,Sciaphylax hemimelaena,Southern Chestnut-tailed Antbird,LC
103658606,55550,Typical Antbirds,Cercomacroides nigrescens,Blackish Antbird,LC
22701669,55590,Typical Antbirds,Cercomacroides tyrannina,Dusky Antbird,LC
22701680,55600,Typical Antbirds,Cercomacroides serva,Black Antbird,LC
22701614,55620,Typical Antbirds,Drymophila ferruginea,Ferruginous Antbird,LC
22701617,55630,Typical Antbirds,Drymophila rubricollis,Bertoni's Antbird,LC
22701629,55680,Typical Antbirds,Drymophila devillei,Striated Antbird,LC
103658669,55690,Typical Antbirds,Drymophila klagesi,Klages's Antbird,LC
103658673,55700,Typical Antbirds,Drymophila hellmayri,Santa Marta Antbird,NT
22701734,55750,Typical Antbirds,Hypocnemis hypoxantha,Yellow-browed Antwarbler,LC
22735485,55760,Typical Antbirds,Hypocnemis subflava,Yellow-breasted Antwarbler,LC
22735491,55800,Typical Antbirds,Hypocnemis ochrogyna,Rondonia Antwarbler,VU
22701971,55840,Typical Antbirds,Phaenostictus mcleannani,Ocellated Antbird,LC
22724941,55880,Typical Antbirds,Willisornis vidua,Xingu Scale-backed Antbird,LC
22701904,56040,Typical Antbirds,Rhegmatorhina berlepschi,Harlequin Antbird,LC
22701795,56100,Typical Antbirds,Myrmoderus ruficauda,Scalloped Antbird,EN
22701801,56120,Typical Antbirds,Myrmoderus squamosus,Squamate Antbird,LC
22701914,56140,Typical Antbirds,Hylophylax naevius,Spot-backed Antbird,LC
22701749,56180,Typical Antbirds,Sclateria naevia,Silvered Antbird,LC
22701770,56260,Typical Antbirds,Myrmelastes caurensis,Caura Antbird,LC
103659822,56270,Typical Antbirds,Poliocrania maculifer,Short-tailed Antbird,LC
103659811,56280,Typical Antbirds,Poliocrania exsul,Chestnut-backed Antbird,LC
22701779,56310,Typical Antbirds,Sipia berlepschi,Stub-tailed Antbird,LC
22724868,56330,Typical Antbirds,Sipia palliata,Magdalena Antbird,NT
22724857,56340,Typical Antbirds,Sipia laemosticta,Dull-mantled Antbird,LC
22701717,56420,Typical Antbirds,Myrmoborus leucophrys,White-browed Antbird,LC
22701841,56560,Typical Antbirds,Hafferia fortis,Sooty Antbird,LC
103660162,56570,Typical Antbirds,Hafferia zeledoni,Zeledon's Antbird,LC
22703149,59340,Ovenbirds,Lepidocolaptes leucogaster,White-striped Woodcreeper,LC
103670758,59410,Ovenbirds,Xenops genibarbis,Plain Xenops,LC
22702992,59440,Ovenbirds,Xenops tenuirostris,Slender-billed Xenops,LC
22703004,59480,Ovenbirds,Pygarrhichas albogularis,White-throated Treerunner,LC
22702046,59490,Ovenbirds,Ochetorhynchus andaecola,Rock Earthcreeper,LC
22702120,59500,Ovenbirds,Ochetorhynchus melanurus,Crag Earthcreeper,LC
22702751,59550,Ovenbirds,Pseudocolaptes boissonneauii,Streaked Tuftedcheek,LC
22702698,59570,Ovenbirds,Premnornis guttuliger,Rusty-winged Barbtail,LC
22702131,59610,Ovenbirds,Furnarius figulus,Wing-banded Hornero,LC
22702068,59770,Ovenbirds,Upucerthia albigula,White-throated Earthcreeper,LC
22702107,59970,Ovenbirds,Cinclodes nigrofumosus,Seaside Cinclodes,LC
22702881,60020,Ovenbirds,Anabazenops fuscus,White-collared Foliage-gleaner,LC
22703001,60030,Ovenbirds,Megaxenops parnaguae,Great Xenops,LC
103670955,60040,Ovenbirds,Cichlocolaptes leucophrus,Large Pale-browed Treehunter,LC
103671170,60060,Ovenbirds,Cichlocolaptes mazarbarnetti,Cryptic Treehunter,EX
22702855,60200,Ovenbirds,Anabacerthia lichtensteini,Ochre-breasted Foliage-gleaner,LC
22702777,60240,Ovenbirds,Syndactyla ruficollis,Rufous-necked Foliage-gleaner,LC
22702872,60270,Ovenbirds,Syndactyla ucayalae,Peruvian Recurvebill,LC
22702858,60300,Ovenbirds,Dendroma rufa,Buff-fronted Foliage-gleaner,LC
22736301,60360,Ovenbirds,Clibanornis rufipectus,Santa Marta Foliage-gleaner,VU
22702887,60370,Ovenbirds,Thripadectes ignobilis,Uniform Treehunter,LC
22702938,60450,Ovenbirds,Automolus melanopezus,Brown-rumped Foliage-gleaner,LC
232777230,60480,Ovenbirds,Automolus ochrolaemus,Ochre-throated Foliage-gleaner,LC
22736232,60530,Ovenbirds,Automolus lammi,Pernambuco Foliage-gleaner,EN
22702722,60650,Ovenbirds,Margarornis stellatus,Fulvous-dotted Treerunner,LC
22702729,60660,Ovenbirds,Margarornis squamiger,Pearled Treerunner,LC
22702183,60720,Ovenbirds,Leptasthenura xenothorax,White-browed Tit-spinetail,NT
22702179,60760,Ovenbirds,Leptasthenura pileata,Rusty-crowned Tit-spinetail,LC
103672686,60790,Ovenbirds,Leptasthenura berlepschi,Buffy Tit-spinetail,LC
103672675,60800,Ovenbirds,Leptasthenura aegithaloides,Plain-mantled Tit-spinetail,LC
103672703,60810,Ovenbirds,Leptasthenura pallida,Pallid Tit-spinetail,LC
103672834,60840,Ovenbirds,Phacellodomus inornatus,Plain Thornbird,LC
22702613,60860,Ovenbirds,Phacellodomus striaticeps,Streak-fronted Thornbird,LC
22702610,60870,Ovenbirds,Phacellodomus sibilatrix,Little Thornbird,LC
22702616,60900,Ovenbirds,Phacellodomus striaticollis,Freckle-breasted Thornbird,LC
22702527,61040,Ovenbirds,Asthenes berlepschi,Berlepsch's Canastero,NT
22702491,61050,Ovenbirds,Asthenes baeri,Short-billed Canastero,LC
22702582,61080,Ovenbirds,Asthenes hudsoni,Hudson's Canastero,NT
22702572,61100,Ovenbirds,Asthenes flammulata,Many-striped Canastero,LC
22702575,61110,Ovenbirds,Asthenes virgata,Junin Canastero,LC
22702555,61140,Ovenbirds,Asthenes humilis,Streak-throated Canastero,LC
22702209,61190,Ovenbirds,Asthenes coryi,Ochre-browed Thistletail,LC
22702200,61200,Ovenbirds,Asthenes perijana,Perija Thistletail,EN
22702250,61230,Ovenbirds,Asthenes helleri,Puna Thistletail,LC
103673988,61290,Ovenbirds,Asthenes ayacuchensis,Ayacucho Thistletail,NT
22724510,61380,Ovenbirds,Acrobatornis fonsecai,Pink-legged Graveteiro,NT
22702679,61390,Ovenbirds,Metopothrix aurantiaca,Orange-fronted Plushcrown,LC
22702687,61400,Ovenbirds,Xenerpestes minlosi,Double-banded Greytail,LC
22702695,61430,Ovenbirds,Roraimia adusta,Roraiman Barbtail,LC
103674421,61510,Ovenbirds,Cranioleuca marcapatae,Marcapata Spinetail,LC
22733869,61540,Ovenbirds,Cranioleuca vulpecula,Parker's Spinetail,LC
22702591,61550,Ovenbirds,Cranioleuca berlepschi,Russet-mantled Softtail,NT
22702451,61570,Ovenbirds,Cranioleuca dissita,Coiba Spinetail,LC
22702461,61580,Ovenbirds,Cranioleuca muelleri,Scaled Spinetail,LC
22702417,61610,Ovenbirds,Cranioleuca pallida,Pallid Spinetail,LC
22724592,61630,Ovenbirds,Cranioleuca henricae,Bolivian Spinetail,VU
22702503,61790,Ovenbirds,Pseudasthenes cactorum,Cactus Canastero,LC
22702740,61830,Ovenbirds,Pseudoseisura lophotes,Brown Cacholote,LC
22702276,61870,Ovenbirds,Schoeniophylax phryganophilus,Chotoy Spinetail,LC
22702381,62030,Ovenbirds,Synallaxis cinnamomea,Stripe-breasted Spinetail,LC
22702363,62050,Ovenbirds,Synallaxis cherriei,Chestnut-throated Spinetail,LC
103675609,62080,Ovenbirds,Synallaxis stictothorax,Necklaced Spinetail,LC
22702324,62180,Ovenbirds,Synallaxis macconnelli,McConnell's Spinetail,LC
22731699,63670,Tityras and allies,Myiobius sulphureipygius,Sulphur-rumped Flycatcher,LC
22700677,63870,Tityras and allies,Pachyramphus minor,Pink-throated Becard,LC
22700670,63880,Tityras and allies,Pachyramphus aglaiae,Rose-throated Becard,LC
22700641,63930,Tityras and allies,Pachyramphus cinnamomeus,Cinnamon Becard,LC
22700655,63990,Tityras and allies,Pachyramphus albogriseus,Black-and-white Becard,LC
103677383,64050,Tityras and allies,Schiffornis stenorhyncha,Russet-winged Mourner,LC
22701155,64160,Tyrant-flycatchers,Neopipo cinnamomea,Cinnamon Manakin-tyrant,LC
22699644,64240,Tyrant-flycatchers,Platyrinchus leucoryphus,Russet-winged Spadebill,VU
22699410,64290,Tyrant-flycatchers,Tachuris rubrigastra,Many-colored Rush-tyrant,LC
22698824,64310,Tyrant-flycatchers,Pseudotriccus simplex,Hazel-fronted Pygmy-tyrant,LC
22699494,64460,Tyrant-flycatchers,Phylloscartes roquettei,Minas Gerais Tyrannulet,NT
22699497,64470,Tyrant-flycatchers,Phylloscartes paulista,Sao Paulo Tyrannulet,NT
22724690,64500,Tyrant-flycatchers,Phylloscartes sylviolus,Bay-ringed Tyrannulet,LC
22699458,64530,Tyrant-flycatchers,Pogonotriccus ophthalmicus,Marble-faced Bristle-tyrant,LC
22698803,64640,Tyrant-flycatchers,Mionectes rufiventris,Grey-hooded Flycatcher,LC
103680303,64680,Tyrant-flycatchers,Leptopogon superciliaris,Slaty-capped Flycatcher,LC
22698852,64730,Tyrant-flycatchers,Taeniotriccus andrei,Black-chested Tyrant,LC
22699594,64760,Tyrant-flycatchers,Rhynchocyclus brevirostris,Eye-ringed Flatbill,LC
22729308,64790,Tyrant-flycatchers,Rhynchocyclus pacificus,Pacific Flatbill,LC
22699602,64800,Tyrant-flycatchers,Rhynchocyclus fulvipectus,Fulvous-breasted Flatbill,LC
22699605,64830,Tyrant-flycatchers,Tolmomyias sulphurescens,Yellow-olive Flatbill,LC
22699534,64930,Tyrant-flycatchers,Myiornis albiventris,White-bellied Pygmy-tyrant,LC
22699564,65000,Tyrant-flycatchers,Lophotriccus eulophotes,Long-crested Pygmy-tyrant,LC
22699574,65020,Tyrant-flycatchers,Atalotriccus pilaris,Pale-eyed Pygmy-tyrant,LC
22698859,65030,Tyrant-flycatchers,Hemitriccus minor,Snethlage's Tody-tyrant,LC
22698863,65090,Tyrant-flycatchers,Hemitriccus josephinae,Boat-billed Tody-tyrant,LC
22733826,65100,Tyrant-flycatchers,Hemitriccus zosterops,White-eyed Tody-tyrant,LC
22699430,66690,Tyrant-flycatchers,Pseudocolopteryx acutipennis,Subtropical Doradito,LC
22699337,66750,Tyrant-flycatchers,Serpophaga hypoleuca,River Tyrannulet,LC
22699369,66820,Tyrant-flycatchers,Uromyias agilis,Agile Tit-tyrant,LC
22699376,66830,Tyrant-flycatchers,Uromyias agraphia,Unstreaked Tit-tyrant,LC
22700318,66850,Tyrant-flycatchers,Colonia colonus,Long-tailed Tyrant,LC
22699898,66950,Tyrant-flycatchers,Silvicultrix frontalis,Crowned Chat-tyrant,LC
103682781,67000,Tyrant-flycatchers,Ochthoeca cinnamomeiventris,Slaty-backed Chat-tyrant,LC
103682791,67010,Tyrant-flycatchers,Ochthoeca nigrita,Blackish Chat-tyrant,LC
22699930,67030,Tyrant-flycatchers,Ochthoeca rufipectoralis,Rufous-breasted Chat-tyrant,LC
22699938,67060,Tyrant-flycatchers,Ochthoeca oenanthoides,d'Orbigny's Chat-Tyrant,LC
22700291,67240,Tyrant-flycatchers,Arundinicola leucocephala,White-headed Marsh-tyrant,LC
22700312,67250,Tyrant-flycatchers,Gubernetes yetapa,Streamer-tailed Tyrant,LC
22700303,67280,Tyrant-flycatchers,Alectrurus risora,Strange-tailed Tyrant,VU
103682943,67320,Tyrant-flycatchers,Knipolegus orenocensis,Riverside Tyrant,LC
22700228,67340,Tyrant-flycatchers,Knipolegus poecilocercus,Amazonian Black-tyrant,LC
22700250,67360,Tyrant-flycatchers,Knipolegus franciscanus,Caatinga Black-tyrant,LC
22700239,67410,Tyrant-flycatchers,Knipolegus cyanirostris,Blue-billed Black-tyrant,LC
22700132,67520,Tyrant-flycatchers,Muscisaxicola maculirostris,Spot-billed Ground-tyrant,LC
22733765,67530,Tyrant-flycatchers,Muscisaxicola griseus,Taczanowski's Ground-tyrant,LC
22700168,67540,Tyrant-flycatchers,Muscisaxicola juninensis,Puna Ground-tyrant,LC
22700183,67550,Tyrant-flycatchers,Muscisaxicola cinereus,Cinereous Ground-tyrant,LC
103683296,67580,Tyrant-flycatchers,Muscisaxicola rufivertex,Rufous-naped Ground-tyrant,LC
103683347,67590,Tyrant-flycatchers,Muscisaxicola occipitalis,Chestnut-naped Ground-tyrant,LC
22700142,67600,Tyrant-flycatchers,Muscisaxicola maclovianus,Dark-faced Ground-tyrant,LC
22700173,67610,Tyrant-flycatchers,Muscisaxicola albilora,White-browed Ground-tyrant,LC
22700123,67680,Tyrant-flycatchers,Polioxolmis rufipennis,Rufous-webbed Bush-tyrant,LC
22700007,67690,Tyrant-flycatchers,Xolmis pyrope,Fire-eyed Diucon,LC
22700035,67730,Tyrant-flycatchers,Xolmis irupero,White Monjita,LC
22700081,67780,Tyrant-flycatchers,Agriornis albicauda,White-tailed Shrike-tyrant,VU
22700104,67800,Tyrant-flycatchers,Agriornis micropterus,Grey-bellied Shrike-tyrant,LC
22699987,67830,Tyrant-flycatchers,Myiotheretes striaticollis,Streak-throated Bush-tyrant,LC
22699783,67940,Tyrant-flycatchers,Mitrephanes olivaceus,Olive Flycatcher,LC
22699886,67960,Tyrant-flycatchers,Sayornis phoebe,Eastern Phoebe,LC
22699874,68020,Tyrant-flycatchers,Empidonax occidentalis,Cordilleran Flycatcher,LC
22699864,68110,Tyrant-flycatchers,Empidonax oberholseri,American Dusky Flycatcher,LC
22735654,69780,Fairy-wrens,Amytornis ballarae,Kalkadoon Grasswren,VU
22704507,69850,Bristlebirds,Dasyornis brachypterus,Eastern Bristlebird,VU
22704502,69860,Bristlebirds,Dasyornis longirostris,Western Bristlebird,EN
22704364,69930,Honeyeaters,Phylidonyris niger,White-cheeked Honeyeater,LC
22703946,69960,Honeyeaters,Lichmera argentauris,Olive Honeyeater,LC
22703959,70000,Honeyeaters,Lichmera squamata,Scaly-breasted Honeyeater,LC
22703976,70040,Honeyeaters,Lichmera notabilis,Black-necklaced Honeyeater,LC
103685011,70070,Honeyeaters,Entomyzon cyanotis,Blue-faced Honeyeater,LC
103685045,70080,Honeyeaters,Entomyzon albipennis,White-quilled Honeyeater,LC
22704148,70140,Honeyeaters,Melithreptus validirostris,Strong-billed Honeyeater,VU
22704151,70170,Honeyeaters,Melithreptus brevirostris,Brown-headed Honeyeater,LC
103685978,70310,Honeyeaters,Foulehaio taviunensis,Fiji Wattled Honeyeater,LC
22704412,70380,Honeyeaters,Grantiella picta,Painted Honeyeater,LC
22704180,70430,Honeyeaters,Philemon kisserensis,Grey Friarbird,LC
22704176,70440,Honeyeaters,Philemon inornatus,Timor Friarbird,LC
22704193,70450,Honeyeaters,Philemon fuscicapillus,Dusky Friarbird,NT
22733441,70490,Honeyeaters,Philemon buceroides,Helmeted Friarbird,LC
103686550,70640,Honeyeaters,Myzomela cineracea,Ashy Myzomela,LC
103686571,70690,Honeyeaters,Myzomela obscura,Dusky Myzomela,LC
103686853,70800,Honeyeaters,Myzomela chloroptera,Sulawesi Myzomela,LC
22703868,70860,Honeyeaters,Myzomela cardinalis,Cardinal Myzomela,LC
22703898,70950,Honeyeaters,Myzomela jugularis,Sulphur-breasted Myzomela,LC
22703925,71070,Honeyeaters,Certhionyx variegatus,Pied Honeyeater,LC
22704447,71090,Honeyeaters,Anthornis melanura,New Zealand Bellbird,LC
22703937,71240,Honeyeaters,Stresemannia bougainvillei,Bougainville Honeyeater,LC
22704394,71260,Honeyeaters,Ramsayornis modestus,Brown-backed Honeyeater,LC
22704630,72720,Thornbills,Acanthiza pusilla,Brown Thornbill,LC
22704644,72750,Thornbills,Acanthiza iredalei,Slender-billed Thornbill,LC
22704638,72770,Thornbills,Acanthiza reguloides,Buff-rumped Thornbill,LC
22705576,73000,Old World Orioles,Pitohui dichrous,Hooded Pitohui,LC
22706452,73040,Old World Orioles,Sphecotheres hypoleucus,Wetar Figbird,LC
22706359,73110,Old World Orioles,Oriolus szalayi,Brown Oriole,LC
103691629,73120,Old World Orioles,Oriolus finschi,Wetar Oriole,LC
103691625,73130,Old World Orioles,Oriolus melanotis,Timor Oriole,LC
22706353,73150,Old World Orioles,Oriolus forsteni,Seram Oriole,LC
22706375,73210,Old World Orioles,Oriolus albiloris,White-lored Oriole,LC
22706440,73230,Old World Orioles,Oriolus hosii,Black Oriole,LC
22706415,73320,Old World Orioles,Oriolus monacha,Ethiopian Black-headed Oriole,LC
22706421,73330,Old World Orioles,Oriolus larvatus,Eastern Black-headed Oriole,LC
22705586,73510,Australo-Papuan bellbirds,Ornorectes cristatus,Piping Bellbird,LC
22705408,73520,Australo-Papuan bellbirds,Oreoica gutturalis,Crested Bellbird,LC
22705366,73530,Quail-thrushes and Jewel-babblers,Ptilorrhoa leucosticta,Spotted Jewel-babbler,LC
22705372,73540,Quail-thrushes and Jewel-babblers,Ptilorrhoa castanonota,Chestnut-backed Jewel-babbler,LC
103693235,73690,Shrike-tits,Falcunculus frontatus,Eastern Shrike-tit,LC
22705589,73710,Whistlers,Melanorectes nigrescens,Black Pitohui,LC
22705440,73900,Whistlers,Pachycephala cinerea,Mangrove Whistler,LC
22705449,73950,Whistlers,Pachycephala phaionota,Island Whistler,LC
22705531,74020,Whistlers,Pachycephala monacha,Black-headed Whistler,LC
22705540,74050,Whistlers,Pachycephala lanioides,White-breasted Whistler,LC
22706604,75720,Cuckooshrikes,Edolisoma ceramense,Pale Cicadabird,LC
22706607,75780,Cuckooshrikes,Edolisoma incertum,Black-shouldered Cicadabird,LC
22706548,75930,Cuckooshrikes,Cyanograucalus azureus,Blue Cuckooshrike,LC
22706681,75940,Cuckooshrikes,Lalage maculosa,Polynesian Triller,LC
22706657,75960,Cuckooshrikes,Lalage sueurii,White-shouldered Triller,LC
22706687,75970,Cuckooshrikes,Lalage leucopyga,Long-tailed Triller,LC
22706669,75990,Cuckooshrikes,Lalage aurea,Rufous-bellied Triller,LC
103702845,76010,Cuckooshrikes,Lalage leucoptera,Biak Triller,NT
103702994,76060,Cuckooshrikes,Lalage minor,Southern Black-and-white Triller,LC
22706654,76080,Cuckooshrikes,Lalage leucopygialis,White-rumped Triller,LC
22706636,76090,Cuckooshrikes,Lalage melaschistos,Black-winged Cuckooshrike,LC
22706642,76100,Cuckooshrikes,Lalage melanoptera,Black-headed Cuckooshrike,LC
22706299,76250,Woodswallows and Butcherbirds,Strepera versicolor,Grey Currawong,LC
22706285,76260,Woodswallows and Butcherbirds,Melloria quoyi,Black Butcherbird,LC
22706276,76280,Woodswallows and Butcherbirds,Cracticus cassicus,Hooded Butcherbird,LC
22706327,76380,Woodswallows and Butcherbirds,Artamus cinereus,Black-faced Woodswallow,LC
22706305,76410,Woodswallows and Butcherbirds,Artamus leucoryn,White-breasted Woodswallow,LC
22715086,76490,Vangas and allies,Newtonia brunneicauda,Common Newtonia,LC
22729398,76520,Vangas and allies,Tylas eduardi,Tylas Vanga,NT
22707821,76620,Vangas and allies,Pseudobias wardi,Ward's Vanga,NT
22708016,76640,Vangas and allies,Schetba rufa,Rufous Vanga,NT
22707760,76730,Vangas and allies,Prionops poliolophus,Grey-crested Helmetshrike,LC
103703914,76860,Vangas and allies,Tephrodornis affinis,Sri Lanka Woodshrike,LC
22707446,76930,Batises and Wattle-eyes,Lanioturdus torquatus,Ground Batis,LC
22725117,77070,Batises and Wattle-eyes,Batis minor,Eastern Black-headed Batis,LC
22734102,77080,Batises and Wattle-eyes,Batis erlangeri,Western Black-headed Batis,LC
22707910,77130,Batises and Wattle-eyes,Batis occulta,West African Batis,LC
22707966,77250,Batises and Wattle-eyes,Dyaphorophyia chalybea,Black-necked Wattle-eye,LC
22707975,77260,Batises and Wattle-eyes,Dyaphorophyia jamesoni,Jameson's Wattle-eye,LC
22706984,78980,Drongos,Dicrurus sumatranus,Sumatran Drongo,LC
22706999,79030,Drongos,Dicrurus megarhynchus,Ribbon-tailed Drongo,NT
103711122,79050,Drongos,Dicrurus paradiseus,Greater Racquet-tailed Drongo,LC
22705379,79170,Ifrit,Ifrita kowaldi,Blue-capped Ifrit,LC
22707354,79180,Monarch-flycatchers,Myiagra freycineti,Guam Flycatcher,EX
22707365,79210,Monarch-flycatchers,Myiagra pluto,Pohnpei Flycatcher,LC
22707403,79330,Monarch-flycatchers,Myiagra cyanoleuca,Satin Flycatcher,LC
103711371,79350,Monarch-flycatchers,Myiagra hebetior,Mussau Flycatcher,VU
103711768,79390,Monarch-flycatchers,Myiagra inquieta,Restless Flycatcher,LC
22707425,79480,Monarch-flycatchers,Grallina cyanoleuca,Magpie-lark,LC
22707274,79530,Monarch-flycatchers,Symposiachrus mundus,Black-bibbed Monarch,LC
22707313,79640,Monarch-flycatchers,Symposiachrus menckei,White-breasted Monarch,NT
103714482,79650,Monarch-flycatchers,Symposiachrus verticalis,Black-tailed Monarch,LC
22707326,79690,Monarch-flycatchers,Symposiachrus browni,Kolombangara Monarch,NT
22707339,79730,Monarch-flycatchers,Carterornis chrysomela,Golden Monarch,LC
22707261,79740,Monarch-flycatchers,Carterornis leucotis,White-eared Monarch,LC
22707255,79750,Monarch-flycatchers,Carterornis pileatus,White-naped Monarch,LC
22707210,79920,Monarch-flycatchers,Neolalage banksiana,Buff-bellied Monarch,LC
22707207,79930,Monarch-flycatchers,Mayrornis schistaceus,Vanikoro Monarch,VU
22707200,79940,Monarch-flycatchers,Mayrornis versicolor,Ogea Monarch,NT
22707243,80080,Monarch-flycatchers,Monarcha melanopsis,Black-faced Monarch,LC
103715865,80250,Monarch-flycatchers,Terpsiphone unirufa,Northern Rufous Paradise-flycatcher,LC
103715802,80260,Monarch-flycatchers,Terpsiphone cinnamomea,Southern Rufous Paradise-flycatcher,LC
103715992,80310,Monarch-flycatchers,Terpsiphone paradisi,Indian Paradise-flycatcher,LC
22705760,82270,Crows and jays,Cyanocorax formosus,White-throated Magpie-jay,LC
22705738,82280,Crows and jays,Cyanocorax yncas,Green Jay,LC
22705732,82340,Crows and jays,Cyanocorax cyanopogon,White-naped Jay,LC
22705693,82380,Crows and jays,Cyanocorax yucatanicus,Yucatan Jay,LC
22705687,82390,Crows and jays,Cyanocorax sanblasianus,San Blas Jay,LC
22706088,82420,Melampittas,Megalampitta gigantea,Greater Melampitta,LC
22706128,82520,Birds-of-paradise,Manucodia comrii,Curl-crested Manucode,LC
22706171,82560,Birds-of-paradise,Parotia sefilata,Western Parotia,LC
22706183,82570,Birds-of-paradise,Parotia wahnesi,Wahnes's Parotia,NT
103728331,82580,Birds-of-paradise,Parotia lawesii,Lawes's Parotia,LC
22706233,82610,Birds-of-paradise,Seleucidis melanoleucus,Twelve-wired Bird-of-paradise,LC
22706193,82660,Birds-of-paradise,Lophorina victoriae,Victoria's Riflebird,VU
181524214,82690,Birds-of-paradise,Lophorina minor,Eastern Superb Bird-of-Paradise,LC
22706186,82700,Birds-of-paradise,Lophorina magnifica,Magnificent Riflebird,LC
22706202,82840,Birds-of-paradise,Cicinnurus respublica,Wilson's Bird-of-paradise,NT
22706245,82890,Birds-of-paradise,Paradisaea minor,Lesser Bird-of-paradise,LC
103730503,82950,New Zealand wattlebirds,Philesturnus rufusater,North Island Saddleback,NT
22718140,83030,Berrypeckers and Longbills,Melanocharis longicauda,Mid-mountain Berrypecker,LC
103731114,83140,Satinbirds,Cnemophilus sanguineus,Red Satinbird,LC
22708108,83180,Picathartes,Picathartes gymnocephalus,White-necked Rockfowl,VU
22704761,83250,Australasian robins,Amalocichla incerta,Lesser Ground-robin,LC
22704920,83270,Australasian robins,Pachycephalopsis poliosoma,White-eyed Robin,LC
22735719,83340,Australasian robins,Petroica boodang,Scarlet Robin,LC
22704831,83400,Australasian robins,Petroica traversi,Black Robin,VU
22704769,83570,Australasian robins,Microeca fascinans,Jacky Winter,LC
22704928,83610,Australasian robins,Drymodes brunneopygia,Southern Scrub-robin,LC
22735674,83660,Australasian robins,Poecilodryas superciliosa,White-browed Robin,LC
22717228,85260,Larks,Eremopterix griseus,Ashy-crowned Sparrow-lark,LC
22717212,85270,Larks,Eremopterix signatus,Chestnut-headed Sparrow-lark,LC
22717127,85310,Larks,Calendulauda sabota,Sabota Lark,LC
22717112,85320,Larks,Calendulauda poecilosterna,Pink-breasted Lark,LC
200369092,85330,Larks,Calendulauda africanoides,Fawn-coloured Lark,LC
22717153,85420,Larks,Heteromirafra ruddi,Rudd's Lark,EN
103765243,85470,Larks,Mirafra fasciolata,Eastern Clapper Lark,LC
22730499,85490,Larks,Mirafra africana,Rufous-naped Lark,LC
22717068,85540,Larks,Mirafra rufocinnamomea,Flappet Lark,LC
22716992,85580,Larks,Mirafra passerina,Monotonous Lark,LC
216912582,85850,Larks,Alaudala heinei,Turkestan Short-toed Lark,LC
103766226,86010,Larks,Calandrella dukhunensis,Mongolian Short-toed Lark,LC
22717411,86110,Larks,Lullula arborea,Woodlark,LC
22717407,86140,Larks,Spizocorys fremantlii,Short-tailed Lark,LC
22717364,86150,Larks,Spizocorys personata,Masked Lark,LC
22717428,86200,Larks,Alauda razae,Raso Lark,CR
22717398,86250,Larks,Galerida modesta,Sun Lark,LC
22717387,86270,Larks,Galerida theklae,Thekla's Lark,LC
22717394,86300,Larks,Galerida deva,Sykes's Lark,LC
22713105,86340,Nicators,Nicator vireo,Yellow-throated Nicator,LC
22715140,86390,Crombecs and allies,Sylvietta rufescens,Long-billed Crombec,LC
22715135,86400,Crombecs and allies,Sylvietta isabellina,Somali Crombec,LC
22715099,86420,Crombecs and allies,Sylvietta virens,Green Crombec,LC
22714634,86510,Crombecs and allies,Melocichla mentalis,Moustached Grass-warbler,LC
22715158,86540,Crombecs and allies,Macrosphenus concolor,Grey Longbill,LC
22716153,86580,Cisticolas and allies,Neomixis viridis,Green Jery,NT
22730969,86650,Cisticolas and allies,Eremomela pusilla,Senegal Eremomela,LC
22715060,86700,Cisticolas and allies,Eremomela badiceps,Rufous-crowned Eremomela,LC
22713584,88300,Cisticolas and allies,Prinia rufescens,Rufescent Prinia,LC
22713598,88340,Cisticolas and allies,Prinia familiaris,Bar-winged Prinia,NT
103777454,88360,Cisticolas and allies,Prinia sonitans,Chinese Prinia,LC
22713604,88370,Cisticolas and allies,Prinia socialis,Ashy Prinia,LC
22713622,88420,Cisticolas and allies,Prinia flavicans,Black-chested Prinia,LC
22715000,88590,Cisticolas and allies,Orthotomus ruficeps,Ashy Tailorbird,LC
22714994,88670,Cisticolas and allies,Orthotomus derbianus,Grey-backed Tailorbird,LC
103779235,88770,Reed-warblers,Calamonastides gracilirostris,Papyrus Yellow Warbler,VU
22714894,88820,Reed-warblers,Iduna rama,Sykes's Warbler,LC
22714912,88890,Reed-warblers,Hippolais polyglotta,Melodious Warbler,LC
22714696,88940,Reed-warblers,Acrocephalus paludicola,Aquatic Warbler,VU
22714719,89020,Reed-warblers,Acrocephalus concinens,Blunt-winged Warbler,LC
22728387,89030,Reed-warblers,Acrocephalus tangorum,White-browed Reed-warbler,VU
219591644,89130,Reed-warblers,Acrocephalus stentoreus,Clamorous Reed-warbler,LC
219591228,89140,Reed-warblers,Acrocephalus australis,Australasian Reed-warbler,LC
104012371,89200,Reed-warblers,Acrocephalus mendanae,Southern Marquesan Reed-warbler,LC
22714832,89250,Reed-warblers,Acrocephalus vaughani,Pitcairn Reed-warbler,EN
22735588,89310,Reed-warblers,Acrocephalus longirostris,Moorea Reed-warbler,CR
22734538,89500,Cupwings,Pnoepyga formosana,Taiwan Cupwing,LC
103798817,89530,Grasshopper-warblers and grassbirds,Robsonius rabori,Cordillera Ground-warbler,NT
103799569,89540,Grasshopper-warblers and grassbirds,Robsonius thompsoni,Sierra Madre Ground-warbler,LC
22714654,89640,Grasshopper-warblers and grassbirds,Locustella lanceolata,Lanceolated Warbler,LC
22714549,89710,Grasshopper-warblers and grassbirds,Locustella caudata,Long-tailed Grasshopper-warbler,LC
22714554,89720,Grasshopper-warblers and grassbirds,Locustella accentor,Friendly Grasshopper-warbler,LC
216557253,89730,Grasshopper-warblers and grassbirds,Locustella portenta,Taliabu Grasshopper-warbler,VU
216914903,89750,Grasshopper-warblers and grassbirds,Locustella disturbans,Buru Grasshopper-warbler,LC
22732200,89770,Grasshopper-warblers and grassbirds,Locustella davidi,Baikal Grasshopper-warbler,LC
22734189,89820,Grasshopper-warblers and grassbirds,Locustella mandelli,Russet Grasshopper-warbler,LC
22714475,89850,Grasshopper-warblers and grassbirds,Locustella alfredi,Bamboo Warbler,LC
22731723,91480,Swallows and martins,Progne elegans,Southern Martin,LC
22712152,91500,Swallows and martins,Stelgidopteryx serripennis,Northern Rough-winged Swallow,LC
22712157,91510,Swallows and martins,Stelgidopteryx ridgwayi,Yucatan Rough-winged Swallow,LC
22712140,91550,Swallows and martins,Pygochelidon melanoleuca,Black-collared Swallow,LC
103817273,91790,Bulbuls,Bleda notatus,Yellow-lored Bristlebill,LC
22713083,91800,Bulbuls,Bleda canicapillus,Grey-headed Bristlebill,LC
103817506,91840,Bulbuls,Atimastillas flavigula,Pale-throated Greenbul,LC
22712869,91900,Bulbuls,Chlorocichla laetissima,Joyful Greenbul,LC
103818289,91980,Bulbuls,Arizelocichla chlorigula,Yellow-throated Mountain Greenbul,LC
22712800,92050,Bulbuls,Eurillas latirostris,Yellow-whiskered Greenbul,LC
22713109,92100,Bulbuls,Criniger barbatus,Western Bearded Greenbul,LC
22712910,92240,Bulbuls,Phyllastrephus strepitans,Northern Brownbul,LC
22712914,92300,Bulbuls,Phyllastrephus fulviventris,Pale-olive Greenbul,LC
103821125,92500,Bulbuls,Alophoixus ruficrissus,Chestnut-vented Bulbul,LC
103821318,92510,Bulbuls,Alophoixus tephrogenys,Grey-cheeked Bulbul,VU
103822666,92670,Bulbuls,Hemixos connectens,Green-winged Bulbul,LC
22713192,92810,Bulbuls,Hypsipetes amaurotis,Brown-eared Bulbul,LC
22713219,92820,Bulbuls,Hypsipetes crassirostris,Seychelles Bulbul,LC
22713239,92840,Bulbuls,Hypsipetes olivaceus,Mauritius Bulbul,VU
103823897,92860,Bulbuls,Hypsipetes parvirostris,Grande Comore Bulbul,NT
103823996,92890,Bulbuls,Hypsipetes leucocephalus,Black Bulbul,LC
22714445,94730,Bush-warblers,Cettia cetti,Cetti's Warbler,LC
22714371,94760,Bush-warblers,Hemitesia pallidipes,Pale-footed Bush-warbler,LC
22714368,94770,Bush-warblers,Urosphena squameiceps,Asian Stubtail,LC
22714365,94780,Bush-warblers,Urosphena whiteheadi,Bornean Stubtail,LC
105295705,94890,Bush-warblers,Horornis flavolivaceus,Aberrant Bush-warbler,LC
22714386,94900,Bush-warblers,Horornis seebohmi,Philippine Bush-warbler,LC
22714418,94940,Bush-warblers,Horornis carolinae,Tanimbar Bush-warbler,NT
22711688,95020,Bush-warblers,Pholidornis rushiae,Tit-hylia,LC
22712028,95050,Long-tailed Tits,Psaltriparus minimus,American Bushtit,LC
22716901,95230,Old World Warblers,Sylvia atricapilla,Eurasian Blackcap,LC
22716906,95240,Old World Warblers,Sylvia borin,Garden Warbler,LC
22716650,95290,Old World Warblers,Sylvia nigricapillus,Bush Blackcap,VU
22716949,95440,Old World Warblers,Curruca leucomelaena,Arabian Warbler,LC
22735012,95450,Old World Warblers,Curruca hortensis,Western Orphean Warbler,LC
22716864,95470,Old World Warblers,Curruca buryi,Yemen Warbler,NT
22716971,95500,Old World Warblers,Curruca mystacea,Menetries's Warbler,LC
22716959,95520,Old World Warblers,Curruca melanocephala,Sardinian Warbler,LC
22735596,95540,Old World Warblers,Curruca subalpina,Moltoni's Warbler,LC
22716332,95660,Parrotbills and allies,Moupinia poecilotis,Rufous-tailed Babbler,LC
103879454,95710,Parrotbills and allies,Rhopophilus pekinensis,Beijing Hill-warbler,LC
22716601,95720,Parrotbills and allies,Fulvetta vinipectus,White-browed Fulvetta,LC
22716617,95730,Parrotbills and allies,Fulvetta ludlowi,Brown-throated Fulvetta,LC
22734603,95760,Parrotbills and allies,Fulvetta formosana,Taiwan Fulvetta,LC
22735568,95780,Parrotbills and allies,Fulvetta ruficapilla,Spectacled Fulvetta,LC
22716784,95890,Parrotbills and allies,Paradoxornis paradoxus,Three-toed Parrotbill,LC
22716835,95950,Parrotbills and allies,Suthora atrosuperciliaris,Pale-billed Parrotbill,LC
22716804,95970,Parrotbills and allies,Suthora webbiana,Vinous-throated Parrotbill,LC
103887001,95990,Parrotbills and allies,Suthora ricketti,Eye-ringed Parrotbill,LC
22715984,97910,Scimitar-babblers and allies,Pomatorhinus ochraceiceps,Red-billed Scimitar-babbler,LC
22734513,97960,Scimitar-babblers and allies,Pomatorhinus melanurus,Sri Lanka Scimitar-babbler,LC
22715967,97970,Scimitar-babblers and allies,Pomatorhinus schisticeps,White-browed Scimitar-babbler,LC
229729434,97990,Scimitar-babblers and allies,Pomatorhinus montanus,Javan Scimitar-babbler,VU
22734508,98110,Scimitar-babblers and allies,Erythrogenys swinhoei,Grey-sided Scimitar-babbler,LC
22716248,98130,Scimitar-babblers and allies,Stachyris grammiceps,White-breasted Babbler,NT
22716271,98140,Scimitar-babblers and allies,Stachyris nigricollis,Black-throated Babbler,NT
22735087,98170,Scimitar-babblers and allies,Stachyris humei,Blackish-breasted Babbler,NT
22716289,98300,Scimitar-babblers and allies,Dumetia atriceps,Dark-fronted Babbler,LC
22716283,98430,Scimitar-babblers and allies,Cyanoderma melanothorax,Crescent-chested Babbler,LC
22716190,98440,Scimitar-babblers and allies,Cyanoderma pyrrhops,Black-chinned Babbler,LC
22715888,98530,Ground babblers,Malacopteron albogulare,Grey-breasted Babbler,NT
22715873,98570,Ground babblers,Malacopteron magnirostre,Moustached Babbler,LC
103869271,98830,Ground babblers,Pellorneum nigrocapitatum,Black-capped Babbler,LC
22715862,98850,Ground babblers,Pellorneum fuscocapillus,Brown-capped Babbler,LC
22715856,98860,Ground babblers,Pellorneum palustre,Marsh Babbler,VU
22715837,98880,Ground babblers,Pellorneum cinereiceps,Ashy-headed Babbler,LC
22715811,99000,Ground babblers,Malacocincla abbotti,Abbott's Babbler,LC
22715814,99010,Ground babblers,Malacocincla sepiaria,Horsfield's Babbler,LC
232590346,99050,Ground babblers,Gypsophila crispifrons,Variable Limestone-babbler,LC
22716010,99160,Ground babblers,Ptilocichla leucogrammica,Bornean Wren-babbler,VU
22716633,99300,Alcippe Fulvettas,Alcippe poioicephala,Brown-cheeked Fulvetta,LC
22735187,99330,Alcippe Fulvettas,Alcippe peracensis,Mountain Fulvetta,LC
22716352,99550,Laughingthrushes and allies,Argya earlei,Striated Babbler,LC
22716341,99570,Laughingthrushes and allies,Argya altirostris,Iraq Babbler,LC
103871336,99680,Laughingthrushes and allies,Phyllanthus bohndorffi,Grey-caped Capuchin Babbler,LC
22716480,99800,Laughingthrushes and allies,Turdoides hindei,Hinde's Babbler,NT
22715608,99920,Laughingthrushes and allies,Garrulax monileger,Lesser Necklaced Laughingthrush,LC
22734757,99930,Laughingthrushes and allies,Garrulax leucolophus,White-crested Laughingthrush,LC
22735102,99970,Laughingthrushes and allies,Garrulax maesi,Grey Laughingthrush,LC
22734453,100000,Laughingthrushes and allies,Garrulax ferrarius,Cambodian Laughingthrush,LC
22715675,100160,Laughingthrushes and allies,Ianthocincla bieti,White-speckled Laughingthrush,VU
22715679,100170,Laughingthrushes and allies,Ianthocincla maxima,Giant Laughingthrush,LC
22715682,100180,Laughingthrushes and allies,Ianthocincla ocellata,Spotted Laughingthrush,LC
22729480,100230,Laughingthrushes and allies,Ianthocincla konkakinhensis,Chestnut-eared Laughingthrush,NT
22715645,100290,Laughingthrushes and allies,Pterorhinus vassali,White-cheeked Laughingthrush,LC
103872287,100300,Laughingthrushes and allies,Pterorhinus mitratus,Chestnut-capped Laughingthrush,NT
103872315,100310,Laughingthrushes and allies,Pterorhinus treacheri,Chestnut-hooded Laughingthrush,LC
103872761,100340,Laughingthrushes and allies,Pterorhinus lanceolatus,Chinese Babax,LC
22716512,100350,Laughingthrushes and allies,Pterorhinus waddelli,Giant Babax,LC
22735107,100410,Laughingthrushes and allies,Pterorhinus poecilorhynchus,Rusty Laughingthrush,LC
22715636,100420,Laughingthrushes and allies,Pterorhinus ruficollis,Rufous-necked Laughingthrush,LC
22715729,100500,Laughingthrushes and allies,Trochalopteron austeni,Brown-capped Laughingthrush,LC
22715747,100560,Laughingthrushes and allies,Trochalopteron affine,Black-faced Laughingthrush,LC
22734483,100630,Laughingthrushes and allies,Trochalopteron chrysopterum,Assam Laughingthrush,LC
22728591,100650,Laughingthrushes and allies,Trochalopteron ngoclinhense,Golden-winged Laughingthrush,EN
103874145,100720,Laughingthrushes and allies,Montecincla jerdoni,Banasura Chilappan,EN
22734613,100790,Laughingthrushes and allies,Heterophasia desgodinsi,Black-headed Sibia,LC
22716566,100950,Laughingthrushes and allies,Sibia waldeni,Streak-throated Barwing,LC
22716569,100960,Laughingthrushes and allies,Sibia souliei,Streaked Barwing,LC
22716576,100980,Laughingthrushes and allies,Siva cyanouroptera,Blue-winged Minla,LC
22716579,100990,Laughingthrushes and allies,Chrysominla strigula,Bar-throated Minla,LC
22716557,101000,Laughingthrushes and allies,Actinodura egertoni,Rusty-fronted Barwing,LC
22716552,101030,Laughingthrushes and allies,Actinodura sodangorum,Black-crowned Barwing,NT
22731107,101070,Treecreepers,Certhia tianquanensis,Sichuan Treecreeper,LC
103880076,101220,Nuthatches,Sitta castanea,Indian Nuthatch,LC
103880146,101230,Nuthatches,Sitta cinnamoventris,Chestnut-bellied Nuthatch,LC
103881940,101370,Nuthatches,Sitta przewalskii,Przevalski's Nuthatch,LC
22711228,101450,Nuthatches,Sitta magna,Giant Nuthatch,EN
103882026,101530,Nuthatches,Salpornis spilonota,Indian Spotted Creeper,LC
22711571,101550,Gnatcatchers,Microbates collaris,Collared Gnatwren,LC
22711585,101600,Gnatcatchers,Polioptila californica,California Gnatcatcher,LC
22711594,101620,Gnatcatchers,Polioptila nigriceps,Black-capped Gnatcatcher,LC
22711597,101630,Gnatcatchers,Polioptila albiloris,White-lored Gnatcatcher,LC
22711611,101680,Gnatcatchers,Polioptila schistaceigula,Slate-throated Gnatcatcher,LC
22711493,101890,Wrens,Troglodytes tanneri,Clarion Wren,VU
103887005,102050,Wrens,Cistothorus stellaris,Sedge Wren,LC
22711374,102090,Wrens,Cistothorus palustris,Marsh Wren,LC
22711296,102300,Wrens,Campylorhynchus chiapensis,Giant Wren,LC
103888330,102370,Wrens,Pheugopedius schulenbergi,Grey-browed Wren,LC
105294259,102460,Wrens,Pheugopedius paucimaculatus,Speckle-breasted Wren,LC
22711447,102520,Wrens,Thryophilus pleurostictus,Banded Wren,LC
22711461,102560,Wrens,Thryophilus sinaloa,Sinaloa Wren,LC
22711351,102570,Wrens,Cinnycerthia unirufa,Rufous Wren,LC
22733815,102580,Wrens,Cinnycerthia olivascens,Sharpe's Wren,LC
103889576,102710,Wrens,Cantorchilus zeledoni,Canebrake Wren,LC
22711521,102750,Wrens,Henicorhina leucosticta,White-breasted Wood-wren,LC
22733110,102790,Wrens,Henicorhina negreti,Munchique Wood-wren,VU
22708166,102890,Dippers,Cinclus leucocephalus,White-capped Dipper,LC
22710893,102940,Starlings,Sturnus unicolor,Spotless Starling,LC
22710881,102960,Starlings,Pastor roseus,Rosy Starling,LC
103890801,103010,Starlings,Gracupica jalla,Javan Pied Starling,CR(PEW)
22710836,103080,Starlings,Necropsar rodericanus,Rodrigues Starling,EX
22710877,103100,Starlings,Sturnia sinensis,White-shouldered Starling,LC
22710858,103120,Starlings,Sturnia malabarica,Chestnut-tailed Starling,LC
103870359,103180,Starlings,Acridotheres burmannicus,Burmese Myna,LC
103870738,103190,Starlings,Acridotheres leucocephalus,Vinous-breasted Myna,LC
103871222,103250,Starlings,Acridotheres grandis,Great Myna,LC
103871484,103340,Starlings,Onychognathus neumanni,Neumann's Starling,LC
22710624,103360,Starlings,Onychognathus fulgidus,Chestnut-winged Starling,LC
22710604,103390,Starlings,Onychognathus tristramii,Tristram's Starling,LC
22710638,103400,Starlings,Onychognathus salvadorii,Bristle-crowned Starling,LC
22710619,103410,Starlings,Onychognathus frater,Socotra Starling,LC
22710591,103460,Starlings,Grafisia torquata,White-collared Starling,LC
22710783,103480,Starlings,Pholia sharpii,Sharpe's Starling,LC
22710579,103490,Starlings,Poeoptera stuhlmanni,Stuhlmann's Starling,LC
22710744,103560,Starlings,Lamprotornis caudatus,Long-tailed Glossy Starling,LC
22709367,109880,Old World Flycatchers and Chats,Ficedula rufigula,Rufous-throated Flycatcher,NT
22709370,109890,Old World Flycatchers and Chats,Ficedula buruensis,Cinnamon-chested Flycatcher,LC
22709419,109910,Old World Flycatchers and Chats,Ficedula timorensis,Black-banded Flycatcher,LC
103769583,109930,Old World Flycatchers and Chats,Ficedula luzoniensis,Thicket Flycatcher,LC
22709389,109940,Old World Flycatchers and Chats,Ficedula crypta,Cryptic Flycatcher,LC
22709394,109990,Old World Flycatchers and Chats,Ficedula disposita,Furtive Flycatcher,LC
22710066,110190,Old World Flycatchers and Chats,Phoenicurus auroreus,Daurian Redstart,LC
22708271,110220,Old World Flycatchers and Chats,Monticola cinclorhyncha,Blue-capped Rock-thrush,LC
22708239,110250,Old World Flycatchers and Chats,Monticola brevipes,Short-toed Rock-thrush,LC
22708265,110320,Old World Flycatchers and Chats,Monticola rufocinereus,Little Rock-thrush,LC
22710160,110440,Old World Flycatchers and Chats,Saxicola macrorhynchus,White-browed Bushchat,VU
22710209,110460,Old World Flycatchers and Chats,Saxicola caprata,Pied Bushchat,LC
22710231,110550,Old World Flycatchers and Chats,Campicoloides bifasciatus,Buff-streaked Chat,LC
22710389,110590,Old World Flycatchers and Chats,Pinarochroa sordida,Moorland Chat,LC
103773898,110700,Old World Flycatchers and Chats,Oenanthe oenanthe,Northern Wheatear,LC
103773966,110710,Old World Flycatchers and Chats,Oenanthe seebohmi,Atlas Wheatear,LC
22710333,110760,Old World Flycatchers and Chats,Oenanthe isabellina,Isabelline Wheatear,LC
22710325,110780,Old World Flycatchers and Chats,Oenanthe deserti,Desert Wheatear,LC
22710426,110820,Old World Flycatchers and Chats,Oenanthe albifrons,White-fronted Black-chat,LC
22710268,110830,Old World Flycatchers and Chats,Oenanthe phillipsi,Somali Wheatear,LC
22730775,110960,Old World Flycatchers and Chats,Oenanthe lugens,Mourning Wheatear,LC
22735267,110990,Old World Flycatchers and Chats,Oenanthe xanthoprymna,Kurdish Wheatear,LC
22710478,111070,Old World Flycatchers and Chats,Pinarornis plumosus,Boulder Chat,LC
22712567,111080,Kinglets and firecrests,Corthylio calendula,Ruby-crowned Kinglet,LC
22734358,111120,Kinglets and firecrests,Regulus madeirensis,Madeira Firecrest,LC
22708129,111170,Palmchat,Dulus dominicus,Palmchat,LC
22713263,111180,Hypocolius,Hypocolius ampelinus,Hypocolius,LC
22708142,111250,Silky-flycatchers,Phainoptila melanoxantha,Black-and-yellow Silky-flycatcher,LC
22704329,111300,Oos,Moho apicalis,Oahu Oo,EX
22717699,112810,Sunbirds,Cyanomitra verreauxii,Mouse-coloured Sunbird,LC
22717770,112860,Sunbirds,Chalcomitra senegalensis,Scarlet-chested Sunbird,LC
22717774,112870,Sunbirds,Chalcomitra hunteri,Hunter's Sunbird,LC
22717794,112950,Sunbirds,Leptocoma calcostetha,Copper-throated Sunbird,LC
22717970,113000,Sunbirds,Nectarinia kilimensis,Bronze Sunbird,LC
22717984,113020,Sunbirds,Nectarinia johnstoni,Red-tufted Sunbird,LC
22717975,113150,Sunbirds,Drepanorhynchus reichenowi,Golden-winged Sunbird,LC
22717931,113330,Sunbirds,Cinnyris loveridgei,Loveridge's Sunbird,EN
22717994,113390,Sunbirds,Cinnyris erythrocercus,Red-chested Sunbird,LC
22717850,113460,Sunbirds,Cinnyris osea,Palestine Sunbird,LC
22717836,113540,Sunbirds,Cinnyris talatala,White-breasted Sunbird,LC
22717826,113550,Sunbirds,Cinnyris venustus,Variable Sunbird,LC
22717945,113590,Sunbirds,Cinnyris cupreus,Copper Sunbird,LC
103804263,113700,Sunbirds,Cinnyris moebii,Grande Comore Sunbird,LC
103804241,113720,Sunbirds,Cinnyris notatus,Long-billed Sunbird,LC
22717862,113730,Sunbirds,Cinnyris lotenius,Loten's Sunbird,LC
22718100,113830,Sunbirds,Aethopyga ignicauda,Fire-tailed Sunbird,LC
22718077,113860,Sunbirds,Aethopyga gouldiae,Gould's Sunbird,LC
103810377,113920,Sunbirds,Aethopyga magnifica,Magnificent Sunbird,LC
103810497,113980,Sunbirds,Aethopyga latouchii,Fork-tailed Sunbird,LC
22724518,114000,Sunbirds,Aethopyga linaraborae,Lina's Sunbird,NT
22718048,114010,Sunbirds,Aethopyga primigenia,Grey-hooded Sunbird,LC
22718059,114020,Sunbirds,Aethopyga boltoni,Apo Sunbird,LC
22718617,114090,Accentors,Prunella collaris,Alpine Accentor,LC
22718641,114130,Accentors,Prunella fulvescens,Brown Accentor,LC
22718656,114150,Accentors,Prunella rubida,Japanese Accentor,LC
22718695,114280,Weavers,Plocepasser superciliosus,Chestnut-crowned Sparrow-Weaver,LC
22718700,114300,Weavers,Plocepasser rufoscapulatus,Chestnut-backed Sparrow-Weaver,LC
22718711,114310,Weavers,Histurgops ruficauda,Rufous-tailed Weaver,LC
22718731,114360,Weavers,Philetairus socius,Sociable Weaver,LC
22719204,114530,Weavers,Euplectes axillaris,Fan-tailed Widowbird,LC
22719233,114550,Weavers,Euplectes hartlaubi,Marsh Widowbird,LC
22719238,114570,Weavers,Euplectes psammacromius,Montane Widowbird,LC
22718739,114750,Weavers,Ploceus batesi,Bates's Weaver,EN
22718795,114850,Weavers,Ploceus melanogaster,Black-billed Weaver,LC
22718871,115000,Weavers,Ploceus taeniopterus,Northern Masked Weaver,LC
22718914,115050,Weavers,Ploceus reichardi,Tanzanian Masked Weaver,LC
22718929,115070,Weavers,Ploceus spekei,Speke's Weaver,LC
103812246,115120,Weavers,Ploceus nigerrimus,Vieillot's Black Weaver,LC
22718987,115220,Weavers,Ploceus albinucha,Maxwell's Black Weaver,LC
22719017,115310,Weavers,Ploceus bicolor,Dark-backed Weaver,LC
22719061,115390,Weavers,Ploceus flavipes,Yellow-legged Weaver,VU
22719069,115470,Weavers,Malimbus coronatus,Red-crowned Malimbe,LC
22719087,115510,Weavers,Malimbus scutatus,Red-vented Malimbe,LC
22719104,115560,Weavers,Malimbus malimbicus,Crested Malimbe,LC
22719428,115620,Waxbills,Lagonosticta rufopicta,Bar-breasted Firefinch,LC
22719440,115640,Waxbills,Lagonosticta senegala,Red-billed Firefinch,LC
22728552,115650,Waxbills,Lagonosticta sanguinodorsalis,Rock Firefinch,LC
103812699,115660,Waxbills,Lagonosticta umbrinodorsalis,Chad Firefinch,LC
103812687,115670,Waxbills,Lagonosticta rhodopareia,Jameson's Firefinch,LC
22719461,115680,Waxbills,Lagonosticta virata,Mali Firefinch,LC
103812929,115700,Waxbills,Lagonosticta vinacea,Vinaceous Firefinch,LC
103813097,115710,Waxbills,Lagonosticta nigricollis,Grey Firefinch,LC
22719340,115860,Waxbills,Pytilia afra,Orange-winged Pytilia,LC
22719344,115880,Waxbills,Pytilia melba,Green-winged Pytilia,LC
22719493,115990,Waxbills,Uraeginthus bengalus,Red-cheeked Cordon-bleu,LC
22719518,116070,Waxbills,Glaucestrilda coerulescens,Lavender Waxbill,LC
22719548,116110,Waxbills,Estrilda paludicola,Fawn-breasted Waxbill,LC
22719566,116140,Waxbills,Estrilda rufibarba,Arabian Waxbill,LC
103813616,116200,Waxbills,Estrilda kandti,Kandt's Waxbill,LC
22719364,116340,Waxbills,Cryptospiza salvadorii,Abyssinian Crimsonwing,LC
22719374,116360,Waxbills,Cryptospiza shelleyi,Shelley's Crimsonwing,EN
22719288,116450,Waxbills,Nigrita bicolor,Chestnut-breasted Nigrita,LC
22719293,116460,Waxbills,Nigrita luteifrons,Pale-fronted Nigrita,LC
22719761,116670,Waxbills,Euodice cantans,African Silverbill,LC
22719818,116740,Waxbills,Lonchura kelaarti,Black-throated Munia,LC
22719828,116750,Waxbills,Lonchura leucogastra,White-bellied Munia,LC
22719854,116830,Waxbills,Lonchura pallida,Pale-headed Munia,LC
22719861,116850,Waxbills,Lonchura vana,Grey-banded Mannikin,LC
22719864,116860,Waxbills,Lonchura caniceps,Grey-headed Mannikin,LC
22719870,116880,Waxbills,Lonchura spectabilis,Hooded Mannikin,LC
22719882,116910,Waxbills,Lonchura flaviprymna,Yellow-rumped Mannikin,LC
22719896,116960,Waxbills,Lonchura montana,Snow Mountain Mannikin,LC
22719904,116970,Waxbills,Lonchura melaena,Buff-bellied Mannikin,LC
22719650,117100,Waxbills,Emblema pictum,Painted Finch,LC
22719666,117110,Waxbills,Neochmia temporalis,Red-browed Finch,LC
103817894,117120,Waxbills,Neochmia phaeton,Black-bellied Crimson Finch,LC
22720574,120180,Finches,Carpodacus rodochroa,Pink-browed Rosefinch,LC
103834794,120220,Finches,Carpodacus formosanus,Taiwan Rosefinch,NT
22720616,120250,Finches,Carpodacus roborowskii,Tibetan Rosefinch,LC
216918037,120300,Finches,Carpodacus lepidus,Chinese Long-tailed Rosefinch,LC
22720659,120450,Finches,Pyrrhula leucogenis,White-cheeked Bullfinch,LC
22720665,120470,Finches,Pyrrhula erythrocephala,Red-headed Bullfinch,LC
22720668,120480,Finches,Pyrrhula erythaca,Grey-headed Bullfinch,LC
22720499,120590,Finches,Callacanthis burtoni,Spectacled Finch,LC
22720477,120640,Finches,Leucosticte arctoa,Asian Rosy-finch,LC
22720482,120650,Finches,Leucosticte tephrocotis,Grey-crowned Rosy-Finch,LC
22720488,120660,Finches,Leucosticte atrata,Black Rosy-finch,EN
22728985,120670,Finches,Leucosticte australis,Brown-capped Rosy-finch,EN
22720560,120690,Finches,Haemorhous cassinii,Cassin's Finch,LC
22720330,120760,Finches,Chloris chloris,European Greenfinch,LC
22720344,120780,Finches,Chloris spinoides,Yellow-breasted Greenfinch,LC
22720113,120870,Finches,Crithagra scotops,Forest Canary,LC
22720122,120920,Finches,Crithagra rothschildi,Arabian Serin,LC
22720127,120930,Finches,Crithagra flavigula,Yellow-throated Seedeater,NT
22720176,120950,Finches,Crithagra citrinipectus,Lemon-breasted Canary,LC
103761521,121030,Finches,Crithagra striatipectus,Stripe-breasted Seedeater,LC
22720236,121080,Finches,Crithagra tristriata,Brown-rumped Seedeater,LC
22720288,121170,Finches,Crithagra totta,Cape Siskin,LC
22720292,121180,Finches,Crithagra symonsi,Drakensberg Siskin,LC
22720438,121210,Finches,Linaria flavirostris,Twite,LC
22725044,121250,Finches,Acanthis flammea,Redpoll,LC
22728944,121290,Finches,Loxia leucoptera,Two-barred Crossbill,LC
22720056,121450,Finches,Serinus canaria,Island Canary,LC
22720045,121470,Finches,Serinus pusillus,Red-fronted Serin,LC
22720301,121480,Finches,Serinus alario,Black-headed Canary,LC
22721434,123280,New World sparrows,Atlapetes melanocephalus,Santa Marta Brushfinch,LC
22721414,123290,New World sparrows,Atlapetes pallidinucha,Pale-naped Brushfinch,LC
103774244,123320,New World sparrows,Atlapetes crassus,Choco Brushfinch,LC
103774148,123330,New World sparrows,Atlapetes tricolor,Tricolored Brushfinch,LC
22721492,123380,New World sparrows,Atlapetes rufigenis,Rufous-eared Brushfinch,LC
22728563,123390,New World sparrows,Atlapetes forbesi,Apurimac Brushfinch,LC
22721487,123460,New World sparrows,Atlapetes pallidiceps,Pale-headed Brushfinch,EN
22733777,123520,New World sparrows,Atlapetes rufinucha,Bolivian Brushfinch,LC
22721339,123720,New World sparrows,Melozone albicollis,White-throated Towhee,LC
22721294,123810,New World sparrows,Aimophila rufescens,Rusty Sparrow,LC
22721097,123860,New World sparrows,Junco hyemalis,Dark-eyed Junco,LC
22721085,123940,New World sparrows,Zonotrichia albicollis,White-throated Sparrow,LC
22721088,123950,New World sparrows,Zonotrichia leucophrys,White-crowned Sparrow,LC
103779110,123970,New World sparrows,Passerella iliaca,Red Fox-sparrow,LC
22721123,124060,New World sparrows,Ammospiza maritima,Seaside Sparrow,LC
103780113,124100,New World sparrows,Artemisiospiza belli,Bell's Sparrow,LC
103780279,124160,New World sparrows,Passerculus sanctorum,San Benito Sparrow,NT
22721058,124230,New World sparrows,Melospiza melodia,Song Sparrow,LC
22724169,124300,New World blackbirds,Xanthocephalus xanthocephalus,Yellow-headed Blackbird,LC
22724256,124320,New World blackbirds,Sturnella neglecta,Western Meadowlark,LC
22735434,124330,New World blackbirds,Sturnella magna,Eastern Meadowlark,NT
22729346,124360,New World blackbirds,Leistes militaris,Red-breasted Meadowlark,LC
22724065,124410,New World blackbirds,Amblycercus holosericeus,Yellow-billed Cacique,LC
22724061,124420,New World blackbirds,Cassiculus melanicterus,Yellow-winged Cacique,LC
22723994,124430,New World blackbirds,Psarocolius wagleri,Chestnut-headed Oropendola,LC
103780770,124450,New World blackbirds,Psarocolius angustifrons,Russet-backed Oropendola,LC
22724010,124520,New World blackbirds,Psarocolius cassini,Baudo Oropendola,VU
22733589,124620,New World blackbirds,Cacicus uropygialis,Subtropical Cacique,LC
22724034,124660,New World blackbirds,Cacicus haemorrhous,Red-rumped Cacique,LC
22723976,124670,New World blackbirds,Cacicus oseryi,Casqued Cacique,LC
22723997,124680,New World blackbirds,Cacicus latirostris,Band-tailed Cacique,LC
103798425,126240,New World warblers,Setophaga coronata,Myrtle Warbler,LC
22724793,126250,New World warblers,Setophaga dominica,Yellow-throated Warbler,LC
22721725,126280,New World warblers,Setophaga discolor,Prairie Warbler,LC
22721711,126290,New World warblers,Setophaga adelaidae,Adelaide's Warbler,LC
22721689,126370,New World warblers,Setophaga virens,Black-throated Green Warbler,LC
105296143,126420,New World warblers,Myiothlypis euophrys,Bolivian Citrine Warbler,LC
22721982,126430,New World warblers,Myiothlypis basilica,Santa Marta Warbler,NT
22722031,126460,New World warblers,Myiothlypis leucoblephara,White-rimmed Warbler,LC
22721969,126470,New World warblers,Myiothlypis signata,Pale-legged Warbler,LC
22721975,126480,New World warblers,Myiothlypis nigrocristata,Black-crested Warbler,LC
22722041,126490,New World warblers,Myiothlypis fulvicauda,Buff-rumped Warbler,LC
22721989,126560,New World warblers,Myiothlypis conspicillata,White-lored Warbler,NT
22721958,126580,New World warblers,Myiothlypis fraseri,Grey-and-gold Warbler,LC
22722008,126720,New World warblers,Basileuterus hypoleucus,White-bellied Warbler,LC
232775311,126730,New World warblers,Basileuterus melanotis,Costa Rican Warbler,LC
232775530,126740,New World warblers,Basileuterus tacarcunae,Tacarcuna Warbler,LC
22721882,126810,New World warblers,Cardellina canadensis,Canada Warbler,LC
22721885,126830,New World warblers,Cardellina rubrifrons,Red-faced Warbler,LC
22721888,126840,New World warblers,Cardellina rubra,Red Warbler,LC
22721947,126900,New World warblers,Myioborus albifrons,White-fronted Whitestart,NT
103804115,126910,New World warblers,Myioborus chrysops,Golden-fronted Whitestart,LC
22721934,126940,New World warblers,Myioborus torquatus,Collared Whitestart,LC
22721919,126950,New World warblers,Myioborus pariae,Paria Whitestart,EN
22722296,127000,Hispaniolan tanagers,Phaenicophilus palmarum,Black-crowned Palm-tanager,LC
22722076,127020,Hispaniolan tanagers,Xenoligea montana,White-winged Warbler,VU
22722522,127040,Spindalises,Spindalis zena,Western Spindalis,LC
22722317,127140,Mitrospingid tanagers,Mitrospingus cassinii,Dusky-faced Tanager,LC
22723813,127210,Cardinals,Pheucticus ludovicianus,Rose-breasted Grosbeak,LC
103804365,127270,Cardinals,Granatellus paraensis,Rose-bellied Chat,LC
22723912,127490,Cardinals,Cyanoloxia glaucocaerulea,Glaucous-blue Grosbeak,LC
22722416,127510,Cardinals,Habia fuscicauda,Red-throated Ant-tanager,LC
22722481,127620,Cardinals,Piranga erythrocephala,Red-headed Tanager,LC
22722555,129190,Tanagers,Cyanicterus cyanicterus,Blue-backed Tanager,LC
22723375,129270,Tanagers,Emberizoides duidae,Duida Grass-finch,DD
22722961,129380,Tanagers,Iridophanes pulcherrimus,Golden-collared Honeycreeper,LC
22722272,129440,Tanagers,Hemithraupis guira,Guira Tanager,LC
103812255,129560,Tanagers,Dacnis egregia,Yellow-tufted Dacnis,LC
103812685,129670,Tanagers,Saltator olivascens,Olive-grey Saltator,LC
22723872,129710,Tanagers,Saltator maximus,Buff-throated Saltator,LC
22723875,129720,Tanagers,Saltator atripennis,Black-winged Saltator,LC
22723895,129780,Tanagers,Saltator maxillosus,Thick-billed Saltator,LC
219527583,129860,Tanagers,Melopyrrha portoricensis,Puerto Rican Bullfinch,VU
216918514,129870,Tanagers,Melopyrrha grandis,Saint Kitts Bullfinch,CR
22723628,129880,Tanagers,Melopyrrha violacea,Greater Antillean Bullfinch,LC
22723768,130070,Tanagers,Geospiza psittacula,Large Tree-finch,VU
22723778,130090,Tanagers,Geospiza parvula,Small Tree-finch,LC
22723783,130110,Tanagers,Geospiza pallida,Woodpecker Finch,NT
103815404,130150,Tanagers,Geospiza acutirostris,Genovesa Ground-finch,VU
103815544,130190,Tanagers,Geospiza propinqua,Genovesa Cactus-finch,VU
22722391,130310,Tanagers,Islerothraupis luctuosa,White-shouldered Tanager,LC
22722403,130420,Tanagers,Tachyphonus phoenicius,Red-shouldered Tanager,LC
22722500,130480,Tanagers,Ramphocelus dimidiatus,Crimson-backed Tanager,LC
22722507,130500,Tanagers,Ramphocelus carbo,Silver-beaked Tanager,LC
22723431,130580,Tanagers,Sporophila bouvronides,Lesson's Seedeater,LC
22723434,130590,Tanagers,Sporophila lineola,Lined Seedeater,LC
22723115,132070,Tanagers,Melanodera melanodera,White-bridled Finch,LC
22721509,123530,New World sparrows,Atlapetes fulviceps,Fulvous-headed Brushfinch,LC
22721557,123680,New World sparrows,Pezopetes capitalis,Large-footed Finch,LC
22721315,123740,New World sparrows,Melozone aberti,Abert's Towhee,LC
103776650,123760,New World sparrows,Melozone cabanisi,Costa Rican Ground-sparrow,NT
103776727,123770,New World sparrows,Melozone occipitalis,Grey-crowned Ground-sparrow,LC
103776706,123780,New World sparrows,Melozone leucotis,White-eared Ground-sparrow,LC
22721288,123820,New World sparrows,Aimophila ruficeps,Rufous-crowned Sparrow,LC
22721291,123830,New World sparrows,Aimophila notosticta,Oaxaca Sparrow,LC
22721094,123850,New World sparrows,Junco vulcani,Volcano Junco,LC
103778667,123880,New World sparrows,Junco phaeonotus,Yellow-eyed Junco,LC
22721091,123960,New World sparrows,Zonotrichia atricapilla,Golden-crowned Sparrow,LC
103779230,123980,New World sparrows,Passerella unalaschcensis,Sooty Fox-sparrow,LC
22723085,132100,Tanagers,Geospizopsis unicolor,Plumbeous Sierra-finch,LC
22723090,132190,Tanagers,Ephippiospingus dorsalis,Red-backed Sierra-finch,LC
22723701,132250,Tanagers,Diglossa glauca,Deep-blue Flowerpiercer,LC
22723636,132310,Tanagers,Diglossa baritula,Cinnamon-bellied Flowerpiercer,LC
22723652,132380,Tanagers,Diglossa albilatera,White-sided Flowerpiercer,LC
22723668,132410,Tanagers,Diglossa gloriosa,Merida Flowerpiercer,LC
22692720,20550,"Rails, Gallinules, Coots",Laterallus flaviventer,Yellow-breasted Crake,LC
22700815,62890,Cotingas,Ampelioides tschudii,Scaled Fruiteater,LC
22707753,76720,Vangas and allies,Prionops plumatus,White-crested Helmetshrike,LC
22698870,65060,Tyrant-flycatchers,Hemitriccus flammulatus,Flammulated Bamboo-tyrant,LC
22728393,124070,New World sparrows,Ammospiza nelsoni,Nelson's Sparrow,LC
22721188,124120,New World sparrows,Pooecetes gramineus,Vesper Sparrow,LC
22721115,124170,New World sparrows,Passerculus rostratus,Large-billed Sparrow,LC
22721141,124180,New World sparrows,Passerculus bairdii,Baird's Sparrow,LC
22721138,124190,New World sparrows,Passerculus henslowii,Henslow's Sparrow,LC
22721064,124240,New World sparrows,Melospiza lincolnii,Lincoln's Sparrow,LC
22721070,124250,New World sparrows,Melospiza georgiana,Swamp Sparrow,LC
22721867,124270,Cuban warblers,Teretistris fernandinae,Yellow-headed Warbler,LC
22722057,124290,New World blackbirds,Icteria virens,Yellow-breasted Chat,LC
22724229,124390,New World blackbirds,Leistes defilippii,Pampas Meadowlark,VU
22723988,124440,New World blackbirds,Psarocolius atrovirens,Dusky-green Oropendola,LC
22723982,124470,New World blackbirds,Psarocolius decumanus,Crested Oropendola,LC
22724025,124510,New World blackbirds,Psarocolius guatimozinus,Black Oropendola,LC
22724043,124590,New World blackbirds,Cacicus koepckeae,Selva Cacique,NT
103792633,124610,New World blackbirds,Cacicus pacificus,Pacific Cacique,LC
22721731,126200,New World warblers,Setophaga palmarum,Palm Warbler,LC
22721728,126270,New World warblers,Setophaga vitellina,Vitelline Warbler,NT
22721692,126360,New World warblers,Setophaga chrysoparia,Golden-cheeked Warbler,EN
105296089,126410,New World warblers,Myiothlypis striaticeps,Peruvian Citrine Warbler,LC
22722038,126450,New World warblers,Myiothlypis flaveola,Flavescent Warbler,LC
103799599,126510,New World warblers,Myiothlypis rivularis,Southern Riverbank Warbler,LC
103799746,126530,New World warblers,Myiothlypis bivittata,Two-banded Warbler,LC
103799796,126550,New World warblers,Myiothlypis chrysogaster,Cuzco Warbler,LC
22721992,126590,New World warblers,Myiothlypis coronata,Russet-crowned Warbler,LC
22721955,126640,New World warblers,Basileuterus lachrymosus,Fan-tailed Warbler,LC
22722025,126670,New World warblers,Basileuterus ignotus,Pirre Warbler,VU
103801561,126700,New World warblers,Basileuterus cabanisi,Yellow-crowned Warbler,LC
22721978,126780,New World warblers,Basileuterus griseiceps,Grey-headed Warbler,NT
22721894,126860,New World warblers,Myioborus pictus,Painted Whitestart,LC
22721915,126880,New World warblers,Myioborus brunniceps,Brown-capped Whitestart,LC
103804095,126920,New World warblers,Myioborus ornatus,Yellow-fronted Whitestart,LC
22721929,126970,New World warblers,Myioborus cardonai,Guaiquinima Whitestart,LC
22721864,127030,Hispaniolan tanagers,Microligea palustris,Green-tailed Warbler,LC
22729097,127050,Spindalises,Spindalis dominicensis,Hispaniolan Spindalis,LC
22729102,127060,Spindalises,Spindalis portoricensis,Puerto Rican Spindalis,LC
22729092,127070,Spindalises,Spindalis nigricephala,Jamaican Spindalis,LC
22722320,127150,Mitrospingid tanagers,Mitrospingus oleagineus,Olive-backed Tanager,LC
22722340,127160,Mitrospingid tanagers,Orthogonys chloricterus,Olive-green Tanager,LC
22723803,127190,Cardinals,Pheucticus chrysogaster,Golden Grosbeak,LC
22723948,127340,Cardinals,Passerina amoena,Lazuli Bunting,LC
22723963,127360,Cardinals,Passerina leclancherii,Orange-breasted Bunting,LC
22723957,127380,Cardinals,Passerina ciris,Painted Bunting,LC
103811345,127570,Cardinals,Habia frenata,Yellow-lored Tanager,LC
22722456,127660,Cardinals,Piranga rubra,Summer Tanager,LC
22723834,129160,Tanagers,Parkerthraustes humeralis,Yellow-shouldered Grosbeak,LC
22723386,129230,Tanagers,Embernagra platensis,Great Pampa-finch,LC
22723204,129310,Tanagers,Incaspiza laeta,Buff-bridled Inca-finch,LC
22723209,129320,Tanagers,Incaspiza watkinsi,Little Inca-finch,VU
22723105,129360,Tanagers,Corydospiza carbonaria,Carbon Sierra-finch,LC
22722287,129390,Tanagers,Chrysothlypis salmoni,Scarlet-and-white Tanager,LC
22722278,129430,Tanagers,Hemithraupis flavicollis,Yellow-backed Tanager,LC
22723018,129460,Tanagers,Tersina viridis,Swallow Tanager,LC
22722991,129530,Tanagers,Dacnis cayana,Blue Dacnis,LC
22722985,129590,Tanagers,Dacnis nigripes,Black-legged Dacnis,NT
22723603,129840,Tanagers,Tiaris olivaceus,Yellow-faced Grassquit,LC
22723722,129850,Tanagers,Euneornis campestris,Orangequit,LC
103813101,129890,Tanagers,Melopyrrha nigra,Cuban Bullfinch,NT
103813133,129900,Tanagers,Melopyrrha taylori,Grand Cayman Bullfinch,NT
22723595,129930,Tanagers,Phonipara canora,Cuban Grassquit,LC
22734682,129940,Tanagers,Loxigilla barbadensis,Barbados Bullfinch,LC
22723725,129970,Tanagers,Melanospiza richardsoni,Saint Lucia Black Finch,EN
22723614,129990,Tanagers,Asemospiza fuliginosa,Sooty Grassquit,LC
22723584,130000,Tanagers,Asemospiza obscura,Dull-colored Grassquit,LC
103815085,130010,Tanagers,Certhidea fusca,Grey Warbler-finch,LC
22723792,130050,Tanagers,Pinaroloxias inornata,Cocos Finch,LC
22723773,130080,Tanagers,Geospiza pauper,Medium Tree-finch,CR
103815245,130120,Tanagers,Geospiza septentrionalis,Vampire Ground-finch,VU
22723739,130130,Tanagers,Geospiza fuliginosa,Small Ground-finch,LC
22723734,130140,Tanagers,Geospiza fortis,Medium Ground-finch,LC
22723729,130160,Tanagers,Geospiza magnirostris,Large Ground-finch,LC
22723396,130220,Tanagers,Volatinia jacarina,Blue-black Grassquit,LC
22722133,130230,Tanagers,Conothraupis speculigera,Black-and-white Tanager,LC
22695886,37590,"Hawks, Eagles",Buteo ridgwayi,Ridgway's Hawk,CR
22693811,27720,Plovers,Charadrius melodus,Piping Plover,NT
22686464,12700,Swifts,Cypseloides cryptus,White-chinned Swift,LC
103718956,80680,Shrikes,Lanius borealis,Northern Grey Shrike,LC
103719039,80880,Crows and jays,Platysmurus leucopterus,Malay Black Magpie,LC
22680221,5900,"Ducks, Geese, Swans",Anas undulata,Yellow-billed Duck,LC
22696530,6360,Grebes,Rollandia rolland,White-tufted Grebe,LC
22692971,6670,Mesites,Monias benschi,Subdesert Mesite,VU
22690621,9030,"Pigeons, Doves",Turtur chalcospilos,Emerald-spotted Wood-dove,LC
22690628,9050,"Pigeons, Doves",Turtur afer,Blue-spotted Wood-dove,LC
22726291,9280,"Pigeons, Doves",Treron axillaris,Philippine Green-pigeon,LC
22726297,9290,"Pigeons, Doves",Treron aromaticus,Buru Green-pigeon,NT
22691362,10120,"Pigeons, Doves",Megaloprepia formosa,Scarlet-breasted Fruit-dove,LC
22691312,10370,"Pigeons, Doves",Ptilinopus alligator,Black-banded Fruit-Dove,LC
22691307,10380,"Pigeons, Doves",Ptilinopus dohertyi,Red-naped Fruit-dove,VU
22725286,10400,"Pigeons, Doves",Ptilinopus temminckii,Western Superb Fruit-dove,LC
22689597,11210,Frogmouths,Batrachostomus septimus,Philippine Frogmouth,LC
22689600,11220,Frogmouths,Batrachostomus stellatus,Gould's Frogmouth,NT
22689847,11780,Nightjars,Hydropsalis maculicaudus,Spot-tailed Nightjar,LC
22690046,11790,Nightjars,Macropsalis forcipata,Long-trained Nightjar,LC
22686458,12690,Swifts,Cypseloides cherriei,Spot-fronted Swift,LC
22686693,12950,Swifts,Chaetura spinicaudus,Band-rumped Swift,LC
22686819,13830,Swifts,Apus barbatus,African Swift,LC
22688108,14650,Hummingbirds,Heliothryx barroti,Purple-crowned Fairy,LC
22687788,15800,Hummingbirds,Aglaeactis cupripennis,Shining Sunbeam,LC
22687525,18040,Hummingbirds,Chrysuronia versicolor,Versicolored Emerald,LC
22684434,18330,Cuckoos,Crotophaga ani,Smooth-billed Ani,LC
22684138,18640,Cuckoos,Carpococcyx renauldi,Coral-billed Ground-cuckoo,EN
22684243,18860,Cuckoos,Centropus toulou,Malagasy Coucal,LC
22684240,18880,Cuckoos,Centropus viridis,Philippine Coucal,LC
22683917,19720,Cuckoos,Cacomantis sonneratii,Banded Bay Cuckoo,LC
22683862,20000,Cuckoos,Cuculus solitarius,Red-chested Cuckoo,LC
22683870,20020,Cuckoos,Cuculus micropterus,Indian Cuckoo,LC
22692264,20290,"Rails, Gallinules, Coots",Mentocrex kioloides,Madagascar Forest Rail,LC
22728525,20610,"Rails, Gallinules, Coots",Rallus tenuirostris,Mexican Rail,NT
22731577,20620,"Rails, Gallinules, Coots",Rallus obsoletus,Ridgway's Rail,NT
22728746,21140,"Rails, Gallinules, Coots",Mundia elpenor,Ascension Crake,EX
22727499,29120,"Sandpipers, Snipes, Phalaropes",Coenocorypha aucklandica,Auckland Snipe,NT
62178398,29130,"Sandpipers, Snipes, Phalaropes",Coenocorypha barrierensis,North Island Snipe,EX
22693124,29160,"Sandpipers, Snipes, Phalaropes",Gallinago jamesoni,Andean Snipe,LC
22693127,29170,"Sandpipers, Snipes, Phalaropes",Gallinago stricklandii,Fuegian Snipe,NT
22693277,29410,"Sandpipers, Snipes, Phalaropes",Actitis macularius,Spotted Sandpiper,LC
22693305,29450,"Sandpipers, Snipes, Phalaropes",Tringa incana,Wandering Tattler,LC
22693225,29540,"Sandpipers, Snipes, Phalaropes",Tringa guttifer,Spotted Greenshank,EN
22680560,29670,Buttonquails,Turnix castanotus,Chestnut-backed Buttonquail,LC
22680599,29710,Buttonquails,Turnix velox,Little Buttonquail,LC
22688429,31610,Barn-owls,Tyto tenebricosa,Greater Sooty-owl,LC
230084345,31880,Typical Owls,Ninox fusca,Timor Boobook,LC
200290450,32450,Typical Owls,Glaucidium sylvaticum,Sunda Owlet,LC
22689203,32460,Typical Owls,Glaucidium perlatum,Pearl-spotted Owlet,LC
22725053,33070,Typical Owls,Otus everetti,Mindanao Lowland Scops-owl,LC
61915715,33370,Typical Owls,Otus socotranus,Socotra Scops-owl,LC
155658784,33880,Typical Owls,Megascops cooperi,Pacific Screech-owl,LC
22688774,33910,Typical Owls,Megascops choliba,Tropical Screech-owl,LC
22688782,33930,Typical Owls,Megascops koepckeae,Koepcke's Screech-owl,LC
22688799,33940,Typical Owls,Megascops clarkii,Bare-shanked Screech-owl,LC
232594776,33960,Typical Owls,Megascops ingens,Rufescent Screech-owl,LC
22689183,34160,Typical Owls,Pulsatrix melanota,Band-bellied Owl,LC
22689071,34190,Typical Owls,Strix leptogrammica,Brown Wood-owl,LC
216709635,34470,Typical Owls,Bubo milesi,Arabian Eagle-owl,LC
22694967,35050,"Hawks, Eagles",Leptodon cayanensis,Grey-headed Kite,LC
22695306,35340,"Hawks, Eagles",Spilornis kinabaluensis,Kinabalu Serpent-eagle,NT
22734094,36070,"Hawks, Eagles",Hieraaetus weiskei,Pygmy Eagle,LC
22695553,36620,"Hawks, Eagles",Accipiter imitator,Imitator Goshawk,NT
22695576,36630,"Hawks, Eagles",Accipiter erythropus,Red-legged Sparrowhawk,LC
22695827,37410,"Hawks, Eagles",Buteogallus urubitinga,Great Black Hawk,LC
22695855,37430,"Hawks, Eagles",Buteogallus coronatus,Crowned Solitary Eagle,EN
22682776,38270,Trogons,Trogon bairdii,Baird's Trogon,NT
22682396,38570,Hornbills,Lophoceros alboterminatus,Crowned Hornbill,LC
22682464,38850,Hornbills,Rhinoplax vigil,Helmeted Hornbill,CR
22683764,39410,Bee-eaters,Merops malimbicus,Rosy Bee-eater,LC
22698599,53150,Pittas,Hydrornis phayrei,Eared Pitta,LC
22698602,53170,Pittas,Hydrornis nipalensis,Blue-naped Pitta,LC
22698611,53200,Pittas,Hydrornis schneideri,Schneider's Pitta,LC
22736518,53240,Pittas,Hydrornis guajanus,Javan Banded Pitta,LC
22701420,54570,Typical Antbirds,Thamnomanes caesius,Cinereous Antshrike,LC
22701637,55660,Typical Antbirds,Drymophila malura,Dusky-tailed Antbird,LC
22702023,59590,Ovenbirds,Tarphonomus certhioides,Chaco Earthcreeper,LC
22702117,59930,Ovenbirds,Cinclodes palliatus,White-bellied Cinclodes,CR
22702114,59940,Ovenbirds,Cinclodes atacamensis,White-winged Cinclodes,LC
22702786,60160,Ovenbirds,Anabacerthia variegaticeps,Scaly-throated Foliage-gleaner,LC
22702661,60980,Ovenbirds,Anumbius annumbi,Firewood-gatherer,LC
22733216,61810,Ovenbirds,Pseudoseisura unirufa,Grey-crested Cacholote,LC
22733859,61820,Ovenbirds,Pseudoseisura cristata,Caatinga Cacholote,LC
22701200,62380,Manakins,Tyranneutes virescens,Tiny Tyrant-manakin,LC
22701134,62390,Manakins,Xenopipo uniformis,Olive Manakin,LC
103677449,64080,Tityras and allies,Schiffornis veraepacis,Northern Mourner,LC
22699069,64340,Tyrant-flycatchers,Corythopis delalandi,Southern Antpipit,LC
22698796,64610,Tyrant-flycatchers,Mionectes oleagineus,Ochre-bellied Flycatcher,LC
103680258,64630,Tyrant-flycatchers,Mionectes roraimae,Sierra de Lema Flycatcher,LC
103681276,66020,Tyrant-flycatchers,Elaenia brachyptera,Coopmans's Elaenia,LC
22699097,66380,Tyrant-flycatchers,Phyllomyias sclateri,Sclater's Tyrannulet,LC
103683052,67440,Tyrant-flycatchers,Knipolegus aterrimus,White-winged Black-tyrant,LC
22700027,67720,Tyrant-flycatchers,Xolmis velatus,White-rumped Monjita,LC
22706077,81580,Crows and jays,Corvus albicollis,White-necked Raven,LC
103727590,81870,Crows and jays,Corvus macrorhynchos,Large-billed Crow,LC
22704795,83290,Australasian robins,Petroica bivittata,Subalpine Robin,LC
103758936,84220,Tits and chickadees,Sittiparus castaneoventris,Chestnut-bellied Tit,LC
103761494,84250,Tits and chickadees,Poecile lugubris,Sombre Tit,LC
22717262,85020,Larks,Alaemon alaudipes,Greater Hoopoe-lark,LC
22714510,86480,Crombecs and allies,Cryptillas victorini,Victorin's Warbler,LC
22714647,86500,Crombecs and allies,Sphenoeacus afer,Cape Grassbird,LC
22713684,86760,Cisticolas and allies,Drymocichla incana,Red-winged Grey Warbler,LC
22713643,86770,Cisticolas and allies,Schistolais leucopogon,White-chinned Prinia,LC
22713766,87050,Cisticolas and allies,Apalis sharpii,Sharpe's Apalis,NT
22713868,87340,Cisticolas and allies,Camaroptera superciliaris,Yellow-browed Camaroptera,LC
103775454,87620,Cisticolas and allies,Cisticola aberrans,Lazy Cisticola,LC
22713483,87890,Cisticolas and allies,Cisticola troglodytes,Foxy Cisticola,LC
22714574,88220,Cisticolas and allies,Bathmocercus rufus,Black-faced Rufous-warbler,LC
103779336,88780,Reed-warblers,Calamonastides bensoni,Zambian Yellow Warbler,VU
22714657,89700,Grasshopper-warblers and grassbirds,Locustella naevia,Common Grasshopper-warbler,LC
22715577,90140,Grasshopper-warblers and grassbirds,Schoenicola platyurus,Broad-tailed Grassbird,NT
22715572,90160,Grasshopper-warblers and grassbirds,Catriscus brevirostris,Fan-tailed Grassbird,LC
22713021,90450,Tetrakas,Crossleyia tenebrosa,Dusky Tetraka,DD
22724439,90470,Tetrakas,Cryptosylvicola randrianasoloi,Cryptic Warbler,LC
103823086,92720,Bulbuls,Ixos sumatranus,Sumatran Bulbul,LC
22713182,92750,Bulbuls,Hypsipetes rufigularis,Zamboanga Bulbul,NT
22712650,93270,Bulbuls,Pycnonotus barbatus,Common Bulbul,LC
22712705,93280,Bulbuls,Pycnonotus nieuwenhuisii,Blue-wattled Bulbul,DD
22712616,93570,Bulbuls,Microtarsus melanoleucos,Black-and-white Bulbul,NT
22728939,93850,Leaf-warblers,Phylloscopus sindianus,Mountain Chiffchaff,LC
22715339,93870,Leaf-warblers,Phylloscopus tytleri,Tytler's Leaf-warbler,LC
103872581,95280,Old World Warblers,Sylvia abyssinica,African Hill-babbler,LC
22716743,96130,White-eyes and Yuhinas,Yuhina occipitalis,Rufous-vented Yuhina,LC
22714275,96390,White-eyes and Yuhinas,Rukia ruki,Teardrop White-eye,EN
22714285,96420,White-eyes and Yuhinas,Tephrozosterops stalkeri,Bicoloured White-eye,LC
103890694,96680,White-eyes and Yuhinas,Zosterops ficedulinus,Principe White-eye,EN
22713989,96690,White-eyes and Yuhinas,Zosterops griseovirescens,Annobon White-eye,LC
22714155,96970,White-eyes and Yuhinas,Zosterops kuehni,Ambon White-eye,LC
103892101,97250,White-eyes and Yuhinas,Zosterops hamlini,Bougainville White-eye,LC
22715943,98070,Scimitar-babblers and allies,Erythrogenys hypoleucos,Large Scimitar-babbler,LC
22735177,98650,Ground babblers,Schoeniparus castaneceps,Rufous-winged Fulvetta,LC
22715792,98910,Ground babblers,Pellorneum rostratum,White-chested Babbler,NT
22716491,99740,Laughingthrushes and allies,Turdoides leucocephala,White-headed Babbler,LC
22716487,99750,Laughingthrushes and allies,Turdoides plebejus,Brown Babbler,LC
22715764,100600,Laughingthrushes and allies,Trochalopteron milnei,Red-tailed Laughingthrush,LC
22711244,101130,Treecreepers,Certhia americana,American Treecreeper,LC
22734633,101140,Treecreepers,Certhia hodgsoni,Hodgson's Treecreeper,LC
103887386,102260,Wrens,Campylorhynchus humilis,Sclater's Wren,LC
103887340,102270,Wrens,Campylorhynchus rufinucha,Rufous-naped Wren,LC
22711554,102830,Wrens,Cyphorhinus phaeocephalus,Song Wren,LC
22710867,103140,Starlings,Spodiopsar sericeus,Red-billed Starling,LC
22710550,104260,Starlings,Aplonis panayensis,Asian Glossy Starling,LC
22711044,104510,Mockingbirds and thrashers,Mimus triurus,White-banded Mockingbird,LC
22711047,104530,Mockingbirds and thrashers,Mimus longicaudatus,Long-tailed Mockingbird,LC
22720278,121130,Finches,Crithagra melanochroa,Kipengere Seedeater,LC
22720272,121140,Finches,Crithagra rufobrunnea,Principe Seedeater,LC
22720365,121730,Finches,Spinus spinescens,Andean Siskin,LC
22720966,122280,Old World Buntings,Emberiza aureola,Yellow-breasted Bunting,CR
103768825,122810,New World sparrows,Chlorospingus hypophaeus,Orange-throated Chlorospingus,LC
22721079,123920,New World sparrows,Zonotrichia capensis,Rufous-collared Sparrow,LC
22724126,124800,New World blackbirds,Icterus galbula,Baltimore Oriole,LC
103795554,125870,New World warblers,Geothlypis aequinoctialis,Masked Yellowthroat,LC
22722065,127250,Cardinals,Granatellus sallaei,Grey-throated Chat,LC
103804346,127260,Cardinals,Granatellus pelzelni,Rose-breasted Chat,LC
22722430,127530,Cardinals,Habia atrimaxillaris,Black-cheeked Ant-tanager,NT
22722409,127550,Cardinals,Habia rubica,Red-crowned Ant-tanager,LC
22722330,127580,Cardinals,Habia olivacea,Lemon-spectacled Tanager,LC
22722672,127820,Tanagers,Iridosornis jelskii,Golden-collared Tanager,LC
22721602,128350,Tanagers,Paroaria capitata,Yellow-billed Cardinal,LC
22723003,129490,Tanagers,Cyanerpes nitidus,Short-billed Honeycreeper,LC
22723892,129790,Tanagers,Saltator aurantiirostris,Golden-billed Saltator,LC
22733599,130870,Tanagers,Sporophila telasco,Chestnut-throated Seedeater,LC
22722263,131440,Tanagers,Thlypopsis sordida,Orange-headed Tanager,LC
22723059,131980,Tanagers,Phrygilus atriceps,Black-hooded Sierra-finch,LC
22686198,48780,Parrots,Pionus fuscus,Dusky Parrot,LC
22678135,130,Tinamous,Tinamus tao,Grey Tinamou,VU
22678139,140,Tinamous,Tinamus solitarius,Solitary Tinamou,NT
22679545,1690,Guineafowl,Agelastes meleagrides,White-breasted Guineafowl,VU
22725223,1750,Guineafowl,Guttera edouardi,Southern Crested Guineafowl,LC
22678795,1780,New World quails,Ptilopachus nahani,Nahan's Partridge,VU
22728956,1810,New World quails,Colinus virginianus,Northern Bobwhite,NT
22679623,1820,New World quails,Colinus nigrogularis,Black-throated Bobwhite,LC
22679640,1960,New World quails,Odontophorus melanotis,Black-eared Wood-quail,NT
22679668,2010,New World quails,Odontophorus speciosus,Rufous-breasted Wood-quail,LC
22679678,2030,New World quails,Odontophorus strophium,Gorgeted Wood-quail,VU
22679688,2050,New World quails,Odontophorus leucolaemus,Black-breasted Wood-quail,LC
22679693,2060,New World quails,Odontophorus balliviani,Stripe-faced Wood-quail,LC
22679698,2070,New World quails,Odontophorus stellatus,Starred Wood-quail,LC
22679720,2090,New World quails,Rhynchortyx cinctus,Tawny-faced Quail,NT
22679106,2170,"Pheasants, Partridges, Turkeys, Grouse",Rollulus rouloul,Crested Partridge,VU
22679020,2190,"Pheasants, Partridges, Turkeys, Grouse",Arborophila rufogularis,Rufous-throated Partridge,LC
22679026,2210,"Pheasants, Partridges, Turkeys, Grouse",Arborophila crudigularis,Taiwan Partridge,LC
22679032,2230,"Pheasants, Partridges, Turkeys, Grouse",Arborophila brunneopectus,Bar-backed Partridge,LC
22679060,2330,"Pheasants, Partridges, Turkeys, Grouse",Arborophila rubrirostris,Red-billed Partridge,LC
22727395,2430,"Pheasants, Partridges, Turkeys, Grouse",Tropicoperdix charltonii,Chestnut-necklaced Partridge,VU
22679134,2520,"Pheasants, Partridges, Turkeys, Grouse",Galloperdix lunulata,Painted Spurfowl,LC
22679137,2530,"Pheasants, Partridges, Turkeys, Grouse",Galloperdix bicalcarata,Sri Lanka Spurfowl,LC
22679385,2640,"Pheasants, Partridges, Turkeys, Grouse",Polyplectron malacense,Malay Peacock-Pheasant,EN
22679372,2660,"Pheasants, Partridges, Turkeys, Grouse",Polyplectron germaini,Germain's Peacock-Pheasant,VU
22678944,2730,"Pheasants, Partridges, Turkeys, Grouse",Coturnix coturnix,Common Quail,LC
22678958,2750,"Pheasants, Partridges, Turkeys, Grouse",Coturnix coromandelica,Rain Quail,LC
22678961,2760,"Pheasants, Partridges, Turkeys, Grouse",Coturnix delegorguei,Harlequin Quail,LC
22678955,2780,"Pheasants, Partridges, Turkeys, Grouse",Coturnix novaezelandiae,New Zealand Quail,EX
22678664,2850,"Pheasants, Partridges, Turkeys, Grouse",Tetraogallus caspius,Caspian Snowcock,LC
22678691,2900,"Pheasants, Partridges, Turkeys, Grouse",Alectoris chukar,Chukar,LC
22678711,2940,"Pheasants, Partridges, Turkeys, Grouse",Alectoris rufa,Red-legged Partridge,NT
22678714,2950,"Pheasants, Partridges, Turkeys, Grouse",Alectoris melanocephala,Arabian Partridge,LC
22678652,2980,"Pheasants, Partridges, Turkeys, Grouse",Ammoperdix griseogularis,See-see Partridge,LC
22679007,3020,"Pheasants, Partridges, Turkeys, Grouse",Perdicula erythrorhyncha,Painted Bush-quail,LC
22678807,3080,"Pheasants, Partridges, Turkeys, Grouse",Pternistis clappertoni,Clapperton's Spurfowl,LC
22678823,3110,"Pheasants, Partridges, Turkeys, Grouse",Pternistis capensis,Cape Spurfowl,LC
22680409,4910,"Ducks, Geese, Swans",Somateria spectabilis,King Eider,LC
22724836,4950,"Ducks, Geese, Swans",Melanitta fusca,Velvet Scoter,VU
22724879,4980,"Ducks, Geese, Swans",Melanitta nigra,Common Scoter,LC
22680465,5050,"Ducks, Geese, Swans",Mergellus albellus,Smew,LC
22680482,5110,"Ducks, Geese, Swans",Mergus octosetaceus,Brazilian Merganser,CR
22680423,5120,"Ducks, Geese, Swans",Histrionicus histrionicus,Harlequin Duck,LC
22679987,5140,"Ducks, Geese, Swans",Neochen jubata,Orinoco Goose,LC
22679972,5150,"Ducks, Geese, Swans",Chloephaga melanoptera,Andean Goose,LC
22680086,5370,"Ducks, Geese, Swans",Nettapus pulchellus,Green Pygmy-goose,LC
62239833,5420,"Ducks, Geese, Swans",Chenonetta finschi,Finsch's Duck,EX
22680121,5430,"Ducks, Geese, Swans",Hymenolaimus malacorhynchos,Blue Duck,EN
22680364,5540,"Ducks, Geese, Swans",Aythya valisineria,Canvasback,LC
22680395,5590,"Ducks, Geese, Swans",Aythya novaeseelandiae,New Zealand Scaup,LC
22680344,5640,"Ducks, Geese, Swans",Rhodonessa caryophyllacea,Pink-headed Duck,CR
22680127,5650,"Ducks, Geese, Swans",Salvadorina waigiuensis,Salvadori's Teal,LC
22680038,5670,"Ducks, Geese, Swans",Tachyeres leucocephalus,White-headed Steamerduck,VU
22680033,5680,"Ducks, Geese, Swans",Tachyeres pteneres,Magellanic Steamerduck,LC
22680047,5690,"Ducks, Geese, Swans",Tachyeres brachypterus,Falkland Steamerduck,LC
22680130,5700,"Ducks, Geese, Swans",Lophonetta specularioides,Crested Duck,LC
22680149,5850,"Ducks, Geese, Swans",Mareca strepera,Gadwall,LC
22680214,5930,"Ducks, Geese, Swans",Anas luzonica,Philippine Duck,LC
22736042,5940,"Ducks, Geese, Swans",Anas zonorhyncha,Eastern Spot-billed Duck,LC
22736541,5950,"Ducks, Geese, Swans",Anas poecilorhyncha,Indian Spot-billed Duck,LC
22680178,5990,"Ducks, Geese, Swans",Anas fulvigula,Mottled Duck,LC
22727271,6030,"Ducks, Geese, Swans",Anas gibberifrons,Sunda Teal,LC
22724580,6080,"Ducks, Geese, Swans",Anas nesiotis,Campbell Teal,VU
22728666,6150,"Ducks, Geese, Swans",Anas marecula,Amsterdam Duck,EX
22729498,6180,"Ducks, Geese, Swans",Anas carolinensis,Green-winged Teal,LC
22696553,6290,Grebes,Tachybaptus novaehollandiae,Australasian Grebe,LC
22696599,6410,Grebes,Podiceps grisegena,Red-necked Grebe,LC
22696610,6440,Grebes,Podiceps nigricollis,Black-necked Grebe,LC
22733372,8130,"Pigeons, Doves",Zenaida meloda,West Peruvian Dove,LC
22690750,8140,"Pigeons, Doves",Zenaida aurita,Zenaida Dove,LC
22690740,8180,"Pigeons, Doves",Zenaida graysoni,Socorro Dove,EW
22690970,8200,"Pigeons, Doves",Starnoenas cyanocephala,Blue-headed Quail-Dove,EN
22690762,8210,"Pigeons, Doves",Columbina inca,Inca Dove,LC
22690799,8280,"Pigeons, Doves",Columbina cruziana,Croaking Ground Dove,LC
22690804,8290,"Pigeons, Doves",Columbina cyanopis,Blue-eyed Ground Dove,CR
22690809,8300,"Pigeons, Doves",Claravis pretiosa,Blue Ground Dove,LC
22690814,8310,"Pigeons, Doves",Paraclaravis mondetoura,Maroon-chested Ground Dove,LC
22690819,8320,"Pigeons, Doves",Paraclaravis geoffroyi,Purple-winged Ground Dove,CR
22690979,8420,"Pigeons, Doves",Gallicolumba luzonica,Luzon Bleeding-heart,NT
22691024,8530,"Pigeons, Doves",Pampusana kubaryi,Caroline Islands Ground Dove,EN
22690727,8640,"Pigeons, Doves",Leucosarcia melanoleuca,Wonga Pigeon,LC
22690700,8650,"Pigeons, Doves",Petrophassa rufipennis,Chestnut-quilled Rock-pigeon,LC
22690708,8770,"Pigeons, Doves",Geopelia striata,Zebra Dove,LC
22690724,8800,"Pigeons, Doves",Geopelia humeralis,Bar-shouldered Dove,LC
22691081,8820,"Pigeons, Doves",Trugon terrestris,Thick-billed Ground-pigeon,LC
22725247,8840,"Pigeons, Doves",Otidiphaps nobilis,Green-naped Pheasant-pigeon,LC
22691086,8880,"Pigeons, Doves",Microgoura meeki,Choiseul Pigeon,EX
45014476,8900,"Pigeons, Doves",Goura sclaterii,Sclater's Crowned-pigeon,NT
22690974,8940,"Pigeons, Doves",Caloenas nicobarica,Nicobar Pigeon,NT
22690635,9060,"Pigeons, Doves",Turtur tympanistria,Tambourine Dove,LC
22727826,9090,"Pigeons, Doves",Phapitreron leucotis,White-eared Brown-dove,LC
22727834,9100,"Pigeons, Doves",Phapitreron nigrorum,Buff-eared Brown-dove,LC
22691132,9210,"Pigeons, Doves",Treron olax,Little Green-pigeon,LC
22691160,9300,"Pigeons, Doves",Treron curvirostra,Thick-billed Green-pigeon,LC
22691186,9340,"Pigeons, Doves",Treron psittaceus,Timor Green-pigeon,EN
22727551,9490,"Pigeons, Doves",Treron permagnus,Ryukyu Green-pigeon,LC
200094385,9610,"Pigeons, Doves",Ducula aenea,Green Imperial-pigeon,NT
22689650,11360,Potoos,Nyctibius maculosus,Andean Potoo,LC
22690000,11490,Nightjars,Gactornis enarratus,Collared Nightjar,NT
22689714,11520,Nightjars,Chordeiles minor,Common Nighthawk,LC
22725686,11630,Nightjars,Systellura decussata,Lesser Band-winged Nightjar,LC
22725678,11640,Nightjars,Systellura longirostris,Greater Band-winged Nightjar,LC
22689855,11660,Nightjars,Nyctidromus anthonyi,Scrub Nightjar,LC
22690056,11670,Nightjars,Eleothreptus anomalus,Sickle-winged Nightjar,VU
22689865,11730,Nightjars,Setopagis whitelyi,Roraiman Nightjar,LC
22736393,11880,Nightjars,Antrostomus vociferus,Eastern Whip-poor-will,NT
22689795,11940,Nightjars,Antrostomus badius,Yucatan Nightjar,LC
22689798,11950,Nightjars,Antrostomus sericocaudatus,Silky-tailed Nightjar,LC
22689781,11970,Nightjars,Antrostomus rufus,Rufous Nightjar,LC
22689786,11980,Nightjars,Antrostomus cubanensis,Cuban Nightjar,LC
22725702,12020,Nightjars,Caprimulgus jotaka,Grey Nightjar,LC
22689887,12040,Nightjars,Caprimulgus europaeus,European Nightjar,LC
22689893,12050,Nightjars,Caprimulgus fraenatus,Sombre Nightjar,LC
22689902,12070,Nightjars,Caprimulgus aegyptius,Egyptian Nightjar,LC
22689931,12110,Nightjars,Caprimulgus atripennis,Jerdon's Nightjar,LC
22689937,12160,Nightjars,Caprimulgus celebensis,Sulawesi Nightjar,LC
22689920,12230,Nightjars,Caprimulgus madagascariensis,Madagascar Nightjar,LC
22689972,12240,Nightjars,Caprimulgus natalensis,Swamp Nightjar,LC
22689985,12280,Nightjars,Caprimulgus affinis,Savanna Nightjar,LC
22689988,12290,Nightjars,Caprimulgus tristigma,Freckled Nightjar,LC
22689954,12300,Nightjars,Caprimulgus prigoginei,Prigogine's Nightjar,DD
22690016,12340,Nightjars,Caprimulgus fossii,Mozambique Nightjar,LC
22689546,12540,Owlet-nightjars,Aegotheles crinifrons,Moluccan Owlet-nightjar,LC
22689568,12580,Owlet-nightjars,Aegotheles wallacii,Wallace's Owlet-nightjar,LC
22725731,14250,Hummingbirds,Phaethornis baroni,Ecuadorian Hermit,LC
22733913,14280,Hummingbirds,Phaethornis squalidus,Dusky-throated Hermit,LC
22733918,14290,Hummingbirds,Phaethornis rupurumii,Streak-throated Hermit,LC
22726671,14370,Hummingbirds,Phaethornis porcullae,Porculla Hermit,LC
22686994,14390,Hummingbirds,Phaethornis stuarti,White-browed Hermit,LC
22688090,14570,Hummingbirds,Augastes scutatus,Hyacinth Visorbearer,LC
22687482,14670,Hummingbirds,Polytmus guainumbi,White-tailed Goldenthroat,LC
22687488,14690,Hummingbirds,Polytmus theresiae,Green-tailed Goldenthroat,LC
22687133,14720,Hummingbirds,Anthracothorax mango,Jamaican Mango,LC
22687122,14740,Hummingbirds,Anthracothorax viridigula,Green-throated Mango,LC
22729026,14760,Hummingbirds,Anthracothorax veraguensis,Veraguas Mango,LC
22725745,14780,Hummingbirds,Anthracothorax aurulentus,Puerto Rican Mango,LC
22687143,14790,Hummingbirds,Anthracothorax viridis,Green Mango,LC
22687890,14880,Hummingbirds,Heliangelus strophianus,Gorgeted Sunangel,LC
22687265,15020,Hummingbirds,Discosura letitiae,Coppery Thorntail,DD
22687275,15030,Hummingbirds,Discosura conversii,Green Thorntail,LC
22687181,15050,Hummingbirds,Lophornis ornatus,Tufted Coquette,LC
22687208,15090,Hummingbirds,Lophornis delattrei,Rufous-crested Coquette,LC
22726690,15110,Hummingbirds,Lophornis verreauxii,Butterfly Coquette,LC
22687703,15170,Hummingbirds,Phlogophilus hemileucurus,Ecuadorian Piedtail,LC
22687708,15180,Hummingbirds,Phlogophilus harterti,Peruvian Piedtail,LC
22687696,15190,Hummingbirds,Adelomyia melanogenys,Speckled Hummingbird,LC
22687977,15240,Hummingbirds,Sappho sparganurus,Red-tailed Comet,LC
60946473,15290,Hummingbirds,Oreotrochilus stolzmanni,Green-headed Hillstar,LC
22687771,15300,Hummingbirds,Oreotrochilus melanogaster,Black-breasted Hillstar,LC
60946163,15310,Hummingbirds,Oreotrochilus estella,Andean Hillstar,LC
22687768,15320,Hummingbirds,Oreotrochilus leucopleurus,White-sided Hillstar,LC
22687974,15370,Hummingbirds,Lesbia nuna,Green-tailed Trainbearer,LC
22688024,15400,Hummingbirds,Chalcostigma ruficeps,Rufous-capped Thornbill,LC
22726804,15470,Hummingbirds,Oxypogon lindenii,White-bearded Helmetcrest,NT
22726790,15480,Hummingbirds,Oxypogon guerinii,Green-bearded Helmetcrest,LC
22688018,15530,Hummingbirds,Metallura iracunda,Perija Metaltail,NT
22688002,15580,Hummingbirds,Metallura theresiae,Coppery Metaltail,LC
22688009,15600,Hummingbirds,Metallura aeneocauda,Scaled Metaltail,LC
22724623,17060,Hummingbirds,Chlorostilbon olivaresi,Chiribiquete Emerald,LC
22687348,17100,Hummingbirds,Chlorostilbon stenurus,Narrow-tailed Emerald,LC
22687066,17210,Hummingbirds,Pampa rufa,Rufous Sabrewing,LC
200273649,17310,Hummingbirds,Campylopterus largipennis,Grey-breasted Sabrewing,LC
200278757,17330,Hummingbirds,Campylopterus diamantinensis,Diamantina Sabrewing,NT
22687072,17360,Hummingbirds,Campylopterus duidae,Buff-breasted Sabrewing,LC
22687083,17380,Hummingbirds,Campylopterus falcatus,Lazuline Sabrewing,LC
22687086,17390,Hummingbirds,Campylopterus phainopeplus,Santa Marta Sabrewing,CR
22687402,17490,Hummingbirds,Thalurania watertonii,Long-tailed Woodnymph,EN
22687399,17510,Hummingbirds,Thalurania furcata,Fork-tailed Woodnymph,LC
22687646,17560,Hummingbirds,Microchera cupreiceps,Coppery-headed Emerald,LC
22687461,17580,Hummingbirds,Goldmania violiceps,Violet-capped Hummingbird,NT
22687383,17600,Hummingbirds,Eupherusa ridgwayi,Mexican Woodnymph,VU
22687503,17690,Hummingbirds,Taphrospilus hypostictus,Many-spotted Hummingbird,LC
22687658,17710,Hummingbirds,Eupetomena cirrochloris,Sombre Hummingbird,LC
22687469,17730,Hummingbirds,Trochilus polytmus,Red-billed Streamertail,LC
22687624,17760,Hummingbirds,Leucolia violiceps,Violet-crowned Hummingbird,LC
61200304,17780,Hummingbirds,Leucolia wagneri,Cinnamon-sided Hummingbird,LC
22687587,17810,Hummingbirds,Saucerottia cyanura,Blue-tailed Hummingbird,LC
22687614,17840,Hummingbirds,Saucerottia castaneiventris,Chestnut-bellied Hummingbird,NT
61201753,17860,Hummingbirds,Saucerottia cupreicauda,Copper-tailed Hummingbird,LC
22687603,17900,Hummingbirds,Amazilia rutila,Cinnamon Hummingbird,LC
22730168,17920,Hummingbirds,Amazilia tzacatl,Rufous-tailed Hummingbird,LC
22687529,17930,Hummingbirds,Amazilia luciae,Honduran Emerald,VU
22726706,18150,Hummingbirds,Chionomesa lactea,Sapphire-spangled Emerald,LC
22687449,18180,Hummingbirds,Hylocharis chrysura,Gilded Hummingbird,LC
22687432,18270,Hummingbirds,Chlorestes eliciae,Blue-throated Goldentail,LC
22684438,18340,Cuckoos,Crotophaga sulcirostris,Groove-billed Ani,LC
22684452,18370,Cuckoos,Dromococcyx phasianellus,Pheasant Cuckoo,LC
22684455,18380,Cuckoos,Dromococcyx pavoninus,Pavonine Cuckoo,LC
22684473,18430,Cuckoos,Neomorphus radiolosus,Banded Ground-cuckoo,VU
22734726,20070,Cuckoos,Cuculus lepidus,Sunda Cuckoo,LC
22683893,20090,Cuckoos,Cuculus rochii,Madagascar Cuckoo,LC
22692219,20180,"Rails, Gallinules, Coots",Sarothrura elegans,Buff-spotted Flufftail,LC
22692227,20200,"Rails, Gallinules, Coots",Sarothrura lugens,Chestnut-headed Flufftail,LC
22692232,20210,"Rails, Gallinules, Coots",Sarothrura boehmi,Streaky-breasted Flufftail,LC
22692241,20230,"Rails, Gallinules, Coots",Sarothrura insularis,Madagascar Flufftail,LC
22724980,20300,"Rails, Gallinules, Coots",Mentocrex beankaensis,Tsingy Forest Rail,VU
22692298,20330,"Rails, Gallinules, Coots",Rallicula forbesi,Forbes's Forest Rail,LC
22692275,20400,"Rails, Gallinules, Coots",Coturnicops noveboracensis,Yellow Rail,LC
22692278,20410,"Rails, Gallinules, Coots",Coturnicops notatus,Speckled Rail,LC
22692353,20500,"Rails, Gallinules, Coots",Laterallus jamaicensis,Black Rail,EN
22692371,20530,"Rails, Gallinules, Coots",Laterallus leucopyrrhus,Red-and-white Crake,LC
62154828,20600,"Rails, Gallinules, Coots",Rallus longirostris,Mangrove Rail,LC
22692781,20830,"Rails, Gallinules, Coots",Habroptila wallacii,Invisible Rail,VU
22692388,20850,"Rails, Gallinules, Coots",Gallirallus lafresnayanus,New Caledonian Rail,CR
22727451,21010,"Rails, Gallinules, Coots",Hypotaenidia woodfordi,Guadalcanal Rail,LC
22692455,21050,"Rails, Gallinules, Coots",Hypotaenidia dieffenbachii,Dieffenbach's Rail,EX
22692395,21060,"Rails, Gallinules, Coots",Hypotaenidia sylvestris,Lord Howe Woodhen,EN
22692535,21090,"Rails, Gallinules, Coots",Dryolimnas cuvieri,White-throated Rail,LC
22692596,21210,"Rails, Gallinules, Coots",Aramides calopterus,Red-winged Wood-rail,LC
22692737,21260,"Rails, Gallinules, Coots",Cyanolimnas cerverai,Zapata Rail,CR
22692740,21270,"Rails, Gallinules, Coots",Neocrex colombiana,Colombian Crake,DD
22692760,21280,"Rails, Gallinules, Coots",Neocrex erythrops,Paint-billed Crake,LC
22692763,21290,"Rails, Gallinules, Coots",Pardirallus maculatus,Spotted Rail,LC
22692772,21310,"Rails, Gallinules, Coots",Pardirallus sanguinolentus,Plumbeous Rail,LC
22692330,21360,"Rails, Gallinules, Coots",Porzana fasciata,Black-banded Crake,LC
22692676,21390,"Rails, Gallinules, Coots",Porzana porzana,Spotted Crake,LC
22692702,21420,"Rails, Gallinules, Coots",Zapornia paykullii,Band-bellied Crake,NT
22692711,21530,"Rails, Gallinules, Coots",Zapornia atra,Henderson Island Crake,VU
22692708,21550,"Rails, Gallinules, Coots",Zapornia monasa,Kosrae Crake,EX
22692616,21570,"Rails, Gallinules, Coots",Amaurornis olivacea,Philippine Bush-hen,LC
22732147,21580,"Rails, Gallinules, Coots",Amaurornis magnirostris,Talaud Bush-hen,VU
22692729,21620,"Rails, Gallinules, Coots",Amaurornis marginalis,Striped Crake,LC
22692789,21650,"Rails, Gallinules, Coots",Gallicrex cinerea,Watercock,LC
62263064,21680,"Rails, Gallinules, Coots",Porphyrio paepae,Marquesan Swamphen,EX
22692816,21730,"Rails, Gallinules, Coots",Porphyrio alleni,Allen's Gallinule,LC
22728323,23460,Albatrosses,Diomedea sanfordi,Northern Royal Albatross,EN
22728364,23510,Albatrosses,Diomedea dabbenena,Tristan Albatross,CR
22698448,23600,Albatrosses,Phoebetria palpebrata,Light-mantled Albatross,NT
22698320,23610,Albatrosses,Phoebastria irrorata,Waved Albatross,CR
22698350,23620,Albatrosses,Phoebastria nigripes,Black-footed Albatross,NT
22728372,23660,Albatrosses,Thalassarche carteri,Indian Yellow-nosed Albatross,EN
22698375,23680,Albatrosses,Thalassarche melanophris,Black-browed Albatross,LC
22728328,23700,Albatrosses,Thalassarche bulleri,Buller's Albatross,NT
22698388,23740,Albatrosses,Thalassarche salvini,Salvin's Albatross,VU
22697859,23780,"Petrels, Shearwaters",Macronectes halli,Northern Giant Petrel,LC
22697870,23810,"Petrels, Shearwaters",Fulmarus glacialoides,Southern Fulmar,LC
22698106,23860,"Petrels, Shearwaters",Pachyptila vittata,Broad-billed Prion,LC
104062579,23880,"Petrels, Shearwaters",Pachyptila macgillivrayi,MacGillivray's Prion,CR
22698114,23890,"Petrels, Shearwaters",Pachyptila desolata,Antarctic Prion,LC
22698119,23900,"Petrels, Shearwaters",Pachyptila belcheri,Slender-billed Prion,LC
22698124,23910,"Petrels, Shearwaters",Pachyptila turtur,Fairy Prion,LC
22697990,23980,"Petrels, Shearwaters",Pterodroma defilippiana,Masatierra Petrel,VU
22697997,23990,"Petrels, Shearwaters",Pterodroma longirostris,Stejneger's Petrel,VU
22697975,24000,"Petrels, Shearwaters",Pterodroma cookii,Cook's Petrel,VU
22698001,24110,"Petrels, Shearwaters",Pterodroma alba,Phoenix Petrel,VU
22698097,24210,"Petrels, Shearwaters",Pterodroma caribbaea,Jamaican Petrel,CR(PE)
22698049,24250,"Petrels, Shearwaters",Pterodroma magentae,Magenta Petrel,CR
22698175,24410,"Petrels, Shearwaters",Ardenna pacifica,Wedge-tailed Shearwater,LC
22698209,24440,"Petrels, Shearwaters",Ardenna grisea,Sooty Shearwater,NT
22698201,24450,"Petrels, Shearwaters",Ardenna gravis,Great Shearwater,LC
22729421,24510,"Petrels, Shearwaters",Calonectris edwardsii,Cape Verde Shearwater,NT
22698222,24540,"Petrels, Shearwaters",Puffinus nativitatis,Christmas Shearwater,LC
22698249,24560,"Petrels, Shearwaters",Puffinus gavia,Fluttering Shearwater,LC
22698235,24620,"Petrels, Shearwaters",Puffinus auricularis,Townsend's Shearwater,CR
45959182,24710,"Petrels, Shearwaters",Puffinus lherminieri,Audubon's Shearwater,LC
22698277,24720,"Petrels, Shearwaters",Puffinus heinrothi,Heinroth's Shearwater,VU
22696883,26740,Cormorants,Leucocarbo magellanicus,Rock Shag,LC
22729686,26760,Cormorants,Leucocarbo atriceps,Imperial Shag,LC
22696813,26770,Cormorants,Leucocarbo verrucosus,Kerguelen Islands Shag,LC
22696846,26780,Cormorants,Leucocarbo carunculatus,Rough-faced Shag,VU
22696776,26840,Cormorants,Nannopterum auritum,Double-crested Cormorant,LC
22696773,26850,Cormorants,Nannopterum brasilianum,Neotropical Cormorant,LC
22696756,26860,Cormorants,Nannopterum harrisi,Flightless Cormorant,VU
22696753,26870,Cormorants,Urile penicillatus,Brandt's Cormorant,LC
22696887,26890,Cormorants,Urile urile,Red-faced Cormorant,LC
22696750,26900,Cormorants,Urile perspicillatus,Spectacled Cormorant,EX
22696894,26910,Cormorants,Gulosus aristotelis,European Shag,LC
22696788,26980,Cormorants,Phalacrocorax sulcirostris,Little Black Cormorant,LC
22696712,27100,Darters,Anhinga melanogaster,Oriental Darter,LC
45111439,27130,Thick-knees,Burhinus oedicnemus,Eurasian Thick-knee,LC
22693584,27160,Thick-knees,Burhinus vermiculatus,Water Thick-knee,LC
22728621,27230,Thick-knees,Esacus magnirostris,Beach Thick-knee,NT
22693570,27260,Magellanic Plover,Pluvianellus socialis,Magellanic Plover,VU
22693669,27280,Oystercatchers,Haematopus leucopodus,Magellanic Oystercatcher,LC
62015238,27290,Oystercatchers,Haematopus ater,Blackish Oystercatcher,LC
22693621,27310,Oystercatchers,Haematopus meadewaldoi,Canarian Oystercatcher,EX
22693632,27340,Oystercatchers,Haematopus finschi,South Island Oystercatcher,LC
22693656,27360,Oystercatchers,Haematopus chathamensis,Chatham Islands Oystercatcher,EN
22693663,27380,Oystercatchers,Haematopus fuliginosus,Sooty Oystercatcher,LC
22693921,27610,Plovers,Oreopholus ruficollis,Tawny-throated Dotterel,LC
62291168,27640,Plovers,Charadrius aquilonius,Northern Red-breasted Plover,LC
22693759,27660,Plovers,Charadrius hiaticula,Common Ringed Plover,LC
22693770,27690,Plovers,Charadrius dubius,Little Ringed Plover,LC
22693793,27740,Plovers,Charadrius pecuarius,Kittlitz's Plover,LC
22693832,27840,Plovers,Charadrius ruficapillus,Red-capped Plover,LC
22693842,27870,Plovers,Charadrius collaris,Collared Plover,LC
22693849,27880,Plovers,Charadrius alticola,Puna Plover,LC
22693852,27890,Plovers,Charadrius falklandicus,Two-banded Plover,LC
22693845,27900,Plovers,Charadrius bicinctus,Double-banded Plover,NT
22693862,27930,Plovers,Charadrius leschenaultii,Greater Sandplover,LC
22693868,27940,Plovers,Charadrius asiaticus,Caspian Plover,LC
22693872,27950,Plovers,Charadrius veredus,Oriental Plover,LC
22693883,28020,Plovers,Thinornis cucullatus,Hooded Plover,NT
22693959,28120,Plovers,Vanellus malabaricus,Yellow-wattled Lapwing,LC
22725229,28240,Plovers,Vanellus miles,Masked Lapwing,LC
22694075,28280,Plovers,Vanellus chilensis,Southern Lapwing,LC
22693049,28340,Plains-wanderer,Pedionomus torquatus,Plains-wanderer,EN
22693046,28380,Seedsnipes,Thinocorus rumicivorus,Least Seedsnipe,LC
22735810,28390,Painted-snipes,Rostratula benghalensis,Greater Painted-snipe,LC
22693520,28420,Painted-snipes,Nycticryphes semicollaris,South American Painted-snipe,NT
22693528,28460,Jacanas,Actophilornis africanus,African Jacana,LC
22694440,30220,"Gulls, Terns, Skimmers",Larus serranus,Andean Gull,LC
62021891,30260,"Gulls, Terns, Skimmers",Larus novaehollandiae,Silver Gull,LC
22694271,30290,"Gulls, Terns, Skimmers",Larus scoresbii,Dolphin Gull,LC
22694462,30300,"Gulls, Terns, Skimmers",Larus pipixcan,Franklin's Gull,LC
22694379,30330,"Gulls, Terns, Skimmers",Larus ichthyaetus,Pallas's Gull,LC
22694443,30350,"Gulls, Terns, Skimmers",Larus melanocephalus,Mediterranean Gull,LC
22694299,30370,"Gulls, Terns, Skimmers",Larus leucophthalmus,White-eyed Gull,LC
22694296,30390,"Gulls, Terns, Skimmers",Larus heermanni,Heermann's Gull,NT
62030970,30530,"Gulls, Terns, Skimmers",Larus michahellis,Yellow-legged Gull,LC
22694334,30580,"Gulls, Terns, Skimmers",Larus glaucescens,Glaucous-winged Gull,LC
22694722,30810,"Gulls, Terns, Skimmers",Onychoprion lunatus,Grey-backed Tern,LC
22694685,30860,"Gulls, Terns, Skimmers",Sternula lorata,Peruvian Tern,EN
22694787,30970,"Gulls, Terns, Skimmers",Chlidonias niger,Black Tern,LC
22694537,30980,"Gulls, Terns, Skimmers",Sterna aurantia,River Tern,VU
22694601,30990,"Gulls, Terns, Skimmers",Sterna dougallii,Roseate Tern,LC
22694612,31010,"Gulls, Terns, Skimmers",Sterna sumatrana,Black-naped Tern,LC
22694618,31020,"Gulls, Terns, Skimmers",Sterna hirundinacea,South American Tern,LC
22694623,31030,"Gulls, Terns, Skimmers",Sterna hirundo,Common Tern,LC
22694629,31050,"Gulls, Terns, Skimmers",Sterna paradisaea,Arctic Tern,LC
22694646,31080,"Gulls, Terns, Skimmers",Sterna forsteri,Forster's Tern,LC
22694651,31090,"Gulls, Terns, Skimmers",Sterna trudeaui,Snowy-crowned Tern,LC
22694561,31120,"Gulls, Terns, Skimmers",Thalasseus bengalensis,Lesser Crested Tern,LC
22694552,31140,"Gulls, Terns, Skimmers",Thalasseus elegans,Elegant Tern,NT
22694542,31160,"Gulls, Terns, Skimmers",Thalasseus maximus,Royal Tern,LC
22694240,31200,Skuas,Stercorarius pomarinus,Pomarine Jaeger,LC
22694160,31210,Skuas,Catharacta skua,Great Skua,LC
22694903,31320,Auks,Ptychoramphus aleuticus,Cassin's Auklet,NT
22694906,31330,Auks,Aethia psittacula,Parakeet Auklet,LC
22694921,31340,Auks,Aethia pusilla,Least Auklet,LC
22694915,31360,Auks,Aethia cristatella,Crested Auklet,LC
22688449,31650,Barn-owls,Tyto nigrobrunnea,Taliabu Masked-owl,NT
22694861,31410,Auks,Cepphus grylle,Black Guillemot,LC
22694896,31440,Auks,Synthliboramphus antiquus,Ancient Murrelet,LC
22694887,31480,Auks,Synthliboramphus craveri,Craveri's Murrelet,VU
22694852,31500,Auks,Alca torda,Razorbill,LC
22694837,31520,Auks,Alle alle,Little Auk,LC
22688514,31590,Barn-owls,Tyto capensis,African Grass-owl,LC
62290539,33440,Typical Owls,Otus sulaensis,Sula Scops-owl,NT
219588044,33470,Typical Owls,Otus magicus,Moluccan Scops-owl,LC
45400982,33490,Typical Owls,Otus tempestatis,Wetar Scops-owl,LC
61781923,33740,Typical Owls,Ptilopsis granti,Southern White-faced Owl,LC
22689504,33750,Typical Owls,Asio stygius,Stygian Owl,LC
22689517,33780,Typical Owls,Asio madagascariensis,Madagascar Owl,LC
22724664,33870,Typical Owls,Megascops seductus,Balsas Screech-owl,LC
155254743,34060,Typical Owls,Megascops gilesi,Santa Marta Screech-owl,VU
22689186,34150,Typical Owls,Pulsatrix koeniswaldiana,Tawny-browed Owl,LC
22725477,34210,Typical Owls,Strix nivicolum,Himalayan Owl,LC
22689097,34260,Typical Owls,Strix fulvescens,Fulvous Owl,LC
22689118,34310,Typical Owls,Strix nebulosa,Great Grey Owl,LC
22689177,34380,Typical Owls,Lophostrix cristata,Crested Owl,LC
22689048,34690,Typical Owls,Scotopelia bouvieri,Vermiculated Fishing-owl,LC
22697627,34740,New World vultures,Cathartes aura,Turkey Vulture,LC
22697636,34800,New World vultures,Gymnogyps californianus,California Condor,CR
22697641,34810,New World vultures,Vultur gryphus,Andean Condor,VU
22727689,35130,"Hawks, Eagles",Pernis celebensis,Sulawesi Honey-buzzard,LC
22695683,36820,"Hawks, Eagles",Accipiter gentilis,Northern Goshawk,LC
22695689,36830,"Hawks, Eagles",Accipiter meyerianus,Meyer's Goshawk,LC
22695565,36850,"Hawks, Eagles",Accipiter superciliosus,Tiny Hawk,LC
22695121,37050,"Hawks, Eagles",Haliaeetus vociferoides,Madagascar Fish-eagle,CR
22695144,37080,"Hawks, Eagles",Haliaeetus leucocephalus,Bald Eagle,LC
22734928,37160,"Hawks, Eagles",Milvus aegyptius,Yellow-billed Kite,LC
22695842,37210,"Hawks, Eagles",Busarellus nigricollis,Black-collared Hawk,LC
22695729,37220,"Hawks, Eagles",Geranospiza caerulescens,Crane Hawk,LC
22695714,37230,"Hawks, Eagles",Butastur rufipennis,Grasshopper Buzzard,LC
22695721,37250,"Hawks, Eagles",Butastur liventer,Rufous-winged Buzzard,LC
22695754,37460,"Hawks, Eagles",Morphnarchus princeps,Barred Hawk,LC
22695845,37490,"Hawks, Eagles",Geranoaetus melanoleucus,Black-chested Buzzard-eagle,LC
22695775,37530,"Hawks, Eagles",Leucopternis semiplumbeus,Semiplumbeous Hawk,LC
22695891,37610,"Hawks, Eagles",Buteo platypterus,Broad-winged Hawk,LC
22695929,37620,"Hawks, Eagles",Buteo solitarius,Hawaiian Hawk,NT
22695903,37650,"Hawks, Eagles",Buteo swainsoni,Swainson's Hawk,LC
22695926,37670,"Hawks, Eagles",Buteo albonotatus,Zone-tailed Hawk,LC
22695933,37680,"Hawks, Eagles",Buteo jamaicensis,Red-tailed Hawk,LC
61695117,37750,"Hawks, Eagles",Buteo buteo,Eurasian Buzzard,LC
22695967,37830,"Hawks, Eagles",Buteo hemilasius,Upland Buzzard,LC
22683776,37840,Mousebirds,Colius striatus,Speckled Mousebird,LC
22682719,37950,Trogons,Apaloderma aequatoriale,Bare-cheeked Trogon,LC
22682848,38010,Trogons,Harpactes duvaucelii,Scarlet-rumped Trogon,NT
22682738,38110,Trogons,Pharomachrus auriceps,Golden-headed Quetzal,LC
22682727,38130,Trogons,Pharomachrus mocinno,Resplendent Quetzal,NT
22682732,38140,Trogons,Pharomachrus antisianus,Crested Quetzal,LC
22682760,38190,Trogons,Trogon massena,Slaty-tailed Trogon,LC
22736238,38230,Trogons,Trogon viridis,Green-backed Trogon,LC
22680655,44320,Honeyguides,Melichneutes robustus,Lyre-tailed Honeyguide,LC
22680792,44380,Woodpeckers,Sasia ochracea,White-browed Piculet,LC
61487852,44430,Woodpeckers,Picumnus exilis,Golden-spangled Piculet,LC
22680730,44490,Woodpeckers,Picumnus pygmaeus,Spotted Piculet,LC
22680736,44510,Woodpeckers,Picumnus varzeae,Varzea Piculet,NT
22680753,44550,Woodpeckers,Picumnus albosquamatus,White-wedged Piculet,LC
22680756,44570,Woodpeckers,Picumnus rufiventris,Rufous-breasted Piculet,LC
22680774,44620,Woodpeckers,Picumnus olivaceus,Olivaceous Piculet,LC
22680781,44640,Woodpeckers,Picumnus cinnamomeus,Chestnut Piculet,LC
22680795,44690,Woodpeckers,Nesoctites micromegas,Antillean Piculet,LC
22727220,44700,Woodpeckers,Hemicircus sordidus,Grey-and-buff Woodpecker,LC
22727212,44710,Woodpeckers,Hemicircus concretus,Red-crested Woodpecker,LC
22681402,44790,Woodpeckers,Campephilus guatemalensis,Pale-billed Woodpecker,LC
22681405,44800,Woodpeckers,Campephilus melanoleucos,Crimson-crested Woodpecker,LC
22681543,44870,Woodpeckers,Blythipicus rubiginosus,Maroon Woodpecker,LC
22726560,44920,Woodpeckers,Chrysocolaptes strictus,Javan Flameback,NT
22726579,44930,Woodpeckers,Chrysocolaptes erythrocephalus,Red-headed Flameback,NT
22726566,44940,Woodpeckers,Chrysocolaptes haematribon,Luzon Flameback,LC
22726539,44950,Woodpeckers,Chrysocolaptes lucidus,Buff-spotted Flameback,LC
22726572,44960,Woodpeckers,Chrysocolaptes xanthocephalus,Yellow-faced Flameback,EN
22681522,44970,Woodpeckers,Chrysocolaptes festivus,White-naped Woodpecker,LC
22727192,45010,Woodpeckers,Dinopium everetti,Spot-throated Flameback,NT
22681493,45060,Woodpeckers,Chloropicoides rafflesii,Olive-backed Woodpecker,NT
22681528,45080,Woodpeckers,Gecinulus viridis,Bamboo Woodpecker,LC
22681559,45120,Woodpeckers,Meiglyptes jugularis,Black-and-buff Woodpecker,LC
22730259,45210,Woodpeckers,Campethera bennettii,Bennett's Woodpecker,LC
22680919,45270,Woodpeckers,Campethera cailliautii,Little Spotted Woodpecker,LC
22726358,45300,Woodpeckers,Campethera taeniolaema,Fine-banded Woodpecker,LC
22680937,45330,Woodpeckers,Pardipicus nivosus,Buff-spotted Woodpecker,LC
22681474,45480,Woodpeckers,Picus vaillantii,Maghreb Green Woodpecker,LC
22681231,45540,Woodpeckers,Piculus callopterus,Stripe-cheeked Woodpecker,LC
22681290,45650,Woodpeckers,Colaptes chrysoides,Gilded Flicker,LC
61534039,45770,Woodpeckers,Colaptes aeruginosus,Bronze-winged Woodpecker,LC
61533973,45780,Woodpeckers,Colaptes rubiginosus,Golden-olive Woodpecker,LC
22681317,45860,Woodpeckers,Celeus loricatus,Cinnamon Woodpecker,LC
22681353,45870,Woodpeckers,Celeus torquatus,Ringed Woodpecker,LC
22733772,45890,Woodpeckers,Celeus spectabilis,Rufous-headed Woodpecker,LC
22731646,45910,Woodpeckers,Celeus obrieni,Kaempfer's Woodpecker,VU
155069065,45950,Woodpeckers,Celeus undatus,Waved Woodpecker,LC
22727226,46100,Woodpeckers,Mulleripicus funebris,Northern Sooty Woodpecker,NT
22727234,46110,Woodpeckers,Mulleripicus fuliginosus,Southern Sooty Woodpecker,VU
22681585,46120,Woodpeckers,Mulleripicus pulverulentus,Great Slaty Woodpecker,VU
22681376,46140,Woodpeckers,Dryocopus javensis,White-bellied Woodpecker,LC
22680877,46200,Woodpeckers,Sphyrapicus thyroideus,Williamson's Sapsucker,LC
22680871,46220,Woodpeckers,Sphyrapicus nuchalis,Red-naped Sapsucker,LC
22680824,46310,Woodpeckers,Melanerpes cruentatus,Yellow-tufted Woodpecker,LC
22733729,46330,Woodpeckers,Melanerpes chrysauchen,Golden-naped Woodpecker,LC
22681181,46510,Woodpeckers,Picoides arcticus,Black-backed Woodpecker,LC
22681052,46550,Woodpeckers,Picoides ramsayi,Sulu Pygmy Woodpecker,VU
22681060,46570,Woodpeckers,Picoides nanus,Indian Pygmy Woodpecker,LC
22680949,46630,Woodpeckers,Dendropicos elachus,Sahelian Woodpecker,LC
22680954,46640,Woodpeckers,Dendropicos poecilolaemus,Speckle-breasted Woodpecker,LC
22680989,46720,Woodpeckers,Dendropicos pyrrhogaster,Fire-bellied Woodpecker,LC
22727121,46730,Woodpeckers,Dendropicos johnstoni,Johnston's Woodpecker,LC
22681092,46800,Woodpeckers,Leiopicus mahrattensis,Yellow-crowned Woodpecker,LC
22681152,46870,Woodpeckers,Dryobates scalaris,Ladder-backed Woodpecker,LC
22729044,46900,Woodpeckers,Leuconotopicus arizonae,Arizona Woodpecker,LC
22681199,47010,Woodpeckers,Veniliornis passerinus,Little Woodpecker,LC
22726376,47110,Woodpeckers,Dendrocopos macei,Fulvous-breasted Woodpecker,LC
22727132,47150,Woodpeckers,Dendrocopos owstoni,Amami Woodpecker,NT
22681133,47160,Woodpeckers,Dendrocopos assimilis,Sind Woodpecker,LC
22681127,47170,Woodpeckers,Dendrocopos syriacus,Syrian Woodpecker,LC
22696270,47290,"Falcons, Caracaras",Micrastur ruficollis,Barred Forest-falcon,LC
22696286,47330,"Falcons, Caracaras",Micrastur mirandollei,Slaty-backed Forest-falcon,LC
22696229,47410,"Falcons, Caracaras",Ibycter americanus,Red-throated Caracara,LC
22696247,47460,"Falcons, Caracaras",Phalcoboenus australis,Striated Caracara,NT
22696327,47500,"Falcons, Caracaras",Microhierax fringillarius,Black-thighed Falconet,LC
22696339,47530,"Falcons, Caracaras",Microhierax melanoleucos,Pied Falconet,LC
22696313,47540,"Falcons, Caracaras",Polihierax semitorquatus,African Pygmy-falcon,LC
22686259,49060,Parrots,Amazona viridigenalis,Red-crowned Amazon,EN
22686337,49130,Parrots,Amazona oratrix,Yellow-headed Amazon,EN
22686346,49150,Parrots,Amazona ochrocephala,Yellow-crowned Amazon,LC
22686411,49220,Parrots,Amazona imperialis,Imperial Amazon,CR
22685940,49300,Parrots,Forpus modestus,Dusky-billed Parrotlet,LC
45428646,49340,Parrots,Forpus xanthopterygius,Blue-winged Parrotlet,LC
22685937,49350,Parrots,Forpus conspicillatus,Spectacled Parrotlet,LC
22685952,49370,Parrots,Forpus xanthops,Yellow-faced Parrotlet,VU
22686079,49390,Parrots,Pionites melanocephalus,Black-headed Parrot,LC
62181371,49410,Parrots,Pionites xanthurus,Yellow-tailed Parrot,LC
22685790,49460,Parrots,Pyrrhura devillei,Blaze-winged Parakeet,LC
22685820,49500,Parrots,Pyrrhura molinae,Green-cheeked Parakeet,LC
45422401,49560,Parrots,Pyrrhura subandina,Sinu Parakeet,CR(PE)
45422118,49590,Parrots,Pyrrhura amazonum,Santarem Parakeet,NT
45422133,49610,Parrots,Pyrrhura lucianii,Bonaparte's Parakeet,LC
45422316,49620,Parrots,Pyrrhura peruviana,Wavy-breasted Parakeet,LC
45422277,49630,Parrots,Pyrrhura parvifrons,Garlepp's Parakeet,LC
45422220,49640,Parrots,Pyrrhura roseifrons,Rose-fronted Parakeet,LC
22685867,49730,Parrots,Pyrrhura calliptera,Brown-breasted Parakeet,VU
22685527,49890,Parrots,Anodorhynchus glaucus,Glaucous Macaw,CR(PE)
22685776,49980,Parrots,Conuropsis carolinensis,Carolina Parakeet,EX
22685553,50160,Parrots,Ara ambiguus,Great Green Macaw,CR
22724513,50190,Parrots,Ara tricolor,Cuban Macaw,EX
22724703,50310,Parrots,Guaruba guarouba,Golden Parakeet,VU
62293391,50380,Parrots,Psittacara wagleri,Scarlet-fronted Parakeet,NT
22685682,50430,Parrots,Psittacara leucophthalmus,White-eyed Parakeet,LC
22685690,50440,Parrots,Psittacara euops,Cuban Parakeet,VU
22685695,50450,Parrots,Psittacara chloropterus,Hispaniolan Parakeet,VU
22685025,50520,Parrots,Psittrichas fulgidus,Pesquet's Parrot,VU
22685261,50540,Parrots,Coracopsis vasa,Vasa Parrot,LC
22727885,50550,Parrots,Coracopsis nigra,Black Parrot,VU
22727890,50560,Parrots,Coracopsis barklyi,Seychelles Parrot,VU
22685330,52160,Parrots,Agapornis pullarius,Red-headed Lovebird,LC
22685334,52170,Parrots,Agapornis taranta,Black-winged Lovebird,LC
22685360,52230,Parrots,Agapornis nigrigenis,Black-cheeked Lovebird,VU
22685072,52240,Parrots,Polytelis swainsonii,Superb Parrot,LC
22685051,52270,Parrots,Alisterus amboinensis,Moluccan King-parrot,LC
22684997,52330,Parrots,Prioniturus platurus,Golden-mantled Racquet-tail,LC
22684954,52350,Parrots,Prioniturus montanus,Montane Racquet-tail,NT
22684986,52380,Parrots,Prioniturus verticalis,Sulu Racquet-tail,CR
22684945,52490,Parrots,Geoffroyus geoffroyi,Red-cheeked Parrot,LC
181753148,52560,Parrots,Tanygnathus everetti,Blue-backed Parrot,EN
22685468,52640,Parrots,Himalayapsitta himalayana,Slaty-headed Parakeet,LC
22685486,52650,Parrots,Himalayapsitta roseata,Blossom-headed Parakeet,NT
22685448,52730,Parrots,Alexandrinus eques,Echo Parakeet,VU
22685437,52760,Parrots,Palaeornis wardi,Seychelles Parakeet,EX
22685493,52780,Parrots,Nicopsitta calthrapae,Emerald-collared Parakeet,LC
22728851,52810,Parrots,Necropsittacus rodricanus,Rodrigues Parrot,EX
22684845,52820,Parrots,Micropsitta keiensis,Yellow-capped Pygmy-parrot,LC
103656444,52990,Pittas,Erythropitta macklotii,Papuan Pitta,LC
103656460,53010,Pittas,Erythropitta meeki,Louisiade Pitta,DD
22698648,53050,Pittas,Erythropitta kochi,Whiskered Pitta,LC
22698625,53230,Pittas,Hydrornis elliotii,Bar-bellied Pitta,LC
22736530,53250,Pittas,Hydrornis schwaneri,Bornean Banded Pitta,LC
22698691,53320,Pittas,Pitta megarhyncha,Mangrove Pitta,NT
216710576,53340,Pittas,Pitta concinna,Ornate Pitta,LC
216710483,53350,Pittas,Pitta vigorsii,Banda Sea Pitta,LC
216710532,53360,Pittas,Pitta elegans,Elegant Pitta,LC
103656912,53390,Pittas,Pitta rosenbergii,Biak Hooded Pitta,NT
22698767,53540,Asities,Philepitta schlegeli,Schlegel's Asity,VU
22698724,53590,Typical Broadbills,Corydon sumatranus,Dusky Broadbill,LC
103656924,53610,Typical Broadbills,Cymbirhynchus affinis,Irrawaddy Broadbill,LC
103656933,53640,Typical Broadbills,Serilophus rubropygius,Grey-browed Broadbill,LC
103656950,53670,Typical Broadbills,Eurylaimus harterti,Banded Broadbill,LC
22698735,53680,Typical Broadbills,Eurylaimus ochromalus,Black-and-yellow Broadbill,NT
22698738,53720,Typical Broadbills,Sarcophanops steerii,Mindanao Wattled Broadbill,VU
22698786,53730,Sapayoa,Sapayoa aenigma,Sapayoa,LC
22698754,53780,African and green broadbills,Calyptomena hosii,Hose's Broadbill,LC
22701650,53810,Typical Antbirds,Euchrepomis callinota,Rufous-rumped Antwren,LC
22701546,53840,Typical Antbirds,Myrmorchilus strigilatus,Stripe-backed Antbird,LC
22701820,53850,Typical Antbirds,Aprositornis disjuncta,Yapacana Antbird,LC
103657368,53940,Typical Antbirds,Epinecrophylla amazonica,Rio Madeira Stipplethroat,LC
22701592,54040,Typical Antbirds,Formicivora iheringi,Narrow-billed Antwren,LC
103657347,54070,Typical Antbirds,Formicivora intermedia,Northern White-fringed Antwren,LC
22701611,54100,Typical Antbirds,Formicivora rufa,Rusty-backed Antwren,LC
22701442,54200,Typical Antbirds,Myrmotherula ambigua,Yellow-throated Antwren,LC
103657471,54280,Typical Antbirds,Myrmotherula luctuosa,Silvery-flanked Antwren,LC
103657467,54290,Typical Antbirds,Myrmotherula axillaris,White-flanked Antwren,LC
22701514,54320,Typical Antbirds,Myrmotherula minor,Salvadori's Antwren,NT
22701533,54340,Typical Antbirds,Myrmotherula urosticta,Band-tailed Antwren,VU
22701457,54530,Typical Antbirds,Isleria hauxwelli,Plain-throated Antwren,LC
22701460,54540,Typical Antbirds,Isleria guttata,Rufous-bellied Antwren,LC
22701563,54770,Typical Antbirds,Herpsilochmus sticturus,Spot-tailed Antwren,LC
22701568,54780,Typical Antbirds,Herpsilochmus stictocephalus,Todd's Antwren,LC
22701574,54810,Typical Antbirds,Herpsilochmus roraimae,Roraiman Antwren,LC
22701238,54950,Typical Antbirds,Mackenziaena leachii,Large-tailed Antshrike,LC
22701241,54970,Typical Antbirds,Frederickena viridis,Black-throated Antshrike,LC
22701275,55050,Typical Antbirds,Thamnophilus doliatus,Barred Antshrike,LC
22701280,55090,Typical Antbirds,Thamnophilus zarumae,Chapman's Antshrike,LC
22701349,56640,Typical Antbirds,Pygiptila stellaris,Spot-winged Antshrike,LC
22734381,56710,Gnateaters,Conopophaga lineata,Rufous Gnateater,LC
22728504,56720,Gnateaters,Conopophaga cearae,Ceara Gnateater,NT
22703406,56740,Gnateaters,Conopophaga peruviana,Ash-throated Gnateater,LC
22703412,56760,Gnateaters,Conopophaga castaneiceps,Chestnut-crowned Gnateater,LC
22703463,56840,Crescentchests,Melanopareia maranonica,Maranon Crescentchest,LC
22703240,56880,Antpittas,Grallaria gigantea,Giant Antpitta,VU
22703249,56930,Antpittas,Grallaria guatimalensis,Scaled Antpitta,LC
22703265,56960,Antpittas,Grallaria eludens,Elusive Antpitta,LC
22703281,57010,Antpittas,Grallaria andicolus,Stripe-headed Antpitta,LC
22703320,57020,Antpittas,Grallaria griseonucha,Grey-naped Antpitta,LC
22703292,57030,Antpittas,Grallaria rufocinerea,Bicolored Antpitta,LC
22703305,57080,Antpittas,Grallaria flavotincta,Yellow-breasted Antpitta,LC
22703308,57090,Antpittas,Grallaria hypoleuca,White-bellied Antpitta,LC
22703336,57200,Antpittas,Grallaria milleri,Brown-banded Antpitta,VU
103660906,57420,Antpittas,Grallaricula ferrugineipectus,Rusty-breasted Antpitta,LC
22724986,57450,Antpittas,Grallaricula nana,Slate-crowned Antpitta,LC
22703421,57490,Tapaculos,Pteroptochos castaneus,Chestnut-throated Huet-huet,LC
22703431,57510,Tapaculos,Pteroptochos megapodius,Moustached Turca,LC
22703554,57570,Tapaculos,Acropternis orthonyx,Ocellated Tapaculo,LC
22703443,57590,Tapaculos,Teledromas fuscus,Sandy Gallito,LC
22703546,57610,Tapaculos,Eleoscytalopus indigoticus,White-breasted Tapaculo,LC
22703487,57690,Tapaculos,Scytalopus unicolor,Unicolored Tapaculo,NT
22736188,57720,Tapaculos,Scytalopus diamantinensis,Diamantina Tapaculo,EN
22728464,57770,Tapaculos,Scytalopus iraiensis,Marsh Tapaculo,VU
22729258,57790,Tapaculos,Scytalopus sanctaemartae,Santa Marta Tapaculo,NT
22703496,57810,Tapaculos,Scytalopus femoralis,Rufous-vented Tapaculo,LC
22729245,57820,Tapaculos,Scytalopus atratus,White-crowned Tapaculo,LC
22703510,57840,Tapaculos,Scytalopus argentifrons,Silvery-fronted Tapaculo,LC
22730463,57970,Tapaculos,Scytalopus magellanicus,Magellanic Tapaculo,LC
22729291,57980,Tapaculos,Scytalopus griseicollis,Pale-bellied Tapaculo,LC
22733255,58000,Tapaculos,Scytalopus affinis,Ancash Tapaculo,LC
22724472,58090,Tapaculos,Scytalopus schulenbergi,Diademed Tapaculo,LC
22703203,58210,Ground-antbirds,Formicarius rufifrons,Rufous-fronted Antthrush,LC
22703218,58280,Ground-antbirds,Chamaeza turdina,Scalloped Antthrush,LC
22702962,58310,Ovenbirds,Sclerurus mexicanus,Tawny-throated Leaftosser,LC
22702978,58330,Ovenbirds,Sclerurus guatemalensis,Scaly-throated Leaftosser,LC
22701988,58390,Ovenbirds,Geositta peruviana,Coastal Miner,LC
22701997,58490,Ovenbirds,Geositta isabellina,Creamy-rumped Miner,LC
103661269,58510,Ovenbirds,Deconychura typica,Piping Long-tailed Woodcreeper,LC
103661261,58520,Ovenbirds,Deconychura longicauda,Whistling Long-tailed Woodcreeper,LC
103661265,58530,Ovenbirds,Deconychura pallida,Mournful Long-tailed Woodcreeper,LC
103661278,58550,Ovenbirds,Sittasomus griseus,Western Olivaceous Woodcreeper,LC
22703026,58600,Ovenbirds,Dendrocincla homochroa,Ruddy Woodcreeper,LC
22703020,58610,Ovenbirds,Dendrocincla anabatina,Tawny-winged Woodcreeper,LC
103661292,58680,Ovenbirds,Dendrocolaptes sanctithomae,Western Barred Woodcreeper,LC
22703092,58730,Ovenbirds,Dendrocolaptes platyrostris,Planalto Woodcreeper,LC
22703055,58770,Ovenbirds,Hylexetastes stresemanni,Bar-bellied Woodcreeper,LC
22703124,58930,Ovenbirds,Xiphorhynchus pardalotus,Chestnut-rumped Woodcreeper,LC
103669826,58940,Ovenbirds,Xiphorhynchus ocellatus,Ocellated Woodcreeper,LC
22703188,59160,Ovenbirds,Campylorhamphus falcularius,Black-billed Scythebill,LC
103670311,59190,Ovenbirds,Campylorhamphus procurvoides,Curve-billed Scythebill,LC
22703046,59240,Ovenbirds,Drymornis bridgesii,Scimitar-billed Woodcreeper,LC
103670471,59260,Ovenbirds,Lepidocolaptes albolineatus,Lineated Woodcreeper,LC
103670608,59270,Ovenbirds,Lepidocolaptes duidae,Duida Woodcreeper,LC
22702301,62230,Ovenbirds,Synallaxis albescens,Pale-breasted Spinetail,LC
22702287,62240,Ovenbirds,Synallaxis frontalis,Sooty-fronted Spinetail,LC
22701000,62610,Manakins,Ceratopipra rubrocapilla,Red-headed Manakin,LC
22701003,62620,Manakins,Ceratopipra chloromeros,Round-tailed Manakin,LC
22701056,62740,Manakins,Lepidothrix isidorei,Blue-rumped Manakin,LC
22701090,62760,Manakins,Ilicura militaris,Pin-tailed Manakin,LC
22701071,62840,Manakins,Chiroxiphia linearis,Long-tailed Manakin,LC
22701074,62850,Manakins,Chiroxiphia lanceolata,Lance-tailed Manakin,LC
103676648,62910,Cotingas,Pipreola squamipectus,Scaly-breasted Fruiteater,LC
22700809,62930,Cotingas,Pipreola formosa,Handsome Fruiteater,LC
22700788,62990,Cotingas,Pipreola arcuata,Barred Fruiteater,LC
22700838,63040,Cotingas,Snowornis cryptolophus,Olivaceous Piha,LC
22700736,63060,Cotingas,Carpornis melanocephala,Black-headed Berryeater,NT
22700971,63080,Cotingas,Rupicola rupicola,Guianan Cock-of-the-rock,LC
22700764,63130,Cotingas,Phytotoma raimondii,Peruvian Plantcutter,VU
22700925,63230,Cotingas,Querula purpurata,Purple-throated Fruitcrow,LC
22700933,63260,Cotingas,Cephalopterus glabricollis,Bare-necked Umbrellabird,EN
22700943,63290,Cotingas,Perissocephalus tricolor,Capuchinbird,LC
22700965,63420,Cotingas,Procnias averano,Bearded Bellbird,NT
22700871,63450,Cotingas,Cotinga amabilis,Lovely Cotinga,LC
22700877,63460,Cotingas,Cotinga nattererii,Blue Cotinga,LC
22700894,63530,Cotingas,Xipholena punicea,Pompadour Cotinga,LC
22700900,63550,Cotingas,Xipholena atropurpurea,White-winged Cotinga,VU
22700982,63590,Tityras and allies,Oxyruncus cristatus,Sharpbill,LC
22729313,63600,Tityras and allies,Onychorhynchus mexicanus,Northern Royal Flycatcher,LC
22699653,63610,Tityras and allies,Onychorhynchus occidentalis,Pacific Royal Flycatcher,NT
22699717,63660,Tityras and allies,Myiobius villosus,Tawny-breasted Flycatcher,LC
22698933,65160,Tyrant-flycatchers,Hemitriccus margaritaceiventer,Pearly-vented Tody-tyrant,LC
22698953,65210,Tyrant-flycatchers,Hemitriccus mirandae,Buff-breasted Tody-tyrant,VU
22729557,65270,Tyrant-flycatchers,Poecilotriccus luluae,Lulu's Tody-flycatcher,LC
22698839,65290,Tyrant-flycatchers,Poecilotriccus capitalis,Black-and-white Tody-flycatcher,LC
22699047,65360,Tyrant-flycatchers,Poecilotriccus calopterus,Golden-winged Tody-flycatcher,LC
22699054,65370,Tyrant-flycatchers,Poecilotriccus pulchellus,Black-backed Tody-flycatcher,LC
22699018,65380,Tyrant-flycatchers,Todirostrum maculatum,Spotted Tody-flycatcher,LC
22699031,65410,Tyrant-flycatchers,Todirostrum viridanum,Maracaibo Tody-flycatcher,LC
103680660,65460,Tyrant-flycatchers,Myiotriccus ornatus,Western Ornate Flycatcher,LC
22729454,65560,Tyrant-flycatchers,Zimmerius villarejoi,Mishana Tyrannulet,LC
103680766,65570,Tyrant-flycatchers,Zimmerius chicomendesi,Chico's Tyrannulet,NT
104008963,65610,Tyrant-flycatchers,Zimmerius improbus,Mountain Tyrannulet,LC
22735791,65620,Tyrant-flycatchers,Zimmerius chrysops,Golden-faced Tyrannulet,LC
22735531,65660,Tyrant-flycatchers,Zimmerius acer,Guianan Tyrannulet,LC
22699350,65770,Tyrant-flycatchers,Inezia inornata,Plain Tyrannulet,LC
22699453,65830,Tyrant-flycatchers,Euscarthmus rufomarginatus,Rufous-sided Pygmy-tyrant,LC
22699166,65860,Tyrant-flycatchers,Ornithion brunneicapillus,Brown-capped Tyrannulet,LC
22699277,65960,Tyrant-flycatchers,Elaenia strepera,Slaty Elaenia,LC
22699280,66040,Tyrant-flycatchers,Elaenia mesoleuca,Olivaceous Elaenia,LC
22699298,66080,Tyrant-flycatchers,Elaenia frantzii,Mountain Elaenia,LC
103681580,66180,Tyrant-flycatchers,Myiopagis cinerea,Amazonian Grey Elaenia,LC
103681584,66190,Tyrant-flycatchers,Myiopagis parambae,Choco Grey Elaenia,LC
22699248,66240,Tyrant-flycatchers,Myiopagis viridicata,Greenish Elaenia,LC
22734643,66270,Tyrant-flycatchers,Suiriri suiriri,Suiriri Flycatcher,LC
22699194,66300,Tyrant-flycatchers,Capsiempis flaveola,Yellow Tyrannulet,LC
22699113,66420,Tyrant-flycatchers,Phyllomyias nigrocapillus,Black-capped Tyrannulet,LC
22699116,66430,Tyrant-flycatchers,Phyllomyias cinereiceps,Ashy-headed Tyrannulet,LC
22699119,66440,Tyrant-flycatchers,Phyllomyias uropygialis,Tawny-rumped Tyrannulet,LC
103681912,66480,Tyrant-flycatchers,Phaeomyias tumbezana,Tumbes Tyrannulet,LC
22699251,66520,Tyrant-flycatchers,Pseudelaenia leucospodia,Grey-and-white Tyrannulet,LC
22699319,66540,Tyrant-flycatchers,Mecocerculus hellmayri,Buff-banded Tyrannulet,LC
22699328,66550,Tyrant-flycatchers,Mecocerculus stictopterus,White-banded Tyrannulet,LC
22699325,66580,Tyrant-flycatchers,Mecocerculus minor,Sulphur-bellied Tyrannulet,LC
22699406,66630,Tyrant-flycatchers,Anairetes parulus,Tufted Tit-tyrant,LC
22699824,68280,Tyrant-flycatchers,Contopus nigrescens,Blackish Pewee,LC
22700533,68500,Tyrant-flycatchers,Megarynchus pitangua,Boat-billed Flycatcher,LC
22700536,68640,Tyrant-flycatchers,Conopias albovittatus,White-ringed Flycatcher,LC
22700544,68650,Tyrant-flycatchers,Conopias parvus,Yellow-throated Flycatcher,LC
22700482,68720,Tyrant-flycatchers,Tyrannus albogularis,White-throated Kingbird,LC
22700488,68740,Tyrant-flycatchers,Tyrannus couchii,Couch's Kingbird,LC
22700506,68780,Tyrant-flycatchers,Tyrannus tyrannus,Eastern Kingbird,LC
22700513,68800,Tyrant-flycatchers,Tyrannus caudifasciatus,Loggerhead Kingbird,LC
103682324,68920,Tyrant-flycatchers,Sirystes subcanescens,Todd's Sirystes,LC
22700393,68940,Tyrant-flycatchers,Myiarchus semirufus,Rufous Flycatcher,VU
22700405,68950,Tyrant-flycatchers,Myiarchus swainsoni,Swainson's Flycatcher,LC
22700411,68990,Tyrant-flycatchers,Myiarchus panamensis,Panama Flycatcher,LC
22700408,69010,Tyrant-flycatchers,Myiarchus venezuelensis,Venezuelan Flycatcher,LC
22700418,69020,Tyrant-flycatchers,Myiarchus cephalotes,Pale-edged Flycatcher,LC
22700449,69040,Tyrant-flycatchers,Myiarchus sagrae,La Sagra's Flycatcher,LC
22700455,69060,Tyrant-flycatchers,Myiarchus antillarum,Puerto Rican Flycatcher,LC
22700433,69080,Tyrant-flycatchers,Myiarchus crinitus,Great Crested Flycatcher,LC
22700424,69120,Tyrant-flycatchers,Myiarchus apicalis,Apical Flycatcher,LC
22700427,69130,Tyrant-flycatchers,Myiarchus cinerascens,Ash-throated Flycatcher,LC
22703605,69170,Lyrebirds,Menura novaehollandiae,Superb Lyrebird,LC
22703612,69190,Scrub-birds,Atrichornis clamosus,Noisy Scrub-bird,EN
22703627,69230,Bowerbirds,Scenopoeetes dentirostris,Tooth-billed Bowerbird,NT
103683932,69340,Bowerbirds,Sericulus aureus,Masked Bowerbird,LC
22703700,69400,Bowerbirds,Chlamydera lauterbachi,Yellow-breasted Bowerbird,LC
22703560,69430,Australasian Treecreepers,Cormobates leucophaea,White-throated Treecreeper,LC
22703712,69500,Fairy-wrens,Sipodotus wallacii,Wallace's Fairywren,LC
22703752,69550,Fairy-wrens,Malurus elegans,Red-winged Fairywren,LC
22703748,69570,Fairy-wrens,Malurus amabilis,Lovely Fairywren,LC
155093185,69580,Fairy-wrens,Malurus assimilis,Purple-backed Fairywren,LC
155093173,69590,Fairy-wrens,Malurus lamberti,Variegated Fairywren,LC
22703780,69710,Fairy-wrens,Amytornis barbatus,Grey Grasswren,LC
22703786,69730,Fairy-wrens,Amytornis dorotheae,Carpentarian Grasswren,VU
22704409,71290,Honeyeaters,Conopophila whitei,Grey Honeyeater,LC
22704481,71310,Honeyeaters,Epthianura crocea,Yellow Chat,LC
22704475,71320,Honeyeaters,Epthianura tricolor,Crimson Chat,LC
22706104,71380,Honeyeaters,Macgregoria pulchra,Macgregor's Honeyeater,VU
22704295,71390,Honeyeaters,Melipotes gymnops,Arfak Honeyeater,LC
22703984,71520,Honeyeaters,Microptilotis montanus,Forest Honeyeater,LC
155109013,71560,Honeyeaters,Microptilotis imitatrix,Cryptic Honeyeater,LC
22735687,71600,Honeyeaters,Microptilotis fordianus,Kimberley Honeyeater,LC
22735776,71610,Honeyeaters,Microptilotis albilineatus,White-lined Honeyeater,LC
22704415,71710,Honeyeaters,Anthochaera phrygia,Regent Honeyeater,CR
22704085,71800,Honeyeaters,Ptilotula flavescens,Yellow-tinted Honeyeater,LC
22704082,71820,Honeyeaters,Ptilotula keartlandi,Grey-headed Honeyeater,LC
22704091,71830,Honeyeaters,Ptilotula plumula,Grey-fronted Honeyeater,LC
22704052,71850,Honeyeaters,Caligavis chrysops,Yellow-faced Honeyeater,LC
22704433,71910,Honeyeaters,Manorina melanocephala,Noisy Miner,LC
22704436,71930,Honeyeaters,Manorina flavigula,Yellow-throated Miner,LC
22704264,71970,Honeyeaters,Melionyx princeps,Long-bearded Honeyeater,VU
22704272,71990,Honeyeaters,Melidectes leucostephes,Vogelkop Melidectes,LC
22704288,72030,Honeyeaters,Melidectes torquatus,Ornate Melidectes,LC
22704490,72040,Pardalotes,Pardalotus punctatus,Spotted Pardalote,LC
22704493,72050,Pardalotes,Pardalotus quadragintus,Forty-spotted Pardalote,EN
22704669,72130,Thornbills,Gerygone chloronota,Green-backed Gerygone,LC
22704708,72140,Thornbills,Gerygone inornata,Plain Gerygone,LC
22704683,72150,Thornbills,Gerygone olivacea,White-throated Gerygone,LC
103690968,72210,Thornbills,Gerygone citrina,Rennell Gerygone,LC
103690932,72220,Thornbills,Gerygone flavolateralis,Fan-tailed Gerygone,LC
22704604,72360,Thornbills,Hylacola pyrrhopygia,Chestnut-rumped Heathwren,LC
103691282,72390,Thornbills,Calamanthus montanellus,Western Fieldwren,LC
22704516,72420,Thornbills,Origma solitaria,Rockwarbler,LC
22704532,72440,Thornbills,Origma robusta,Mountain Mouse-warbler,LC
22704536,72450,Thornbills,Neosericornis citreogularis,Yellow-throated Scrubwren,LC
22704546,72520,Thornbills,Sericornis keri,Atherton Scrubwren,VU
22704542,72530,Thornbills,Sericornis humilis,Tasmanian Scrubwren,LC
22704559,72550,Thornbills,Sericornis magnirostra,Large-billed Scrubwren,LC
104008381,72570,Thornbills,Sericornis nouhuysi,Large Scrubwren,LC
22704754,72640,Thornbills,Aphelocephala nigricincta,Banded Whiteface,LC
22705553,74230,Whistlers,Colluricincla boweri,Bower's Shrike-thrush,VU
22705557,74250,Whistlers,Colluricincla woodwardi,Sandstone Shrike-thrush,LC
22716532,74320,Vireos,Pteruthius rufiventer,Black-headed Shrike-babbler,LC
103693575,74330,Vireos,Pteruthius aeralatus,White-browed Shrike-babbler,LC
103693557,74340,Vireos,Pteruthius flaviscapis,Pied Shrike-babbler,LC
22716540,74350,Vireos,Pteruthius xanthochlorus,Green Shrike-babbler,LC
22716544,74360,Vireos,Pteruthius melanotis,Black-eared Shrike-babbler,LC
22716753,74390,Vireos,Erpornis zantholeuca,White-bellied Erpornis,LC
22705280,74430,Vireos,Hylophilus poicilotis,Rufous-crowned Greenlet,LC
103693666,74480,Vireos,Hylophilus insularis,Tobago Greenlet,LC
22705300,74520,Vireos,Hylophilus brunneiceps,Brown-headed Greenlet,LC
22705138,74570,Vireos,Vireolanius eximius,Yellow-browed Shrike-vireo,LC
103693756,74580,Vireos,Vireolanius leucotis,Slaty-capped Shrike-vireo,LC
216918900,74610,Vireos,Tunchiornis ochraceiceps,Tawny-crowned Greenlet,LC
216918911,74630,Vireos,Tunchiornis rubrifrons,Rufous-fronted Greenlet,LC
22705303,74680,Vireos,Pachysylvia hypoxantha,Dusky-capped Greenlet,LC
22705257,74770,Vireos,Vireo magister,Yucatan Vireo,LC
155115462,74780,Vireos,Vireo olivaceus,Red-eyed Vireo,LC
22705182,74830,Vireos,Vireo huttoni,Hutton's Vireo,LC
22705185,74850,Vireos,Vireo carmioli,Yellow-winged Vireo,LC
22705222,74940,Vireos,Vireo latimeri,Puerto Rican Vireo,LC
22705191,74980,Vireos,Vireo pallens,Mangrove Vireo,LC
103694114,75080,Cuckooshrikes,Pericrocotus albifrons,Jerdon's Minivet,LC
22706744,75090,Cuckooshrikes,Pericrocotus igneus,Fiery Minivet,NT
22706757,75160,Cuckooshrikes,Pericrocotus ethologus,Long-tailed Minivet,LC
22706766,75170,Cuckooshrikes,Pericrocotus flammeus,Scarlet Minivet,LC
22706731,75200,Cuckooshrikes,Pericrocotus cantonensis,Brown-rumped Minivet,LC
22706499,75240,Cuckooshrikes,Coracina caeruleogrisea,Stout-billed Cuckooshrike,LC
22706526,75250,Cuckooshrikes,Coracina longicauda,Hooded Cuckooshrike,LC
22706502,75260,Cuckooshrikes,Coracina temminckii,Cerulean Cuckooshrike,LC
22706495,75310,Cuckooshrikes,Coracina novaehollandiae,Black-faced Cuckooshrike,LC
103694300,75400,Cuckooshrikes,Coracina dobsoni,Andaman Cuckooshrike,NT
22706336,77400,Bristlehead,Pityriasis gymnocephala,Bornean Bristlehead,VU
22707716,77410,Bush-shrikes,Malaconotus cruentus,Fiery-breasted Bushshrike,LC
22707728,77450,Bush-shrikes,Malaconotus gladiator,Green-breasted Bushshrike,VU
22707473,77500,Bush-shrikes,Dryoscopus angolensis,Pink-footed Puffback,LC
22707463,77520,Bush-shrikes,Dryoscopus cubla,Black-backed Puffback,LC
22707459,77540,Bush-shrikes,Dryoscopus pringlii,Pringle's Puffback,LC
22707638,77670,Bush-shrikes,Chlorophoneus bocagei,Bocage's Bushshrike,LC
22707617,77720,Bush-shrikes,Laniarius fuelleborni,Fülleborn's Boubou,LC
22707601,77730,Bush-shrikes,Laniarius funebris,Slate-coloured Boubou,LC
104007160,77780,Bush-shrikes,Laniarius aethiopicus,Tropical Boubou,LC
22735536,77790,Bush-shrikes,Laniarius nigerrimus,Manda Boubou,LC
22735541,77800,Bush-shrikes,Laniarius sublacteus,Zanzibar Boubou,LC
22707554,77830,Bush-shrikes,Laniarius turatii,Turati's Boubou,LC
22707593,77870,Bush-shrikes,Laniarius mufumbiri,Papyrus Gonolek,NT
103707785,78040,Silktails,Lamprolia victoriae,Taveuni Silktail,NT
103708706,78110,Fantails,Rhipidura samarensis,Visayan Blue Fantail,LC
103708673,78120,Fantails,Rhipidura superciliaris,Mindanao Blue Fantail,LC
22706793,78130,Fantails,Rhipidura euryura,White-bellied Fantail,LC
103709232,78210,Fantails,Rhipidura cinerea,Seram Fantail,LC
103709333,78250,Fantails,Rhipidura cockerelli,White-winged Fantail,LC
22706796,78340,Fantails,Rhipidura aureola,White-browed Fantail,LC
103709726,78360,Fantails,Rhipidura albicollis,White-throated Fantail,LC
22706910,78420,Fantails,Rhipidura malaitae,Malaita Fantail,NT
103710549,78500,Fantails,Rhipidura melanolaema,White-fronted Fantail,LC
22706842,78530,Fantails,Rhipidura albolimbata,Friendly Fantail,LC
103710723,78570,Fantails,Rhipidura verreauxi,New Caledonia Streaked Fantail,LC
22706865,78620,Fantails,Rhipidura rennelliana,Rennell Fantail,LC
22706878,78630,Fantails,Rhipidura nebulosa,Samoan Fantail,LC
22706845,78650,Fantails,Rhipidura phasiana,Mangrove Fantail,LC
229725407,78790,Drongos,Dicrurus sharpei,Sharpe's Drongo,LC
22706931,78810,Drongos,Dicrurus atripennis,Shining Drongo,LC
103710940,78830,Drongos,Dicrurus modestus,Velvet-mantled Drongo,LC
22706952,78860,Drongos,Dicrurus forficatus,Crested Drongo,LC
22706973,78920,Drongos,Dicrurus aeneus,Bronzed Drongo,LC
22706993,78940,Drongos,Dicrurus balicassius,Balicassiao,LC
22705119,80490,Shrikes,Eurocephalus anguitimens,Southern White-crowned Shrike,LC
22705001,80540,Shrikes,Lanius collurio,Red-backed Shrike,LC
103718714,80550,Shrikes,Lanius phoenicuroides,Red-tailed Shrike,LC
103718693,80560,Shrikes,Lanius isabellinus,Isabelline Shrike,LC
22705017,80580,Shrikes,Lanius gubernator,Emin's Shrike,LC
103718766,80660,Shrikes,Lanius sphenocercus,Chinese Grey Shrike,LC
103718860,80670,Shrikes,Lanius giganteus,Giant Grey Shrike,LC
103718932,80690,Shrikes,Lanius excubitor,Great Grey Shrike,LC
22705099,80800,Shrikes,Lanius nubicus,Masked Shrike,LC
103719063,80890,Crows and jays,Platysmurus aterrimus,Bornean Black Magpie,LC
22705858,80930,Crows and jays,Crypsirina cucullata,Hooded Treepie,LC
22705839,80950,Crows and jays,Dendrocitta formosae,Grey Treepie,LC
22705783,81160,Crows and jays,Perisoreus canadensis,Canada Jay,LC
22732302,81190,Crows and jays,Cyanopica cooki,Iberian Azure-winged Magpie,LC
22705771,81260,Crows and jays,Garrulus lidthi,Amami Jay,LC
103727176,81370,Crows and jays,Pica hudsonia,Black-billed Magpie,LC
103727443,81420,Crows and jays,Nucifraga hemispila,Southern Nutcracker,LC
22705929,81460,Crows and jays,Corvus monedula,Eurasian Jackdaw,LC
22706052,81550,Crows and jays,Corvus hawaiiensis,Hawaiian Crow,EW
22705983,81560,Crows and jays,Corvus frugilegus,Rook,LC
22706049,81680,Crows and jays,Corvus pectoralis,Collared Crow,VU
103727499,81720,Crows and jays,Corvus enca,Slender-billed Crow,LC
22705972,81780,Crows and jays,Corvus fuscicapillus,Brown-headed Crow,LC
22705975,81790,Crows and jays,Corvus tristis,Grey Crow,LC
103727573,81800,Crows and jays,Corvus insularis,Bismarck Crow,LC
22706030,81820,Crows and jays,Corvus bennetti,Little Crow,LC
22706033,81850,Crows and jays,Corvus coronoides,Australian Raven,LC
22705938,81860,Crows and jays,Corvus splendens,House Crow,LC
22705675,81990,Crows and jays,Cyanolyca mirabilis,White-throated Jay,VU
22705678,82020,Crows and jays,Cyanolyca argentigula,Silvery-throated Jay,LC
22705666,82030,Crows and jays,Cyanolyca pulchra,Beautiful Jay,NT
22705642,82110,Crows and jays,Aphelocoma unicolor,Unicolored Jay,LC
22724961,82130,Crows and jays,Aphelocoma ultramarina,Transvolcanic Jay,LC
22705614,82200,Crows and jays,Cyanocitta stelleri,Steller's Jay,LC
22705705,82220,Crows and jays,Cyanocorax cyanomelas,Purplish Jay,LC
22705742,82250,Crows and jays,Cyanocorax morio,Brown Jay,LC
22735669,83670,Australasian robins,Poecilodryas cerviniventris,Buff-sided Robin,LC
22704853,83770,Australasian robins,Eopsaltria griseogularis,Western Yellow Robin,LC
22704843,83790,Australasian robins,Tregellasia leucops,White-faced Robin,LC
22704837,83810,Australasian robins,Melanodryas cucullata,Hooded Robin,LC
22704840,83820,Australasian robins,Melanodryas vittata,Dusky Robin,VU
22714939,83930,Fairy Flycatcher and allies,Stenostira scita,Fairy Flycatcher,LC
22711795,84050,Tits and chickadees,Pardaliparus venustulus,Yellow-bellied Tit,LC
103758992,84210,Tits and chickadees,Sittiparus olivaceus,Iriomote Tit,LC
22711716,84330,Tits and chickadees,Poecile atricapillus,Black-capped Chickadee,LC
22711724,84340,Tits and chickadees,Poecile gambeli,Mountain Chickadee,LC
22711750,84360,Tits and chickadees,Poecile cinctus,Siberian Tit,LC
22711759,84370,Tits and chickadees,Poecile hudsonicus,Boreal Chickadee,LC
103761672,84420,Tits and chickadees,Cyanistes teneriffae,African Blue Tit,LC
22711939,84650,Tits and chickadees,Machlolophus holsti,Yellow Tit,LC
103762287,84680,Tits and chickadees,Melaniparus rufiventris,Rufous-bellied Tit,LC
22711820,84740,Tits and chickadees,Melaniparus guineensis,Pale-eyed Black Tit,LC
22711875,84770,Tits and chickadees,Melaniparus fasciiventer,Stripe-breasted Tit,LC
22711902,84810,Tits and chickadees,Melaniparus afer,Grey Tit,LC
22711646,84940,Penduline-tits,Anthoscopus parvulus,Yellow Penduline-tit,LC
22730526,85090,Larks,Certhilauda semitorquata,Eastern Long-billed Lark,LC
22717236,85200,Larks,Ammomanes cinctura,Bar-tailed Lark,LC
22717254,85220,Larks,Ammomanes deserti,Desert Lark,LC
103772009,86810,Cisticolas and allies,Artisornis sousae,Mozambique Forest-warbler,EN
22713658,86870,Cisticolas and allies,Phragmacia substriata,Namaqua Warbler,LC
22713762,86920,Cisticolas and allies,Apalis ruddi,Rudd's Apalis,LC
103772661,86940,Cisticolas and allies,Apalis flavocincta,Brown-tailed Apalis,LC
22713811,87000,Cisticolas and allies,Apalis melanocephala,Black-headed Apalis,LC
22713792,87110,Cisticolas and allies,Apalis goslingi,Gosling's Apalis,LC
22730924,87280,Cisticolas and allies,Calamonastes stierlingi,Stierling's Wren-warbler,LC
22734573,87430,Cisticolas and allies,Micromacronus sordidus,Mindanao Miniature Babbler,NT
22728544,87480,Cisticolas and allies,Incana incana,Socotra Warbler,LC
22713847,87510,Cisticolas and allies,Eminia lepida,Grey-capped Warbler,LC
22713291,87550,Cisticolas and allies,Cisticola woosnami,Trilling Cisticola,LC
22713329,87650,Cisticolas and allies,Cisticola bodessa,Boran Cisticola,LC
22713370,87700,Cisticolas and allies,Cisticola subruficapilla,Grey-backed Cisticola,LC
103776094,87720,Cisticolas and allies,Cisticola marginatus,Winding Cisticola,LC
103776131,87730,Cisticolas and allies,Cisticola lugubris,Ethiopian Cisticola,LC
216557227,87740,Cisticolas and allies,Cisticola anderseni,White-tailed Cisticola,NT
22713411,87780,Cisticolas and allies,Cisticola pipiens,Chirping Cisticola,LC
22713436,87820,Cisticolas and allies,Cisticola aberdare,Aberdare Cisticola,VU
22713487,87860,Cisticolas and allies,Cisticola nana,Tiny Cisticola,LC
22713519,87970,Cisticolas and allies,Cisticola textrix,Cloud Cisticola,LC
22713540,88020,Cisticolas and allies,Cisticola ayresii,Wing-snapping Cisticola,LC
22713572,88240,Cisticolas and allies,Prinia polychroa,Brown Prinia,LC
103798418,89960,Grasshopper-warblers and grassbirds,Poodytes caudatus,Snares Fernbird,VU
22715535,90070,Grasshopper-warblers and grassbirds,Cincloramphus llaneae,Bougainville Thicketbird,NT
22715549,90100,Grasshopper-warblers and grassbirds,Cincloramphus rubiginosus,Rusty Thicketbird,LC
22715555,90110,Grasshopper-warblers and grassbirds,Cincloramphus rufus,Long-legged Thicketbird,EN
219592883,90220,Grasshopper-warblers and grassbirds,Bradypterus centralis,Highland Rush-warbler,LC
22714485,90270,Grasshopper-warblers and grassbirds,Bradypterus lopezi,Evergreen-forest Warbler,LC
22712985,90390,Tetrakas,Bernieria madagascariensis,Long-billed Tetraka,NT
22716161,90400,Tetrakas,Hartertula flavoviridis,Wedge-tailed Tetraka,NT
22715078,90480,Tetrakas,Randia pseudozosterops,Rand's Warbler,NT
22712515,90550,Swallows and martins,Psalidoprocne albiceps,White-headed Saw-wing,LC
22712562,90570,Swallows and martins,Psalidoprocne obscura,Fanti Saw-wing,LC
103811886,90660,Swallows and martins,Delichon urbicum,Northern House Martin,LC
103811905,90670,Swallows and martins,Delichon lagopodum,Eastern House Martin,LC
22712496,90690,Swallows and martins,Delichon nipalense,Nepal House Martin,LC
22712463,90770,Swallows and martins,Petrochelidon ariel,Fairy Martin,LC
22712441,90810,Swallows and martins,Petrochelidon rufocollaris,Chestnut-collared Swallow,LC
104006526,90910,Swallows and martins,Hirundo javanica,House Swallow,LC
22712272,90980,Swallows and martins,Hirundo angolensis,Angola Swallow,LC
22712194,91190,Swallows and martins,Neophedina cincta,Banded Martin,LC
22712198,91200,Swallows and martins,Phedina borbonica,Mascarene Martin,LC
22736052,91270,Swallows and martins,Riparia diluta,Pale Sand Martin,LC
22712057,91300,Swallows and martins,Tachycineta bicolor,Tree Swallow,LC
22712077,91310,Swallows and martins,Tachycineta thalassina,Violet-green Swallow,LC
22712071,91380,Swallows and martins,Tachycineta meyeni,Chilean Swallow,LC
22712110,91470,Swallows and martins,Progne chalybea,Grey-breasted Martin,LC
22712628,93110,Bulbuls,Ixidia squamata,Scaly-breasted Bulbul,NT
22712613,93150,Bulbuls,Pycnonotus tympanistrigus,Spot-necked Bulbul,LC
22712643,93180,Bulbuls,Pycnonotus sinensis,Light-vented Bulbul,LC
22712690,93200,Bulbuls,Pycnonotus leucogenys,Himalayan Bulbul,LC
22712687,93210,Bulbuls,Pycnonotus leucotis,White-eared Bulbul,LC
103834344,93350,Bulbuls,Pycnonotus flavescens,Flavescent Bulbul,LC
103834499,93360,Bulbuls,Pycnonotus leucops,Pale-faced Bulbul,LC
103834549,93390,Bulbuls,Pycnonotus plumosus,Olive-winged Bulbul,LC
103834609,93400,Bulbuls,Pycnonotus cinereifrons,Ashy-fronted Bulbul,LC
22712743,93440,Bulbuls,Pycnonotus brunneus,Red-eyed Bulbul,LC
22715310,93690,Leaf-warblers,Phylloscopus inornatus,Yellow-browed Warbler,LC
22732898,93720,Leaf-warblers,Phylloscopus forresti,Sichuan Leaf-warbler,LC
22732653,93730,Leaf-warblers,Phylloscopus kansuensis,Gansu Leaf-warbler,LC
22715287,93750,Leaf-warblers,Phylloscopus pulcher,Buff-barred Warbler,LC
22715275,93790,Leaf-warblers,Phylloscopus subaffinis,Buff-throated Warbler,LC
22715284,93910,Leaf-warblers,Phylloscopus schwarzi,Radde's Warbler,LC
22732755,93980,Leaf-warblers,Phylloscopus valentini,Bianchi's Warbler,LC
22731553,94150,Leaf-warblers,Phylloscopus nitidus,Green Warbler,LC
22715324,94220,Leaf-warblers,Phylloscopus tenellipes,Pale-legged Leaf-warbler,LC
22715334,94230,Leaf-warblers,Phylloscopus magnirostris,Large-billed Leaf-warbler,LC
22734278,94280,Leaf-warblers,Phylloscopus reguloides,Blyth's Leaf-warbler,LC
216916973,94320,Leaf-warblers,Phylloscopus nesophilus,Sulawesi Leaf-warbler,LC
22734257,94430,Leaf-warblers,Phylloscopus ogilviegranti,Kloss's Leaf-warbler,LC
22716818,96020,Parrotbills and allies,Suthora przewalskii,Rusty-throated Parrotbill,LC
22716750,96080,White-eyes and Yuhinas,Yuhina nigrimenta,Black-chinned Yuhina,LC
22716232,96240,White-eyes and Yuhinas,Zosterornis latistriatus,Panay Striped Babbler,LC
22714323,96310,White-eyes and Yuhinas,Heleia crassirostris,Thick-billed White-eye,LC
22714311,96360,White-eyes and Yuhinas,Heleia pinaiae,Grey-hooded White-eye,LC
155158152,96480,White-eyes and Yuhinas,Zosterops simplex,Swinhoe's White-eye,LC
155158005,96520,White-eyes and Yuhinas,Zosterops japonicus,Mountain White-eye,LC
155156040,96540,White-eyes and Yuhinas,Zosterops auriventer,Hume's White-eye,LC
22714005,96580,White-eyes and Yuhinas,Zosterops chloronothos,Mauritius Olive White-eye,CR
103888874,96600,White-eyes and Yuhinas,Zosterops borbonicus,Reunion Grey White-eye,LC
22713915,96620,White-eyes and Yuhinas,Zosterops brunneus,Bioko Speirops,NT
103891168,96630,White-eyes and Yuhinas,Zosterops poliogastrus,Ethiopian White-eye,LC
103890794,96700,White-eyes and Yuhinas,Zosterops feae,Sao Tome White-eye,NT
22713910,96710,White-eyes and Yuhinas,Zosterops lugubris,Black-capped Speirops,LC
22713957,96750,White-eyes and Yuhinas,Zosterops silvanus,Taita White-eye,VU
22714018,96810,White-eyes and Yuhinas,Zosterops modestus,Seychelles White-eye,VU
22714151,96980,White-eyes and Yuhinas,Zosterops buruensis,Buru White-eye,LC
103891978,97040,White-eyes and Yuhinas,Zosterops fuscicapilla,Capped White-eye,LC
22714335,97070,White-eyes and Yuhinas,Zosterops superciliosus,Bare-eyed White-eye,LC
22714136,97110,White-eyes and Yuhinas,Zosterops hypoxanthus,Bismarck White-eye,LC
103892720,97200,White-eyes and Yuhinas,Zosterops ponapensis,Pohnpei White-eye,LC
22714205,97220,White-eyes and Yuhinas,Zosterops stresemanni,Malaita White-eye,LC
22714208,97230,White-eyes and Yuhinas,Zosterops sanctaecrucis,Santa Cruz White-eye,LC
22714196,97330,White-eyes and Yuhinas,Zosterops murphyi,Kolombangara White-eye,LC
22714172,97480,White-eyes and Yuhinas,Zosterops rennellianus,Rennell White-eye,LC
103872135,103580,Starlings,Lamprotornis benguelensis,Benguela Long-tailed Starling,LC
103871956,103600,Starlings,Lamprotornis mevesii,Meves's Long-tailed Starling,LC
22710767,103650,Starlings,Lamprotornis superbus,Superb Starling,LC
22710808,103670,Starlings,Lamprotornis bicolor,African Pied Starling,LC
22710668,103720,Starlings,Lamprotornis purpureus,Purple Starling,LC
22710661,103840,Starlings,Notopholia corusca,Black-bellied Starling,LC
103878077,103880,Starlings,Rhabdornis inornatus,Stripe-breasted Rhabdornis,LC
103878755,104050,Starlings,Gracula religiosa,Common Hill Myna,LC
103878817,104070,Starlings,Gracula robusta,Nias Hill Myna,CR
22710949,104090,Starlings,Ampeliceps coronatus,Golden-crested Myna,LC
22710534,104180,Starlings,Aplonis insularis,Rennell Starling,LC
22710559,104190,Starlings,Aplonis magna,Long-tailed Starling,LC
22710540,104220,Starlings,Aplonis dichroa,Makira Starling,LC
22711013,104420,Mockingbirds and thrashers,Dumetella carolinensis,Grey Catbird,LC
22711137,104430,Mockingbirds and thrashers,Ramphocinclus brachyurus,White-breasted Thrasher,EN
22711133,104470,Mockingbirds and thrashers,Cinclocerthia gutturalis,Grey Trembler,LC
22711050,104480,Mockingbirds and thrashers,Mimus thenca,Chilean Mockingbird,LC
22711063,104580,Mockingbirds and thrashers,Mimus trifasciatus,Floreana Mockingbird,EN
22711070,104600,Mockingbirds and thrashers,Mimus macdonaldi,Espanola Mockingbird,VU
22711118,104640,Mockingbirds and thrashers,Toxostoma ocellatum,Ocellated Thrasher,LC
22711105,104670,Mockingbirds and thrashers,Toxostoma guttatum,Cozumel Thrasher,CR
22708550,104740,Thrushes,Sialia sialis,Eastern Bluebird,LC
22710120,104760,Thrushes,Grandala coelicolor,Grandala,LC
22708587,104840,Thrushes,Myadestes townsendi,Townsend's Solitaire,LC
22708564,104860,Thrushes,Myadestes woahensis,Amaui,EX
22708574,104870,Thrushes,Myadestes lanaiensis,Olomao,CR(PE)
22708583,104890,Thrushes,Myadestes palmeri,Puaiohi,CR
22708593,104900,Thrushes,Myadestes elisabeth,Cuban Solitaire,LC
22708599,104940,Thrushes,Myadestes melanops,Black-faced Solitaire,LC
22708602,104950,Thrushes,Myadestes coloratus,Varied Solitaire,NT
103879271,105000,Thrushes,Zoothera griseiceps,Sichuan Forest Thrush,LC
22708529,105030,Thrushes,Zoothera monticola,Long-billed Thrush,LC
22708481,105050,Thrushes,Zoothera andromedae,Sunda Thrush,LC
22708509,105090,Thrushes,Zoothera machiki,Fawn-breasted Thrush,NT
22728359,105100,Thrushes,Zoothera turipavae,Guadalcanal Thrush,NT
22708516,105130,Thrushes,Zoothera heinei,Russet-tailed Thrush,LC
22708535,105160,Thrushes,Zoothera terrestris,Bonin Thrush,EX
103881981,105410,Thrushes,Catharus swainsoni,Swainson's Thrush,LC
22708627,105490,Thrushes,Catharus gracilirostris,Black-billed Nightingale-thrush,LC
22710144,105590,Thrushes,Cochoa purpurea,Purple Cochoa,LC
22710147,105600,Thrushes,Cochoa viridis,Green Cochoa,LC
22710150,105610,Thrushes,Cochoa beccarii,Sumatran Cochoa,LC
22708364,105640,Thrushes,Geokichla wardii,Pied Thrush,LC
22708478,105660,Thrushes,Geokichla spiloptera,Spot-winged Thrush,NT
22708367,105680,Thrushes,Geokichla cinerea,Ashy Thrush,VU
22708370,105720,Thrushes,Geokichla peronii,Orange-banded Thrush,NT
22708361,105730,Thrushes,Geokichla dohertyi,Chestnut-backed Thrush,NT
22733677,105740,Thrushes,Geokichla interpres,Chestnut-capped Thrush,EN
22708420,105800,Thrushes,Geokichla crossleyi,Crossley's Ground-thrush,LC
22708829,105930,Thrushes,Turdus viscivorus,Mistle Thrush,LC
22708822,105940,Thrushes,Turdus philomelos,Song Thrush,LC
22708819,105980,Thrushes,Turdus iliacus,Redwing,LC
22708894,105990,Thrushes,Turdus plebejus,Mountain Thrush,LC
22708908,106020,Thrushes,Turdus fumigatus,Cocoa Thrush,LC
22708676,106040,Thrushes,Turdus flavipes,Yellow-legged Thrush,LC
22708938,106070,Thrushes,Turdus assimilis,White-throated Thrush,LC
22708882,106090,Thrushes,Turdus rufiventris,Rufous-bellied Thrush,LC
22708544,106230,Thrushes,Turdus lherminieri,Forest Thrush,NT
22708961,106310,Thrushes,Turdus rufitorques,Rufous-collared Thrush,LC
103890067,106380,Thrushes,Turdus anthracinus,Sombre Thrush,LC
103890779,106450,Thrushes,Turdus ignobilis,Black-billed Thrush,LC
103891972,106590,Thrushes,Turdus simillimus,Indian Blackbird,LC
22708753,106610,Thrushes,Turdus hortulorum,Grey-backed Thrush,LC
22708759,106620,Thrushes,Turdus dissimilis,Black-breasted Thrush,LC
22708803,106660,Thrushes,Turdus celaenops,Izu Thrush,VU
22708765,106730,Thrushes,Turdus albocinctus,White-collared Blackbird,LC
22708538,106970,Thrushes,Cataponera turdoides,Sulawesi Thrush,LC
22709936,107090,Old World Flycatchers and Chats,Cercotrichas galactotes,Rufous-tailed Scrub-robin,LC
103894121,107140,Old World Flycatchers and Chats,Copsychus pica,Pelzeln's Magpie-robin,LC
103894700,107200,Old World Flycatchers and Chats,Copsychus luzoniensis,White-browed Shama,LC
103894856,107220,Old World Flycatchers and Chats,Copsychus malabaricus,White-rumped Shama,LC
22710006,107240,Old World Flycatchers and Chats,Copsychus niger,White-vented Shama,LC
22710009,107250,Old World Flycatchers and Chats,Copsychus cebuensis,Black Shama,LC
22709261,107370,Old World Flycatchers and Chats,Muscicapa epulata,Little Grey Flycatcher,LC
22709266,107390,Old World Flycatchers and Chats,Muscicapa sethsmithi,Yellow-footed Flycatcher,LC
22709192,107410,Old World Flycatchers and Chats,Muscicapa striata,Spotted Flycatcher,LC
22709230,107470,Old World Flycatchers and Chats,Artomyias fuliginosa,Sooty Flycatcher,LC
22709271,107490,Old World Flycatchers and Chats,Bradornis comitatus,Dusky Blue Flycatcher,LC
22709040,107540,Old World Flycatchers and Chats,Agricola infuscatus,Chat-flycatcher,LC
22709108,107560,Old World Flycatchers and Chats,Fraseria cinerascens,White-browed Forest-flycatcher,LC
22709291,107590,Old World Flycatchers and Chats,Fraseria griseigularis,Grey-throated Tit-flycatcher,LC
22709249,107630,Old World Flycatchers and Chats,Fraseria lendu,Chapin's Flycatcher,VU
22709079,107740,Old World Flycatchers and Chats,Melaenornis edolioides,Northern Black-flycatcher,LC
103757396,107800,Old World Flycatchers and Chats,Niltava oatesi,Large Vivid Niltava,LC
22709464,107830,Old World Flycatchers and Chats,Niltava grandis,Large Niltava,LC
103758039,107860,Old World Flycatchers and Chats,Cyanoptila cyanomelana,Blue-and-white Flycatcher,LC
22709433,107920,Old World Flycatchers and Chats,Eumyias sordidus,Dull-blue Flycatcher,NT
103761568,108120,Old World Flycatchers and Chats,Cyornis herioti,Blue-breasted Blue Flycatcher,NT
103761646,108130,Old World Flycatchers and Chats,Cyornis camarinensis,Rufous-breasted Blue Flycatcher,NT
216915109,108180,Old World Flycatchers and Chats,Cyornis whitei,Hill Blue Flycatcher,LC
216557368,108200,Old World Flycatchers and Chats,Cyornis kadayangensis,Meratus Blue Flycatcher,NT
103761678,108220,Old World Flycatchers and Chats,Cyornis tickelliae,Tickell's Blue Flycatcher,LC
103761859,108230,Old World Flycatchers and Chats,Cyornis sumatrensis,Indochinese Blue Flycatcher,LC
22709558,108240,Old World Flycatchers and Chats,Cyornis caerulatus,Large-billed Blue Flycatcher,VU
103762260,108300,Old World Flycatchers and Chats,Cyornis rufigastra,Mangrove Blue Flycatcher,LC
22709499,108330,Old World Flycatchers and Chats,Cyornis concretus,White-tailed Flycatcher,LC
22709797,108490,Old World Flycatchers and Chats,Dessonornis humeralis,White-throated Robin-chat,LC
22709763,108540,Old World Flycatchers and Chats,Cossyphicula isabellae,Mountain Robin-chat,LC
22709000,108590,Old World Flycatchers and Chats,Chamaetylas fuelleborni,White-chested Alethe,LC
22709659,108800,Old World Flycatchers and Chats,Sheppardia montana,Usambara Akalat,EN
22709637,108850,Old World Flycatchers and Chats,Sheppardia cyornithopsis,Lowland Akalat,LC
22709646,108870,Old World Flycatchers and Chats,Sheppardia sharpei,Sharpe's Akalat,LC
22709809,108880,Old World Flycatchers and Chats,Sheppardia polioptera,Grey-winged Akalat,LC
103866603,109040,Old World Flycatchers and Chats,Brachypteryx cruralis,Himalayan Shortwing,LC
103866607,109050,Old World Flycatchers and Chats,Brachypteryx sinensis,Chinese Shortwing,LC
103866625,109070,Old World Flycatchers and Chats,Brachypteryx poliogyna,Philippine Shortwing,LC
103866688,109110,Old World Flycatchers and Chats,Brachypteryx floris,Flores Shortwing,LC
22709711,109140,Old World Flycatchers and Chats,Larvivora ruficeps,Rufous-headed Robin,EN
103767625,109190,Old World Flycatchers and Chats,Larvivora tanensis,Izu Robin,VU
103767667,109200,Old World Flycatchers and Chats,Larvivora komadori,Ryukyu Robin,NT
103767739,109210,Old World Flycatchers and Chats,Larvivora namiyei,Okinawa Robin,LC
22710114,109370,Old World Flycatchers and Chats,Myiomela diana,Sunda Blue Robin,LC
22736114,109430,Old World Flycatchers and Chats,Tarsiger rufilatus,Himalayan Bush-robin,LC
22710135,109490,Old World Flycatchers and Chats,Enicurus schistaceus,Slaty-backed Forktail,LC
22710132,109520,Old World Flycatchers and Chats,Enicurus immaculatus,Black-backed Forktail,LC
22708329,109650,Old World Flycatchers and Chats,Myophonus caeruleus,Blue Whistling-thrush,LC
103769540,109740,Old World Flycatchers and Chats,Ficedula hyperythra,Snowy-browed Flycatcher,LC
22717447,111350,Sugarbirds,Promerops cafer,Cape Sugarbird,LC
22715779,111380,Spot-throat and allies,Modulatrix stictigula,Spot-throat,LC
22704944,111480,Leafbirds,Chloropsis flavipennis,Philippine Leafbird,VU
103775437,111530,Leafbirds,Chloropsis lazulina,Greyish-crowned Leafbird,LC
103775551,111560,Leafbirds,Chloropsis cochinchinensis,Javan Leafbird,EN
105991992,111720,Flowerpeckers,Dicaeum agile,Thick-billed Flowerpecker,LC
22717481,111740,Flowerpeckers,Dicaeum proprium,Whiskered Flowerpecker,LC
22731117,111800,Flowerpeckers,Dicaeum australe,Red-keeled Flowerpecker,LC
22717510,111810,Flowerpeckers,Dicaeum haematostictum,Black-belted Flowerpecker,LC
22717525,111860,Flowerpeckers,Dicaeum erythrorhynchos,Pale-billed Flowerpecker,LC
22717540,111930,Flowerpeckers,Dicaeum vulneratum,Ashy Flowerpecker,LC
22717543,111940,Flowerpeckers,Dicaeum pectorale,Olive-crowned Flowerpecker,LC
103776714,111980,Flowerpeckers,Dicaeum hanieli,Timor Flowerpecker,LC
22717584,111990,Flowerpeckers,Dicaeum cruentatum,Scarlet-backed Flowerpecker,LC
22717562,112010,Flowerpeckers,Dicaeum igniferum,Black-fronted Flowerpecker,LC
22718131,112320,Sunbirds,Arachnothera juliae,Whitehead's Spiderhunter,LC
103792599,112450,Sunbirds,Deleornis axillaris,Grey-headed Sunbird,LC
22717602,112470,Sunbirds,Anthreptes reichenowi,Plain-backed Sunbird,LC
22717611,112490,Sunbirds,Anthreptes simplex,Plain Sunbird,LC
22717649,112570,Sunbirds,Anthreptes aurantius,Violet-tailed Sunbird,LC
103792796,112600,Sunbirds,Anthreptes tephrolaemus,Grey-chinned Sunbird,LC
22717672,112670,Sunbirds,Hedydipna platura,Pygmy Sunbird,LC
22717676,112680,Sunbirds,Hedydipna metallica,Nile Valley Sunbird,LC
22717653,112690,Sunbirds,Hedydipna pallidigaster,Amani Sunbird,EN
22717719,112730,Sunbirds,Dreptes thomensis,Giant Sunbird,VU
103817982,117200,Waxbills,Taeniopygia guttata,Timor Zebra Finch,LC
22719699,117250,Waxbills,Erythrura prasina,Pin-tailed Parrotfinch,LC
22719716,117280,Waxbills,Erythrura coloria,Red-eared Parrotfinch,LC
22719712,117290,Waxbills,Erythrura trichroa,Blue-faced Parrotfinch,LC
22720012,117390,Whydahs and Indigobirds,Vidua paradisaea,Long-tailed Paradise-whydah,LC
22719977,117450,Whydahs and Indigobirds,Vidua fischeri,Straw-tailed Whydah,LC
22719998,117460,Whydahs and Indigobirds,Vidua togoensis,Togo Paradise-whydah,LC
22719944,117480,Whydahs and Indigobirds,Vidua larvaticola,Barka Indigobird,LC
22732834,117500,Whydahs and Indigobirds,Vidua camerunensis,Cameroon Indigobird,LC
103818789,117630,Old World Sparrows,Passer domesticus,House Sparrow,LC
22718179,117650,Old World Sparrows,Passer hispaniolensis,Spanish Sparrow,LC
22718183,117660,Old World Sparrows,Passer pyrrhonotus,Sind Sparrow,LC
22718194,117690,Old World Sparrows,Passer flaveolus,Plain-backed Sparrow,LC
22718197,117700,Old World Sparrows,Passer moabiticus,Dead Sea Sparrow,LC
22736027,117850,Old World Sparrows,Passer zarudnyi,Zarudny's Sparrow,LC
22718270,117860,Old World Sparrows,Passer montanus,Eurasian Tree Sparrow,LC
22718281,117880,Old World Sparrows,Passer euchlorus,Arabian Golden Sparrow,LC
22718286,117890,Old World Sparrows,Passer eminibey,Chestnut Sparrow,LC
22718326,118050,Old World Sparrows,Montifringilla adamsi,Black-winged Snowfinch,LC
22718345,118130,Pipits and Wagtails,Dendronanthus indicus,Forest Wagtail,LC
22718542,118140,Pipits and Wagtails,Anthus sokokensis,Sokoke Pipit,EN
22718532,118150,Pipits and Wagtails,Anthus brachyurus,Short-tailed Pipit,LC
22718571,118240,Pipits and Wagtails,Anthus spinoletta,Water Pipit,LC
22718600,118330,Pipits and Wagtails,Anthus bogotensis,Paramo Pipit,LC
22718579,118370,Pipits and Wagtails,Anthus sylvanus,Upland Pipit,LC
103821565,118500,Pipits and Wagtails,Anthus cinnamomeus,African Pipit,LC
103821527,118520,Pipits and Wagtails,Anthus similis,Long-billed Pipit,LC
22718405,118730,Pipits and Wagtails,Macronyx croceus,Yellow-throated Longclaw,LC
103822471,118870,Pipits and Wagtails,Motacilla tschutschensis,Eastern Yellow Wagtail,LC
22718363,118880,Pipits and Wagtails,Motacilla maderaspatensis,White-browed Wagtail,LC
22718348,118910,Pipits and Wagtails,Motacilla alba,White Wagtail,LC
22722784,119220,Finches,Chlorophonia pyrrhophrys,Chestnut-breasted Chlorophonia,LC
22722703,119280,Finches,Euphonia luteicapilla,Yellow-crowned Euphonia,LC
22722734,119380,Finches,Euphonia elegantissima,Elegant Euphonia,LC
22722753,119460,Finches,Euphonia chrysopasta,White-lored Euphonia,LC
22722763,119490,Finches,Euphonia anneae,Tawny-capped Euphonia,LC
22722775,119520,Finches,Euphonia pectoralis,Chestnut-bellied Euphonia,LC
22722772,119530,Finches,Euphonia cayennensis,Golden-sided Euphonia,LC
22720696,119570,Finches,Mycerobas melanozanthos,Spot-winged Grosbeak,LC
22720687,119630,Finches,Eophona personata,Japanese Grosbeak,LC
22720863,119640,Finches,Melamprosops phaeosoma,Poo-uli,EX
22720823,119660,Finches,Paroreomyza flammea,Kakawahie,EX
22720749,119710,Finches,Rhodacanthis palmeri,Greater Koa-finch,EX
22720814,119940,Finches,Manucerthia mana,Hawaii Creeper,EN
103824105,119960,Finches,Loxops wolstenholmei,Oahu Akepa,EX
22720852,120030,Finches,Drepanis funerea,Black Mamo,EX
22720359,121680,Finches,Spinus pinus,Pine Siskin,LC
22720404,121840,Finches,Spinus uropygialis,Yellow-rumped Siskin,LC
22722313,121920,Thrush-tanager,Rhodinocichla rosea,Rosy Thrush-tanager,LC
22720993,121970,Old World Buntings,Emberiza bruniceps,Red-headed Bunting,LC
22720902,122030,Old World Buntings,Emberiza cioides,Meadow Bunting,LC
22720899,122040,Old World Buntings,Emberiza godlewskii,Godlewski's Bunting,LC
22720888,122090,Old World Buntings,Emberiza cirlus,Cirl Bunting,LC
22720986,122130,Old World Buntings,Emberiza cabanisi,Cabanis's Bunting,LC
22720972,122140,Old World Buntings,Emberiza flaviventris,Golden-breasted Bunting,LC
22735007,122200,Old World Buntings,Emberiza striolata,Striolated Bunting,LC
103768039,122310,Old World Buntings,Emberiza spodocephala,Black-faced Bunting,LC
22720969,122340,Old World Buntings,Emberiza rutila,Chestnut Bunting,LC
22721185,122430,New World sparrows,Spizella atrogularis,Black-chinned Sparrow,LC
22721182,122460,New World sparrows,Spizella wortheni,Worthen's Sparrow,EN
22721280,122580,New World sparrows,Peucaea carpalis,Rufous-winged Sparrow,LC
22721216,122600,New World sparrows,Peucaea humeralis,Black-chested Sparrow,LC
22721208,122610,New World sparrows,Peucaea mystacalis,Bridled Sparrow,LC
22721264,122620,New World sparrows,Peucaea botterii,Botteri's Sparrow,LC
22721256,122640,New World sparrows,Peucaea aestivalis,Bachman's Sparrow,NT
22721395,122670,New World sparrows,Arremonops tocuyensis,Tocuyo Sparrow,LC
103768776,122820,New World sparrows,Chlorospingus flavigularis,Yellow-throated Chlorospingus,LC
22721519,122870,New World sparrows,Arremon brunneinucha,Chestnut-capped Brushfinch,LC
22724923,122890,New World sparrows,Arremon costaricensis,Costa Rican Brushfinch,LC
22724887,122940,New World sparrows,Arremon atricapillus,Black-headed Brushfinch,LC
155185342,122980,New World sparrows,Arremon flavirostris,Saffron-billed Sparrow,LC
103771491,123000,New World sparrows,Arremon taciturnus,Pectoral Sparrow,LC
22728418,123020,New World sparrows,Arremon franciscanus,Sao Francisco Sparrow,NT
22721367,123050,New World sparrows,Arremon aurantiirostris,Orange-billed Sparrow,LC
22724160,124730,New World blackbirds,Icterus parisorum,Scott's Oriole,LC
22729123,124820,New World blackbirds,Icterus bullockiorum,Bullock's Oriole,LC
22724096,124840,New World blackbirds,Icterus mesomelas,Yellow-tailed Oriole,LC
22724157,124900,New World blackbirds,Icterus maculialatus,Bar-winged Oriole,LC
22724131,124920,New World blackbirds,Icterus cucullatus,Hooded Oriole,LC
22731543,124930,New World blackbirds,Icterus prosthemelas,Black-cowled Oriole,LC
103793298,124940,New World blackbirds,Icterus spurius,Orchard Oriole,LC
22736385,124990,New World blackbirds,Icterus portoricensis,Puerto Rican Oriole,LC
22736363,125010,New World blackbirds,Icterus dominicensis,Hispaniolan Oriole,LC
22724153,125020,New World blackbirds,Icterus laudabilis,Saint Lucia Oriole,EN
22731801,125060,New World blackbirds,Icterus pyrrhopterus,Variable Oriole,LC
22724206,125140,New World blackbirds,Agelaius humeralis,Tawny-shouldered Blackbird,LC
22724196,125160,New World blackbirds,Agelaius tricolor,Tricolored Blackbird,EN
22729118,125180,New World blackbirds,Agelaius assimilis,Red-shouldered Blackbird,LC
22724358,125210,New World blackbirds,Molothrus oryzivorus,Giant Cowbird,LC
22724354,125230,New World blackbirds,Molothrus ater,Brown-headed Cowbird,LC
22732035,125240,New World blackbirds,Molothrus aeneus,Bronzed Cowbird,LC
22724722,125250,New World blackbirds,Molothrus armenti,Bronze-brown Cowbird,NT
22724302,125270,New World blackbirds,Dives dives,Melodious Blackbird,LC
22724305,125280,New World blackbirds,Dives warczewiczi,Scrub Blackbird,LC
22724323,125350,New World blackbirds,Quiscalus niger,Greater Antillean Grackle,LC
22724314,125380,New World blackbirds,Quiscalus palustris,Slender-billed Grackle,EX
22724166,125410,New World blackbirds,Gymnomystax mexicanus,Oriole Blackbird,LC
22724271,125450,New World blackbirds,Curaeus curaeus,Austral Blackbird,LC
22724274,125460,New World blackbirds,Anumara forbesi,Forbes's Blackbird,VU
22724280,125510,New World blackbirds,Oreopsar bolivianus,Bolivian Blackbird,LC
22724172,125540,New World blackbirds,Agelasticus xanthophthalmus,Pale-eyed Blackbird,LC
22721768,125650,New World warblers,Helmitheros vermivorum,Worm-eating Warbler,LC
22721793,125670,New World warblers,Parkesia noveboracensis,Northern Waterthrush,LC
22721651,125750,New World warblers,Oreothlypis gutturalis,Flame-throated Warbler,LC
22721627,125800,New World warblers,Leiothlypis ruficapilla,Nashville Warbler,LC
22721860,125840,New World warblers,Geothlypis poliocephala,Grey-crowned Yellowthroat,LC
22721824,125890,New World warblers,Geothlypis philadelphia,Mourning Warbler,LC
103797492,125910,New World warblers,Geothlypis bairdi,Baird's Yellowthroat,LC
22721851,125930,New World warblers,Geothlypis speciosa,Black-polled Yellowthroat,VU
22721839,125940,New World warblers,Geothlypis beldingi,Belding's Yellowthroat,VU
22721845,125950,New World warblers,Geothlypis rostrata,Bahama Yellowthroat,LC
22721842,125960,New World warblers,Geothlypis flavovelata,Altamira Yellowthroat,NT
22721755,126010,New World warblers,Catharopeza bishopi,Whistling Warbler,EN
22721670,126080,New World warblers,Setophaga tigrina,Cape May Warbler,LC
22721695,126150,New World warblers,Setophaga fusca,Blackburnian Warbler,LC
103811599,127700,Cardinals,Piranga flava,Red Tanager,LC
22723843,127780,Cardinals,Caryothraustes erythromelas,Red-and-black Grosbeak,LC
103842025,127860,Tanagers,Pipraeidea darwinii,Green-mantled Tanager,LC
103841965,127870,Tanagers,Pipraeidea bonariensis,Blue-and-yellow Tanager,LC
22722686,127900,Tanagers,Dubusia castaneoventris,Chestnut-bellied Mountain-tanager,LC
22722606,127990,Tanagers,Cnemathraupis eximia,Black-chested Mountain-tanager,LC
103845565,128010,Tanagers,Anisognathus somptuosus,Blue-winged Mountain-tanager,LC
22723137,128230,Tanagers,Lophospingus pusillus,Black-crested Finch,LC
22723174,128250,Tanagers,Diuca diuca,Diuca Finch,LC
22722656,128270,Tanagers,Stephanophorus diadematus,Diademed Tanager,LC
22722120,128300,Tanagers,Schistochlamys ruficapillus,Cinnamon Tanager,LC
22721597,128340,Tanagers,Paroaria baeri,Crimson-fronted Cardinal,LC
22722872,128380,Tanagers,Tangara varia,Dotted Tanager,LC
22722863,128420,Tanagers,Tangara xanthogastra,Yellow-bellied Tanager,LC
103846006,128430,Tanagers,Tangara ruficervix,Golden-naped Tanager,LC
22722534,128480,Tanagers,Tangara sayaca,Sayaca Tanager,LC
22722936,128590,Tanagers,Tangara heinei,Black-capped Tanager,LC
22722918,128600,Tanagers,Tangara larvata,Golden-hooded Tanager,LC
103848974,128690,Tanagers,Tangara versicolor,Saint Vincent Tanager,LC
103849103,128720,Tanagers,Tangara atrocoerulea,Spot-bellied Tanager,LC
22722930,128730,Tanagers,Tangara nigroviridis,Beryl-spangled Tanager,LC
22722903,128770,Tanagers,Tangara rufigenis,Rufous-cheeked Tanager,LC
22722857,128810,Tanagers,Tangara chrysotis,Golden-eared Tanager,LC
22722842,128860,Tanagers,Tangara schrankii,Green-and-gold Tanager,LC
103849276,128870,Tanagers,Tangara arthus,Chestnut-breasted Tanager,LC
22722845,128890,Tanagers,Tangara florida,Emerald Tanager,LC
22722851,128900,Tanagers,Tangara icterocephala,Silver-throated Tanager,LC
22722836,128950,Tanagers,Tangara cyanoventris,Gilt-edged Tanager,LC
22731776,130610,Tanagers,Sporophila morelleti,White-collared Seedeater,LC
22723567,130670,Tanagers,Sporophila fringilloides,White-naped Seedeater,LC
105963139,130700,Tanagers,Sporophila nigricollis,Yellow-bellied Seedeater,LC
22729107,130720,Tanagers,Sporophila funerea,Thick-billed Seed-finch,LC
22723537,130750,Tanagers,Sporophila maximiliani,Great-billed Seed-finch,EN
22723454,130840,Tanagers,Sporophila albogularis,White-throated Seedeater,LC
22723492,130890,Tanagers,Sporophila castaneiventris,Chestnut-bellied Seedeater,LC
22723484,130940,Tanagers,Sporophila ruficollis,Dark-throated Seedeater,NT
22724947,130960,Tanagers,Sporophila pileata,Pearly-bellied Seedeater,LC
22723499,130980,Tanagers,Sporophila cinnamomea,Chestnut Seedeater,VU
22723487,130990,Tanagers,Sporophila palustris,Marsh Seedeater,EN
22723264,131240,Tanagers,Poospiza rubecula,Rufous-breasted Warbling-finch,NT
22722219,131350,Tanagers,Kleinothraupis parodii,Parodi's Hemispingus,NT
22722230,131370,Tanagers,Sphenopsis frontalis,Oleaginous Hemispingus,LC
103823396,131380,Tanagers,Sphenopsis ochracea,Western Hemispingus,LC
22722269,131460,Tanagers,Thlypopsis ruficeps,Rust-and-yellow Tanager,LC
22723224,131600,Tanagers,Microspingus alticola,Plain-tailed Warbling-finch,NT
103827182,131620,Tanagers,Microspingus pectoralis,Black-breasted Warbling-finch,LC
22722248,131630,Tanagers,Microspingus trifasciatus,Three-striped Hemispingus,LC
22723296,131640,Tanagers,Microspingus melanoleucus,Black-capped Warbling-finch,LC
22722089,131680,Tanagers,Conirostrum bicolor,Bicolored Conebill,NT
22722102,131740,Tanagers,Conirostrum ferrugineiventre,White-browed Conebill,LC
22722096,131770,Tanagers,Conirostrum cinereum,Cinereous Conebill,LC
22723367,131810,Tanagers,Sicalis taczanowskii,Sulphur-throated Finch,LC
22723321,131860,Tanagers,Sicalis luteocephala,Citron-headed Yellow-finch,LC
22735949,132020,Tanagers,Nesospiza wilkinsi,Wilkins's Finch,CR
216557638,130290,Tanagers,Heliothraupis oneilli,Inti Tanager,LC
22722494,130460,Tanagers,Ramphocelus sanguinolentus,Crimson-collared Tanager,LC
22722497,130470,Tanagers,Ramphocelus nigrogularis,Masked Crimson Tanager,LC
22722503,130490,Tanagers,Ramphocelus melanogaster,Huallaga Tanager,LC
103840020,132130,Tanagers,Xenodacnis petersi,Streaked Dacnis,LC
103839796,132140,Tanagers,Xenodacnis parina,Tit-like Dacnis,LC
22723573,132210,Tanagers,Catamenia inornata,Plain-colored Seedeater,LC
22723708,132260,Tanagers,Diglossa caerulescens,Bluish Flowerpiercer,LC
22723644,132290,Tanagers,Diglossa sittoides,Rusty Flowerpiercer,LC
22723656,132330,Tanagers,Diglossa gloriosissima,Chestnut-bellied Flowerpiercer,NT
22723677,132400,Tanagers,Diglossa brunneiventris,Black-throated Flowerpiercer,LC
22723673,132420,Tanagers,Diglossa humeralis,Black Flowerpiercer,LC